0.008832,0.000696,0.779582,-0.008241,0.036538,0.018276,0.999131,-0.191897,0.000549,0.040484,0.262125,-0.144681,-0.019592,-0.168660,-0.070524,-0.089415,0.249529,-0.146146,0.034898,-0.002182,0.000000,0.000000,0.378120,0.226620,-0.233306,0.699935,0.123098,0.000083,-0.000051,0.289219,-0.197260,0.174568,0.786068,-0.204999,0.000080,0.000056
0.008840,0.000693,0.779582,-0.006533,0.039003,0.022072,0.998974,-0.196255,-0.004172,0.038410,0.259488,-0.142068,-0.021295,-0.170193,-0.080815,-0.104651,0.243840,-0.142586,0.040254,-0.009849,0.000000,0.000000,0.378169,0.226675,-0.233096,0.700266,0.123131,0.000083,-0.000051,0.289517,-0.197479,0.174460,0.786400,-0.205110,0.000080,0.000056
0.008863,0.000686,0.779580,-0.005337,0.040521,0.024789,0.998857,-0.199223,-0.008557,0.034218,0.259341,-0.141676,-0.021143,-0.172290,-0.085534,-0.110035,0.243048,-0.141929,0.041115,-0.015540,0.000000,0.000000,0.378215,0.226653,-0.232861,0.700662,0.123178,0.000083,-0.000051,0.289782,-0.197702,0.174448,0.786709,-0.205364,0.000080,0.000056
0.008888,0.000679,0.779579,-0.004503,0.041567,0.026697,0.998769,-0.201342,-0.011726,0.031054,0.259488,-0.141651,-0.020896,-0.173934,-0.088651,-0.113360,0.242963,-0.141845,0.041412,-0.019559,0.000000,0.000000,0.378246,0.226597,-0.232550,0.701075,0.123283,0.000083,-0.000051,0.290008,-0.197887,0.174433,0.786982,-0.205654,0.000080,0.000056
0.008908,0.000671,0.779579,-0.003923,0.042293,0.028011,0.998705,-0.202823,-0.013932,0.028856,0.259634,-0.141669,-0.020712,-0.175105,-0.090796,-0.115610,0.242976,-0.141851,0.041592,-0.022395,0.000000,0.000000,0.378282,0.226486,-0.232143,0.701477,0.123415,0.000083,-0.000051,0.290185,-0.197984,0.174368,0.787210,-0.205875,0.000080,0.000056
0.008921,0.000664,0.779579,-0.003517,0.042799,0.028908,0.998659,-0.203857,-0.015457,0.027357,0.259746,-0.141669,-0.020598,-0.175931,-0.092278,-0.117139,0.242997,-0.141840,0.041712,-0.024409,0.000000,0.000000,0.378320,0.226282,-0.231678,0.701856,0.123524,0.000083,-0.000051,0.290305,-0.197986,0.174206,0.787363,-0.206002,0.000080,0.000056
0.008927,0.000659,0.779579,-0.003247,0.043140,0.029498,0.998628,-0.204558,-0.016468,0.026374,0.259819,-0.141652,-0.020532,-0.176493,-0.093262,-0.118146,0.243008,-0.141827,0.041774,-0.025787,0.000000,0.000000,0.378344,0.225996,-0.231181,0.702202,0.123671,0.000083,-0.000051,0.290377,-0.197891,0.173973,0.787432,-0.206057,0.000080,0.000056
0.008926,0.000655,0.779579,-0.003055,0.043383,0.029918,0.998606,-0.205061,-0.017185,0.025687,0.259862,-0.141629,-0.020480,-0.176897,-0.093959,-0.118861,0.243010,-0.141812,0.041814,-0.026784,0.000000,0.000000,0.378335,0.225663,-0.230700,0.702524,0.123868,0.000083,-0.000051,0.290430,-0.197746,0.173704,0.787446,-0.206063,0.000080,0.000056
0.008926,0.000649,0.779580,-0.002911,0.043544,0.030197,0.998591,-0.205397,-0.017690,0.025237,0.259896,-0.141589,-0.020455,-0.177170,-0.094452,-0.119332,0.243016,-0.141799,0.041821,-0.027527,0.000000,0.000000,0.378316,0.225265,-0.230226,0.702874,0.124088,0.000083,-0.000051,0.290447,-0.197544,0.173488,0.787419,-0.206065,0.000080,0.000056
0.008924,0.000642,0.779581,-0.002799,0.043649,0.030381,0.998581,-0.205619,-0.018052,0.024947,0.259919,-0.141539,-0.020453,-0.177352,-0.094807,-0.119643,0.243021,-0.141797,0.041801,-0.028093,0.000000,0.000000,0.378297,0.224774,-0.229696,0.703254,0.124293,0.000083,-0.000051,0.290431,-0.197380,0.173391,0.787394,-0.206154,0.000080,0.000056
0.008916,0.000633,0.779582,-0.002712,0.043716,0.030505,0.998574,-0.205768,-0.018311,0.024763,0.259931,-0.141494,-0.020442,-0.177477,-0.095062,-0.119842,0.243024,-0.141793,0.041797,-0.028534,0.000000,0.000000,0.378294,0.224141,-0.229026,0.703660,0.124428,0.000083,-0.000051,0.290403,-0.197167,0.173339,0.787389,-0.206169,0.000080,0.000056
0.008903,0.000624,0.779582,-0.002650,0.043763,0.030597,0.998570,-0.205877,-0.018494,0.024629,0.259932,-0.141457,-0.020437,-0.177571,-0.095240,-0.119987,0.243022,-0.141786,0.041768,-0.028856,0.000000,0.000000,0.378251,0.223372,-0.228354,0.704008,0.124597,0.000083,-0.000050,0.290320,-0.196777,0.173519,0.787396,-0.206055,0.000080,0.000056
0.008877,0.000610,0.779583,-0.002597,0.043801,0.030657,0.998566,-0.205981,-0.018627,0.024545,0.259918,-0.141403,-0.020447,-0.177676,-0.095371,-0.120082,0.243016,-0.141758,0.041732,-0.029101,0.000000,0.000000,0.378151,0.222467,-0.227848,0.704304,0.124724,0.000083,-0.000050,0.290130,-0.196244,0.173980,0.787391,-0.206027,0.000080,0.000056
0.008829,0.000591,0.779586,-0.002557,0.043841,0.030708,0.998563,-0.206108,-0.018723,0.024474,0.259886,-0.141310,-0.020457,-0.177820,-0.095463,-0.120159,0.242999,-0.141680,0.041680,-0.029259,0.000000,0.000000,0.377954,0.221481,-0.227555,0.704515,0.124822,0.000083,-0.000050,0.289834,-0.195714,0.174534,0.787430,-0.206214,0.000080,0.000057
0.008752,0.000569,0.779589,-0.002527,0.043881,0.030747,0.998560,-0.206270,-0.018786,0.024424,0.259825,-0.141150,-0.020474,-0.178006,-0.095523,-0.120219,0.242971,-0.141555,0.041629,-0.029342,0.000000,0.000000,0.377670,0.220508,-0.227459,0.704635,0.124954,0.000083,-0.000050,0.289446,-0.195232,0.175084,0.787457,-0.206583,0.000080,0.000057
0.008649,0.000547,0.779594,-0.002510,0.043922,0.030789,0.998557,-0.206468,-0.018821,0.024370,0.259737,-0.140945,-0.020496,-0.178229,-0.095557,-0.120284,0.242951,-0.141392,0.041554,-0.029375,0.000000,0.000000,0.377296,0.219601,-0.227496,0.704700,0.125179,0.000083,-0.000050,0.289026,-0.194717,0.175529,0.787471,-0.206937,0.000080,0.000057
0.008529,0.000524,0.779599,-0.002500,0.043955,0.030857,0.998554,-0.206675,-0.018859,0.024269,0.259624,-0.140705,-0.020506,-0.178445,-0.095591,-0.120400,0.242917,-0.141209,0.041500,-0.029352,0.000000,0.000000,0.376850,0.218738,-0.227619,0.704680,0.125363,0.000083,-0.000050,0.288616,-0.194187,0.175800,0.787475,-0.207201,0.000080,0.000056
0.008384,0.000495,0.779605,-0.002506,0.044001,0.030948,0.998549,-0.206935,-0.018874,0.024114,0.259462,-0.140394,-0.020534,-0.178706,-0.095604,-0.120576,0.242872,-0.140995,0.041450,-0.029297,0.000000,0.000000,0.376349,0.217977,-0.227650,0.704556,0.125576,0.000083,-0.000050,0.288182,-0.193647,0.176024,0.787447,-0.207458,0.000080,0.000057
0.008243,0.000466,0.779611,-0.002516,0.044009,0.031029,0.998546,-0.207107,-0.018875,0.023976,0.259283,-0.140082,-0.020545,-0.178881,-0.095604,-0.120749,0.242805,-0.140770,0.041404,-0.029228,0.000000,0.000000,0.375932,0.217279,-0.227721,0.704403,0.125796,0.000083,-0.000051,0.287866,-0.193150,0.176210,0.787448,-0.207724,0.000080,0.000057
0.008093,0.000434,0.779619,-0.002532,0.044010,0.031117,0.998543,-0.207266,-0.018862,0.023821,0.259080,-0.139754,-0.020555,-0.179043,-0.095591,-0.120940,0.242723,-0.140528,0.041340,-0.029144,0.000000,0.000000,0.375551,0.216714,-0.227854,0.704148,0.126099,0.000083,-0.000051,0.287630,-0.192683,0.176381,0.787451,-0.208009,0.000080,0.000057
0.007936,0.000401,0.779626,-0.002554,0.043999,0.031200,0.998541,-0.207406,-0.018833,0.023663,0.258853,-0.139397,-0.020569,-0.179193,-0.095558,-0.121130,0.242636,-0.140272,0.041258,-0.029058,0.000000,0.000000,0.375225,0.216238,-0.227993,0.703766,0.126397,0.000083,-0.000051,0.287469,-0.192238,0.176576,0.787435,-0.208280,0.000080,0.000057
0.007784,0.000368,0.779633,-0.002590,0.043965,0.031285,0.998540,-0.207494,-0.018774,0.023499,0.258632,-0.139052,-0.020572,-0.179284,-0.095496,-0.121327,0.242548,-0.140036,0.041186,-0.028972,0.000000,0.000000,0.375004,0.215905,-0.228070,0.703292,0.126694,0.000083,-0.000051,0.287392,-0.191849,0.176845,0.787474,-0.208627,0.000080,0.000057
0.007637,0.000335,0.779640,-0.002619,0.043912,0.031373,0.998539,-0.207541,-0.018731,0.023336,0.258418,-0.138716,-0.020579,-0.179338,-0.095453,-0.121528,0.242463,-0.139793,0.041120,-0.028864,0.000000,0.000000,0.374896,0.215623,-0.228113,0.702830,0.126921,0.000083,-0.000051,0.287400,-0.191476,0.177094,0.787598,-0.208923,0.000080,0.000057
0.007498,0.000305,0.779647,-0.002639,0.043840,0.031434,0.998540,-0.207538,-0.018688,0.023224,0.258222,-0.138412,-0.020605,-0.179348,-0.095414,-0.121680,0.242383,-0.139568,0.041059,-0.028768,0.000000,0.000000,0.374952,0.215422,-0.228113,0.702464,0.127110,0.000082,-0.000051,0.287472,-0.191122,0.177376,0.787888,-0.209191,0.000080,0.000057
0.007383,0.000283,0.779652,-0.002641,0.043734,0.031478,0.998544,-0.207440,-0.018677,0.023151,0.258066,-0.138174,-0.020623,-0.179263,-0.095402,-0.121781,0.242310,-0.139375,0.041003,-0.028672,0.000000,0.000000,0.375246,0.215225,-0.228094,0.702312,0.127210,0.000082,-0.000051,0.287662,-0.190817,0.177661,0.788341,-0.209431,0.000080,0.000057
0.007284,0.000268,0.779656,-0.002638,0.043619,0.031501,0.998548,-0.207307,-0.018672,0.023117,0.257938,-0.137980,-0.020648,-0.179147,-0.095399,-0.121841,0.242236,-0.139211,0.040971,-0.028575,0.000000,0.000000,0.375751,0.215024,-0.227998,0.702354,0.127243,0.000082,-0.000051,0.287893,-0.190560,0.177920,0.788839,-0.209605,0.000080,0.000057
0.007169,0.000255,0.779661,-0.002636,0.043549,0.031514,0.998551,-0.207274,-0.018664,0.023109,0.257788,-0.137766,-0.020640,-0.179147,-0.095393,-0.121881,0.242164,-0.139026,0.040925,-0.028477,0.000000,0.000000,0.376381,0.214781,-0.227848,0.702557,0.127132,0.000082,-0.000051,0.287991,-0.190364,0.178136,0.789282,-0.209741,0.000080,0.000057
0.007067,0.000248,0.779664,-0.002636,0.043467,0.031524,0.998554,-0.207208,-0.018659,0.023101,0.257665,-0.137583,-0.020634,-0.179106,-0.095386,-0.121901,0.242102,-0.138853,0.040883,-0.028380,0.000000,0.000000,0.377155,0.214567,-0.227647,0.702876,0.127055,0.000082,-0.000051,0.288099,-0.190263,0.178334,0.789678,-0.209876,0.000080,0.000057
0.006969,0.000245,0.779666,-0.002635,0.043390,0.031522,0.998557,-0.207152,-0.018652,0.023116,0.257562,-0.137419,-0.020628,-0.179073,-0.095379,-0.121897,0.242042,-0.138690,0.040859,-0.028294,0.000000,0.000000,0.378013,0.214429,-0.227475,0.703286,0.127056,0.000082,-0.000051,0.288169,-0.190221,0.178514,0.790024,-0.209957,0.000080,0.000057
0.006862,0.000247,0.779669,-0.002638,0.043337,0.031512,0.998560,-0.207158,-0.018642,0.023141,0.257460,-0.137243,-0.020604,-0.179106,-0.095369,-0.121875,0.241987,-0.138514,0.040863,-0.028225,0.000000,0.000000,0.378934,0.214391,-0.227448,0.703777,0.127157,0.000082,-0.000051,0.288169,-0.190219,0.178611,0.790283,-0.209986,0.000080,0.000057
0.006749,0.000253,0.779672,-0.002642,0.043308,0.031497,0.998562,-0.207223,-0.018636,0.023188,0.257357,-0.137058,-0.020589,-0.179196,-0.095367,-0.121849,0.241929,-0.138325,0.040843,-0.028182,0.000000,0.000000,0.379915,0.214415,-0.227563,0.704379,0.127283,0.000082,-0.000051,0.288092,-0.190246,0.178594,0.790471,-0.209962,0.000080,0.000057
0.006631,0.000266,0.779676,-0.002644,0.043287,0.031475,0.998563,-0.207313,-0.018638,0.023246,0.257250,-0.136852,-0.020544,-0.179309,-0.095374,-0.121811,0.241866,-0.138107,0.040854,-0.028178,0.000000,0.000000,0.380914,0.214473,-0.227780,0.705025,0.127364,0.000082,-0.000051,0.287975,-0.190324,0.178523,0.790603,-0.209945,0.000080,0.000057
0.006514,0.000282,0.779679,-0.002649,0.043268,0.031458,0.998565,-0.207402,-0.018645,0.023295,0.257146,-0.136661,-0.020501,-0.179419,-0.095382,-0.121777,0.241794,-0.137888,0.040859,-0.028199,0.000000,0.000000,0.381860,0.214597,-0.228078,0.705585,0.127477,0.000082,-0.000051,0.287874,-0.190440,0.178485,0.790683,-0.209964,0.000080,0.000057
0.006393,0.000305,0.779683,-0.002647,0.043262,0.031443,0.998565,-0.207519,-0.018679,0.023347,0.257030,-0.136469,-0.020439,-0.179558,-0.095416,-0.121745,0.241713,-0.137656,0.040876,-0.028244,0.000000,0.000000,0.382731,0.214745,-0.228428,0.706056,0.127586,0.000082,-0.000051,0.287778,-0.190601,0.178421,0.790643,-0.209946,0.000080,0.000057
0.006287,0.000335,0.779686,-0.002649,0.043242,0.031424,0.998567,-0.207586,-0.018711,0.023409,0.256924,-0.136328,-0.020371,-0.179645,-0.095448,-0.121700,0.241632,-0.137460,0.040907,-0.028319,0.000000,0.000000,0.383570,0.215008,-0.228831,0.706531,0.127819,0.000082,-0.000051,0.287770,-0.190864,0.178318,0.790472,-0.209920,0.000080,0.000057
0.006186,0.000372,0.779688,-0.002652,0.043213,0.031408,0.998569,-0.207623,-0.018753,0.023465,0.256822,-0.136234,-0.020294,-0.179699,-0.095484,-0.121650,0.241550,-0.137289,0.040944,-0.028416,0.000000,0.000000,0.384323,0.215442,-0.229269,0.706991,0.128283,0.000082,-0.000050,0.287867,-0.191243,0.178206,0.790167,-0.209908,0.000080,0.000056
0.006058,0.000428,0.779690,-0.002654,0.043219,0.031386,0.998569,-0.207763,-0.018827,0.023546,0.256708,-0.136106,-0.020161,-0.179854,-0.095555,-0.121587,0.241439,-0.137070,0.041013,-0.028544,0.000000,0.000000,0.384900,0.215961,-0.229625,0.707348,0.128836,0.000082,-0.000050,0.287966,-0.191752,0.178019,0.789731,-0.209906,0.000080,0.000056
0.005922,0.000487,0.779693,-0.002665,0.043237,0.031363,0.998569,-0.207938,-0.018893,0.023628,0.256592,-0.135985,-0.020010,-0.180034,-0.095615,-0.121525,0.241308,-0.136831,0.041113,-0.028705,0.000000,0.000000,0.385319,0.216550,-0.229917,0.707643,0.129258,0.000082,-0.000050,0.288056,-0.192324,0.177883,0.789273,-0.209937,0.000080,0.000056
0.005793,0.000545,0.779695,-0.002692,0.043238,0.031348,0.998569,-0.208077,-0.018928,0.023682,0.256477,-0.135859,-0.019865,-0.180171,-0.095645,-0.121487,0.241181,-0.136613,0.041206,-0.028896,0.000000,0.000000,0.385605,0.217163,-0.230050,0.707891,0.129415,0.000082,-0.000051,0.288193,-0.192863,0.177787,0.788885,-0.209937,0.000080,0.000056
0.005670,0.000600,0.779698,-0.002732,0.043223,0.031343,0.998570,-0.208175,-0.018938,0.023702,0.256367,-0.135757,-0.019734,-0.180261,-0.095649,-0.121483,0.241053,-0.136422,0.041288,-0.029105,0.000000,0.000000,0.385782,0.217836,-0.229991,0.708143,0.129414,0.000082,-0.000050,0.288402,-0.193348,0.177698,0.788657,-0.209944,0.000080,0.000056
0.005559,0.000653,0.779700,-0.002780,0.043203,0.031356,0.998570,-0.208253,-0.018945,0.023687,0.256265,-0.135656,-0.019609,-0.180328,-0.095649,-0.121514,0.240937,-0.136236,0.041390,-0.029314,0.000000,0.000000,0.385805,0.218643,-0.229919,0.708364,0.129457,0.000082,-0.000050,0.288651,-0.193802,0.177655,0.788606,-0.209948,0.000080,0.000056
0.005475,0.000697,0.779701,-0.002839,0.043167,0.031403,0.998570,-0.208264,-0.018935,0.023589,0.256180,-0.135612,-0.019549,-0.180323,-0.095631,-0.121621,0.240848,-0.136114,0.041449,-0.029488,0.000000,0.000000,0.385756,0.219508,-0.229906,0.708608,0.129445,0.000082,-0.000050,0.288961,-0.194202,0.177716,0.788698,-0.210012,0.000080,0.000056
0.005395,0.000741,0.779702,-0.002885,0.043147,0.031459,0.998569,-0.208305,-0.018954,0.023483,0.256096,-0.135569,-0.019488,-0.180345,-0.095647,-0.121733,0.240769,-0.136000,0.041530,-0.029632,0.000000,0.000000,0.385598,0.220344,-0.229961,0.708814,0.129382,0.000082,-0.000050,0.289271,-0.194564,0.177791,0.788879,-0.210105,0.000080,0.000056
0.005318,0.000785,0.779704,-0.002923,0.043133,0.031518,0.998568,-0.208355,-0.018993,0.023369,0.256016,-0.135519,-0.019436,-0.180375,-0.095683,-0.121856,0.240698,-0.135899,0.041615,-0.029752,0.000000,0.000000,0.385367,0.221137,-0.230031,0.708958,0.129274,0.000082,-0.000051,0.289585,-0.194861,0.177850,0.789120,-0.210168,0.000080,0.000057
0.005246,0.000827,0.779704,-0.002954,0.043127,0.031573,0.998566,-0.208416,-0.019039,0.023265,0.255937,-0.135473,-0.019381,-0.180419,-0.095727,-0.121966,0.240638,-0.135805,0.041689,-0.029864,0.000000,0.000000,0.385082,0.221936,-0.230152,0.709053,0.129240,0.000082,-0.000051,0.289869,-0.195089,0.177894,0.789362,-0.210213,0.000080,0.000057
0.005177,0.000867,0.779705,-0.002987,0.043126,0.031628,0.998564,-0.208486,-0.019080,0.023168,0.255867,-0.135446,-0.019322,-0.180469,-0.095762,-0.122070,0.240582,-0.135701,0.041730,-0.029973,0.000000,0.000000,0.384779,0.222776,-0.230317,0.709121,0.129334,0.000082,-0.000051,0.290104,-0.195279,0.177990,0.789570,-0.210317,0.000080,0.000057
0.005112,0.000909,0.779705,-0.003018,0.043125,0.031691,0.998562,-0.208558,-0.019132,0.023058,0.255805,-0.135401,-0.019238,-0.180513,-0.095810,-0.122190,0.240533,-0.135621,0.041801,-0.030073,0.000000,0.000000,0.384437,0.223580,-0.230621,0.709081,0.129509,0.000082,-0.000051,0.290312,-0.195379,0.178058,0.789681,-0.210394,0.000080,0.000057
0.005051,0.000951,0.779706,-0.003038,0.043127,0.031761,0.998560,-0.208634,-0.019210,0.022944,0.255746,-0.135362,-0.019165,-0.180558,-0.095883,-0.122315,0.240495,-0.135543,0.041854,-0.030167,0.000000,0.000000,0.383955,0.224299,-0.230993,0.708818,0.129693,0.000082,-0.000051,0.290492,-0.195397,0.178061,0.789689,-0.210420,0.000080,0.000057
0.004998,0.000992,0.779706,-0.003053,0.043123,0.031837,0.998558,-0.208691,-0.019303,0.022815,0.255698,-0.135341,-0.019080,-0.180582,-0.095968,-0.122444,0.240467,-0.135480,0.041927,-0.030247,0.000000,0.000000,0.383341,0.224898,-0.231318,0.708344,0.129813,0.000082,-0.000051,0.290664,-0.195335,0.178023,0.789605,-0.210403,0.000080,0.000057
0.004952,0.001035,0.779706,-0.003059,0.043121,0.031912,0.998555,-0.208740,-0.019415,0.022694,0.255656,-0.135341,-0.019004,-0.180602,-0.096073,-0.122565,0.240444,-0.135427,0.042015,-0.030317,0.000000,0.000000,0.382660,0.225323,-0.231492,0.707794,0.129819,0.000082,-0.000051,0.290819,-0.195236,0.177932,0.789463,-0.210379,0.000079,0.000057
0.004913,0.001078,0.779705,-0.003053,0.043121,0.031979,0.998553,-0.208785,-0.019545,0.022595,0.255623,-0.135364,-0.018908,-0.180621,-0.096194,-0.122666,0.240426,-0.135391,0.042063,-0.030382,0.000000,0.000000,0.381951,0.225575,-0.231480,0.707307,0.129775,0.000082,-0.000051,0.290926,-0.195127,0.177787,0.789273,-0.210374,0.000079,0.000057
0.004883,0.001125,0.779704,-0.003043,0.043123,0.032038,0.998551,-0.208826,-0.019685,0.022511,0.255598,-0.135395,-0.018835,-0.180639,-0.096329,-0.122748,0.240419,-0.135368,0.042139,-0.030446,0.000000,0.000000,0.381271,0.225567,-0.231280,0.707127,0.129630,0.000082,-0.000051,0.290967,-0.194902,0.177752,0.789080,-0.210369,0.000079,0.000057
0.004858,0.001180,0.779701,-0.003018,0.043120,0.032092,0.998550,-0.208852,-0.019862,0.022446,0.255586,-0.135429,-0.018724,-0.180639,-0.096500,-0.122805,0.240419,-0.135360,0.042237,-0.030509,0.000000,0.000000,0.380579,0.225395,-0.230957,0.707199,0.129556,0.000082,-0.000051,0.290953,-0.194655,0.177854,0.788877,-0.210456,0.000079,0.000057
0.004843,0.001243,0.779697,-0.002989,0.043116,0.032149,0.998548,-0.208873,-0.020062,0.022387,0.255601,-0.135492,-0.018586,-0.180624,-0.096695,-0.122861,0.240417,-0.135366,0.042363,-0.030559,0.000000,0.000000,0.379873,0.225043,-0.230560,0.707468,0.129497,0.000082,-0.000051,0.290898,-0.194395,0.178027,0.788722,-0.210644,0.000079,0.000057
0.004838,0.001294,0.779693,-0.002987,0.043122,0.032202,0.998546,-0.208895,-0.020188,0.022305,0.255620,-0.135577,-0.018479,-0.180617,-0.096814,-0.122934,0.240423,-0.135402,0.042453,-0.030593,0.000000,0.000000,0.379178,0.224594,-0.230058,0.707826,0.129440,0.000082,-0.000051,0.290794,-0.193984,0.178105,0.788636,-0.210827,0.000080,0.000057
0.004843,0.001350,0.779688,-0.002976,0.043134,0.032236,0.998545,-0.208925,-0.020331,0.022263,0.255666,-0.135704,-0.018361,-0.180617,-0.096948,-0.122957,0.240436,-0.135465,0.042559,-0.030623,0.000000,0.000000,0.378478,0.224020,-0.229573,0.708204,0.129427,0.000082,-0.000051,0.290625,-0.193478,0.177924,0.788629,-0.210952,0.000080,0.000057
0.004853,0.001393,0.779683,-0.002997,0.043158,0.032275,0.998542,-0.208964,-0.020389,0.022185,0.255698,-0.135859,-0.018270,-0.180639,-0.097000,-0.123015,0.240461,-0.135542,0.042661,-0.030637,0.000000,0.000000,0.377811,0.223481,-0.229129,0.708492,0.129514,0.000082,-0.000051,0.290405,-0.192508,0.177553,0.788604,-0.210715,0.000080,0.000057
0.004868,0.001434,0.779678,-0.003019,0.043190,0.032306,0.998540,-0.209014,-0.020438,0.022124,0.255735,-0.136011,-0.018194,-0.180672,-0.097046,-0.123069,0.240493,-0.135637,0.042740,-0.030643,0.000000,0.000000,0.377198,0.222938,-0.228722,0.708721,0.129636,0.000082,-0.000051,0.290144,-0.191275,0.177201,0.788540,-0.210277,0.000080,0.000057
0.004894,0.001471,0.779673,-0.003041,0.043235,0.032337,0.998537,-0.209074,-0.020478,0.022057,0.255775,-0.136167,-0.018146,-0.180718,-0.097084,-0.123117,0.240536,-0.135752,0.042836,-0.030644,0.000000,0.000000,0.376702,0.222301,-0.228250,0.708840,0.129664,0.000082,-0.000051,0.289791,-0.190123,0.177070,0.788471,-0.210133,0.000080,0.000057
0.004948,0.001505,0.779666,-0.003057,0.043289,0.032366,0.998534,-0.209123,-0.020524,0.021991,0.255833,-0.136361,-0.018091,-0.180752,-0.097127,-0.123154,0.240598,-0.135915,0.042917,-0.030643,0.000000,0.000000,0.376392,0.221382,-0.227769,0.708842,0.129510,0.000082,-0.000051,0.289357,-0.189098,0.177103,0.788402,-0.210252,0.000080,0.000058
0.005041,0.001542,0.779659,-0.003061,0.043336,0.032397,0.998530,-0.209111,-0.020593,0.021922,0.255922,-0.136623,-0.018056,-0.180727,-0.097192,-0.123176,0.240695,-0.136150,0.043034,-0.030640,0.000000,0.000000,0.376285,0.220217,-0.227425,0.708778,0.129301,0.000082,-0.000051,0.288890,-0.188163,0.177217,0.788362,-0.210487,0.000080,0.000058
0.005209,0.001581,0.779648,-0.003050,0.043350,0.032457,0.998528,-0.208949,-0.020712,0.021815,0.256075,-0.137032,-0.017988,-0.180531,-0.097308,-0.123238,0.240843,-0.136540,0.043184,-0.030602,0.000000,0.000000,0.376429,0.218895,-0.227227,0.708758,0.129130,0.000082,-0.000051,0.288468,-0.187363,0.177139,0.788415,-0.210826,0.000080,0.000058
0.005413,0.001617,0.779637,-0.003032,0.043374,0.032513,0.998525,-0.208769,-0.020839,0.021701,0.256257,-0.137487,-0.017933,-0.180314,-0.097432,-0.123302,0.241023,-0.136976,0.043323,-0.030565,0.000000,0.000000,0.376648,0.217699,-0.227113,0.708782,0.129209,0.000082,-0.000051,0.288058,-0.186621,0.176888,0.788635,-0.211199,0.000079,0.000058
0.005651,0.001650,0.779624,-0.003010,0.043408,0.032589,0.998521,-0.208572,-0.020983,0.021560,0.256467,-0.137988,-0.017841,-0.180076,-0.097570,-0.123397,0.241244,-0.137467,0.043425,-0.030511,0.000000,0.000000,0.376950,0.216587,-0.227036,0.708885,0.129408,0.000082,-0.000051,0.287660,-0.185864,0.176424,0.789013,-0.211492,0.000079,0.000058
0.005910,0.001681,0.779611,-0.002986,0.043452,0.032686,0.998516,-0.208379,-0.021141,0.021380,0.256701,-0.138510,-0.017766,-0.179851,-0.097722,-0.123522,0.241532,-0.137994,0.043534,-0.030442,0.000000,0.000000,0.377309,0.215550,-0.226925,0.709036,0.129697,0.000082,-0.000051,0.287280,-0.185097,0.175797,0.789554,-0.211728,0.000079,0.000057
0.006179,0.001711,0.779597,-0.002963,0.043506,0.032779,0.998511,-0.208202,-0.021290,0.021208,0.256941,-0.139001,-0.017692,-0.179658,-0.097868,-0.123632,0.241890,-0.138535,0.043604,-0.030396,0.000000,0.000000,0.377704,0.214533,-0.226737,0.709221,0.129945,0.000082,-0.000051,0.286906,-0.184357,0.175119,0.790174,-0.211899,0.000079,0.000057
0.006466,0.001736,0.779581,-0.002935,0.043559,0.032894,0.998505,-0.208016,-0.021457,0.021004,0.257203,-0.139501,-0.017604,-0.179459,-0.098034,-0.123774,0.242319,-0.139146,0.043692,-0.030378,0.000000,0.000000,0.378142,0.213612,-0.226480,0.709407,0.130164,0.000082,-0.000051,0.286540,-0.183724,0.174510,0.790840,-0.212111,0.000079,0.000057
0.006766,0.001762,0.779566,-0.002905,0.043625,0.033053,0.998497,-0.207855,-0.021659,0.020718,0.257473,-0.139999,-0.017518,-0.179257,-0.098234,-0.123988,0.242783,-0.139793,0.043796,-0.030389,0.000000,0.000000,0.378547,0.212801,-0.226223,0.709583,0.130358,0.000082,-0.000051,0.286226,-0.183243,0.173966,0.791320,-0.212360,0.000079,0.000057
0.007061,0.001785,0.779551,-0.002878,0.043701,0.033248,0.998487,-0.207731,-0.021877,0.020365,0.257738,-0.140459,-0.017446,-0.179067,-0.098450,-0.124268,0.243260,-0.140441,0.043912,-0.030444,0.000000,0.000000,0.378927,0.212104,-0.225989,0.709720,0.130501,0.000082,-0.000051,0.285973,-0.182885,0.173458,0.791496,-0.212594,0.000079,0.000057
0.007348,0.001806,0.779536,-0.002850,0.043780,0.033465,0.998476,-0.207633,-0.022113,0.019971,0.257998,-0.140877,-0.017376,-0.178877,-0.098682,-0.124589,0.243721,-0.141081,0.044015,-0.030554,0.000000,0.000000,0.379254,0.211548,-0.225765,0.709858,0.130627,0.000082,-0.000051,0.285809,-0.182602,0.172894,0.791372,-0.212729,0.000079,0.000057
0.007636,0.001830,0.779523,-0.002820,0.043848,0.033718,0.998465,-0.207519,-0.022378,0.019519,0.258254,-0.141247,-0.017286,-0.178640,-0.098940,-0.124982,0.244145,-0.141686,0.044122,-0.030687,0.000000,0.000000,0.379503,0.211148,-0.225638,0.710074,0.130807,0.000082,-0.000051,0.285790,-0.182423,0.172299,0.791044,-0.212835,0.000079,0.000057
0.007927,0.001853,0.779510,-0.002806,0.043916,0.033995,0.998453,-0.207417,-0.022630,0.019008,0.258516,-0.141576,-0.017215,-0.178356,-0.099181,-0.125449,0.244506,-0.142276,0.044215,-0.030868,0.000000,0.000000,0.379639,0.210922,-0.225566,0.710406,0.131031,0.000082,-0.000051,0.285859,-0.182313,0.171692,0.790565,-0.212915,0.000079,0.000057
0.008214,0.001880,0.779498,-0.002788,0.043986,0.034302,0.998439,-0.207323,-0.022912,0.018463,0.258770,-0.141867,-0.017135,-0.178060,-0.099455,-0.125972,0.244833,-0.142846,0.044324,-0.031037,0.000000,0.000000,0.379590,0.210794,-0.225569,0.710740,0.131313,0.000082,-0.000051,0.286028,-0.182299,0.171039,0.790087,-0.213011,0.000079,0.000057
0.008486,0.001905,0.779489,-0.002765,0.044078,0.034606,0.998425,-0.207286,-0.023204,0.017924,0.259018,-0.142108,-0.017078,-0.177821,-0.099736,-0.126488,0.245120,-0.143354,0.044426,-0.031183,0.000000,0.000000,0.379325,0.210698,-0.225599,0.710950,0.131539,0.000082,-0.000051,0.286170,-0.182289,0.170333,0.789722,-0.213020,0.000079,0.000057
0.008744,0.001929,0.779481,-0.002735,0.044173,0.034895,0.998411,-0.207263,-0.023499,0.017415,0.259257,-0.142316,-0.017039,-0.177610,-0.100022,-0.126974,0.245370,-0.143805,0.044535,-0.031276,0.000000,0.000000,0.378909,0.210573,-0.225633,0.711020,0.131651,0.000082,-0.000051,0.286240,-0.182328,0.169641,0.789502,-0.212995,0.000079,0.000057
0.008989,0.001949,0.779474,-0.002689,0.044285,0.035151,0.998397,-0.207273,-0.023799,0.016982,0.259484,-0.142522,-0.016985,-0.177458,-0.100317,-0.127411,0.245577,-0.144219,0.044615,-0.031291,0.000000,0.000000,0.378362,0.210488,-0.225683,0.710980,0.131802,0.000082,-0.000051,0.286139,-0.182441,0.169022,0.789436,-0.212930,0.000079,0.000057
0.009214,0.001965,0.779469,-0.002632,0.044395,0.035348,0.998385,-0.207290,-0.024075,0.016660,0.259689,-0.142666,-0.016980,-0.177342,-0.100587,-0.127731,0.245758,-0.144597,0.044689,-0.031242,0.000000,0.000000,0.377749,0.210498,-0.225400,0.710891,0.131973,0.000082,-0.000051,0.285763,-0.182716,0.168644,0.789443,-0.212885,0.000079,0.000057
0.009422,0.001974,0.779466,-0.002569,0.044504,0.035499,0.998375,-0.207314,-0.024314,0.016434,0.259872,-0.142781,-0.017010,-0.177266,-0.100833,-0.127970,0.245919,-0.144925,0.044760,-0.031141,0.000000,0.000000,0.377144,0.210512,-0.224759,0.710723,0.131993,0.000082,-0.000050,0.285181,-0.183252,0.168580,0.789393,-0.212954,0.000079,0.000057
0.009614,0.001979,0.779463,-0.002505,0.044604,0.035627,0.998366,-0.207330,-0.024536,0.016248,0.260035,-0.142887,-0.017040,-0.177201,-0.101060,-0.128170,0.246072,-0.145239,0.044794,-0.030980,0.000000,0.000000,0.376561,0.210563,-0.224098,0.710438,0.131976,0.000082,-0.000049,0.284518,-0.184066,0.168866,0.789227,-0.213123,0.000079,0.000057
0.009793,0.001976,0.779461,-0.002451,0.044701,0.035742,0.998358,-0.207342,-0.024718,0.016077,0.260170,-0.143008,-0.017070,-0.177156,-0.101244,-0.128347,0.246222,-0.145537,0.044806,-0.030760,0.000000,0.000000,0.376047,0.210640,-0.223652,0.710093,0.131946,0.000082,-0.000049,0.283815,-0.185073,0.169445,0.788889,-0.213251,0.000079,0.000057
0.009951,0.001966,0.779459,-0.002411,0.044803,0.035826,0.998350,-0.207369,-0.024840,0.015950,0.260278,-0.143150,-0.017109,-0.177159,-0.101371,-0.128483,0.246364,-0.145828,0.044811,-0.030497,0.000000,0.000000,0.375603,0.210829,-0.223433,0.709621,0.132041,0.000082,-0.000049,0.283074,-0.186156,0.170223,0.788383,-0.213208,0.000079,0.000057
0.010061,0.001949,0.779458,-0.002381,0.044949,0.035862,0.998343,-0.207540,-0.024899,0.015901,0.260361,-0.143258,-0.017219,-0.177330,-0.101438,-0.128534,0.246480,-0.146030,0.044791,-0.030221,0.000000,0.000000,0.375205,0.211021,-0.223468,0.709009,0.132138,0.000082,-0.000049,0.282205,-0.187272,0.171085,0.787596,-0.213010,0.000079,0.000057
0.010169,0.001922,0.779455,-0.002363,0.045055,0.035884,0.998337,-0.207629,-0.024906,0.015855,0.260444,-0.143417,-0.017373,-0.177439,-0.101453,-0.128565,0.246615,-0.146260,0.044743,-0.029923,0.000000,0.000000,0.374990,0.211244,-0.223583,0.708341,0.132287,0.000082,-0.000049,0.281412,-0.188259,0.171929,0.786685,-0.212659,0.000079,0.000057
0.010260,0.001889,0.779454,-0.002349,0.045155,0.035855,0.998334,-0.207726,-0.024861,0.015902,0.260525,-0.143576,-0.017512,-0.177562,-0.101420,-0.128520,0.246730,-0.146463,0.044668,-0.029662,0.000000,0.000000,0.374956,0.211427,-0.223678,0.707678,0.132435,0.000082,-0.000050,0.280588,-0.189106,0.172689,0.785676,-0.212121,0.000079,0.000057
0.010341,0.001843,0.779454,-0.002337,0.045241,0.035764,0.998333,-0.207807,-0.024747,0.016053,0.260602,-0.143731,-0.017667,-0.177685,-0.101318,-0.128359,0.246824,-0.146661,0.044585,-0.029493,0.000000,0.000000,0.375123,0.211542,-0.223630,0.707077,0.132527,0.000082,-0.000050,0.279661,-0.189876,0.173466,0.784685,-0.211517,0.000079,0.000057
0.010430,0.001772,0.779453,-0.002347,0.045307,0.035618,0.998335,-0.207831,-0.024514,0.016268,0.260682,-0.143912,-0.017884,-0.177777,-0.101099,-0.128118,0.246925,-0.146893,0.044479,-0.029436,0.000000,0.000000,0.375470,0.211597,-0.223368,0.706615,0.132516,0.000082,-0.000050,0.278575,-0.190685,0.174515,0.783795,-0.211043,0.000079,0.000058
0.010564,0.001620,0.779454,-0.002446,0.045334,0.035481,0.998339,-0.207667,-0.023982,0.016376,0.260699,-0.144145,-0.018253,-0.177806,-0.100583,-0.127974,0.247149,-0.147279,0.044229,-0.029387,0.000000,0.000000,0.376000,0.211955,-0.222922,0.706335,0.132629,0.000082,-0.000050,0.277338,-0.191489,0.175955,0.783162,-0.210866,0.000079,0.000058
0.010733,0.001430,0.779454,-0.002529,0.045331,0.035316,0.998344,-0.207371,-0.023387,0.016528,0.260687,-0.144435,-0.018692,-0.177754,-0.100009,-0.127786,0.247409,-0.147760,0.043887,-0.029341,0.000000,0.000000,0.376677,0.212334,-0.222276,0.706210,0.132753,0.000082,-0.000050,0.276223,-0.192449,0.177513,0.782640,-0.210944,0.000079,0.000058
0.010940,0.001216,0.779454,-0.002586,0.045336,0.035151,0.998350,-0.207017,-0.022800,0.016678,0.260629,-0.144764,-0.019171,-0.177661,-0.099440,-0.127597,0.247690,-0.148335,0.043499,-0.029307,0.000000,0.000000,0.377394,0.212691,-0.221449,0.706195,0.132978,0.000082,-0.000050,0.275317,-0.193546,0.178603,0.782002,-0.211064,0.000079,0.000058
0.011189,0.000988,0.779452,-0.002611,0.045350,0.035051,0.998353,-0.206622,-0.022293,0.016731,0.260547,-0.145125,-0.019648,-0.177503,-0.098948,-0.127513,0.247999,-0.149013,0.043114,-0.029251,0.000000,0.000000,0.378128,0.212958,-0.220479,0.706272,0.133333,0.000082,-0.000050,0.274705,-0.194576,0.178891,0.781188,-0.210810,0.000079,0.000058
0.011468,0.000760,0.779450,-0.002584,0.045404,0.034964,0.998353,-0.206271,-0.021894,0.016783,0.260441,-0.145501,-0.020128,-0.177365,-0.098566,-0.127418,0.248324,-0.149750,0.042769,-0.029255,0.000000,0.000000,0.378899,0.212997,-0.219383,0.706454,0.133728,0.000082,-0.000050,0.274374,-0.195389,0.178798,0.780259,-0.210173,0.000079,0.000057
0.011799,0.000520,0.779445,-0.002535,0.045479,0.034980,0.998349,-0.205926,-0.021588,0.016664,0.260374,-0.145954,-0.020609,-0.177174,-0.098276,-0.127478,0.248725,-0.150606,0.042435,-0.029308,0.000000,0.000000,0.379813,0.212749,-0.218168,0.706708,0.134121,0.000082,-0.000051,0.274387,-0.196103,0.178714,0.779234,-0.209327,0.000079,0.000057
0.012184,0.000263,0.779436,-0.002504,0.045548,0.035066,0.998343,-0.205527,-0.021268,0.016368,0.260351,-0.146478,-0.021147,-0.176916,-0.097961,-0.127677,0.249248,-0.151611,0.042055,-0.029408,0.000000,0.000000,0.380912,0.212280,-0.216606,0.706850,0.134431,0.000082,-0.000051,0.274647,-0.196979,0.179167,0.778298,-0.208667,0.000079,0.000058
0.012608,-0.000007,0.779422,-0.002473,0.045623,0.035202,0.998335,-0.205124,-0.020967,0.015954,0.260442,-0.147123,-0.021720,-0.176661,-0.097662,-0.127949,0.249919,-0.152746,0.041688,-0.029523,0.000000,0.000000,0.382163,0.211502,-0.214666,0.706775,0.134521,0.000082,-0.000051,0.275019,-0.198282,0.180346,0.777568,-0.208186,0.000079,0.000058
0.013072,-0.000285,0.779402,-0.002428,0.045717,0.035390,0.998324,-0.204743,-0.020724,0.015429,0.260669,-0.147895,-0.022313,-0.176453,-0.097418,-0.128283,0.250761,-0.154006,0.041315,-0.029568,0.000000,0.000000,0.383521,0.210497,-0.212528,0.706414,0.134404,0.000082,-0.000051,0.275435,-0.200259,0.181921,0.776751,-0.208219,0.000079,0.000058
0.013571,-0.000565,0.779379,-0.002328,0.045816,0.035583,0.998313,-0.204336,-0.020596,0.014909,0.261004,-0.148803,-0.022893,-0.176300,-0.097294,-0.128583,0.251787,-0.155368,0.040954,-0.029476,0.000000,0.000000,0.384994,0.209264,-0.210479,0.705861,0.134109,0.000082,-0.000051,0.276017,-0.202434,0.183160,0.775468,-0.208294,0.000079,0.000058
0.014098,-0.000852,0.779351,-0.002196,0.045896,0.035793,0.998302,-0.203884,-0.020532,0.014371,0.261443,-0.149823,-0.023489,-0.176180,-0.097234,-0.128859,0.253046,-0.156847,0.040596,-0.029167,0.000000,0.000000,0.386591,0.208050,-0.208618,0.705048,0.133981,0.000082,-0.000051,0.276471,-0.204164,0.183979,0.773932,-0.207554,0.000079,0.000058
0.014657,-0.001146,0.779316,-0.002075,0.045950,0.035952,0.998294,-0.203351,-0.020402,0.013912,0.261967,-0.150951,-0.024055,-0.176093,-0.097121,-0.129034,0.254568,-0.158471,0.040231,-0.028728,0.000000,0.000000,0.388424,0.206851,-0.206742,0.704122,0.134046,0.000082,-0.000051,0.276505,-0.205714,0.185048,0.772754,-0.206359,0.000079,0.000059
0.015250,-0.001438,0.779271,-0.001971,0.045956,0.036046,0.998291,-0.202717,-0.020197,0.013553,0.262659,-0.152260,-0.024631,-0.176056,-0.096941,-0.129044,0.256475,-0.160308,0.039847,-0.028177,0.000000,0.000000,0.390535,0.205519,-0.204624,0.703131,0.134100,0.000082,-0.000051,0.276114,-0.207489,0.186498,0.771948,-0.205196,0.000079,0.000059
0.015868,-0.001730,0.779212,-0.001872,0.045978,0.036074,0.998289,-0.202178,-0.019944,0.013297,0.263637,-0.153785,-0.025208,-0.176226,-0.096726,-0.128860,0.258837,-0.162401,0.039499,-0.027561,0.000000,0.000000,0.392850,0.204016,-0.202013,0.701997,0.134169,0.000082,-0.000051,0.275362,-0.209640,0.188033,0.770750,-0.204771,0.000079,0.000059
0.016510,-0.002027,0.779138,-0.001745,0.045986,0.036083,0.998289,-0.201750,-0.019726,0.013077,0.265008,-0.155554,-0.025769,-0.176492,-0.096543,-0.128542,0.261597,-0.164731,0.039153,-0.026946,0.000000,0.000000,0.395393,0.202282,-0.198944,0.700701,0.134295,0.000082,-0.000050,0.274487,-0.211834,0.189652,0.769268,-0.204504,0.000079,0.000059
0.017185,-0.002295,0.779047,-0.001527,0.045888,0.036097,0.998293,-0.201308,-0.019733,0.012861,0.267079,-0.157761,-0.026373,-0.176637,-0.096573,-0.128085,0.264635,-0.167220,0.038859,-0.026137,0.000000,0.000000,0.398361,0.200192,-0.195731,0.699216,0.134526,0.000082,-0.000050,0.273680,-0.214063,0.191292,0.767573,-0.203670,0.000079,0.000059
0.017881,-0.002550,0.778937,-0.001285,0.045799,0.035995,0.998301,-0.201082,-0.019745,0.012775,0.269828,-0.160399,-0.027012,-0.176945,-0.096593,-0.127356,0.267989,-0.169834,0.038535,-0.025127,0.000000,0.000000,0.401561,0.197841,-0.192289,0.697416,0.134912,0.000082,-0.000050,0.272686,-0.216367,0.192843,0.765937,-0.202676,0.000079,0.000060
0.018584,-0.002793,0.778799,-0.001061,0.045646,0.035742,0.998317,-0.201001,-0.019667,0.012847,0.273434,-0.163587,-0.027678,-0.177485,-0.096514,-0.126251,0.272032,-0.172736,0.038229,-0.023816,0.000000,0.000000,0.405258,0.195112,-0.188469,0.695274,0.135271,0.000082,-0.000050,0.271888,-0.218694,0.194143,0.763894,-0.201639,0.000079,0.000059
0.019274,-0.002993,0.778631,-0.000852,0.045422,0.035305,0.998343,-0.201225,-0.019503,0.013163,0.278190,-0.167423,-0.028444,-0.178224,-0.096347,-0.124723,0.276664,-0.175884,0.037977,-0.022182,0.000000,0.000000,0.409486,0.191648,-0.184028,0.692705,0.135292,0.000082,-0.000050,0.271129,-0.221402,0.195918,0.761696,-0.200968,0.000079,0.000059
0.019985,-0.003121,0.778433,-0.000643,0.045150,0.034621,0.998380,-0.201927,-0.019255,0.013870,0.284524,-0.172119,-0.029320,-0.179087,-0.096095,-0.122672,0.281663,-0.179174,0.037785,-0.020203,0.000000,0.000000,0.414194,0.187251,-0.178948,0.689439,0.134697,0.000082,-0.000050,0.270298,-0.224466,0.198109,0.759586,-0.199984,0.000079,0.000059
0.020722,-0.003159,0.778236,-0.000446,0.044816,0.033713,0.998426,-0.202702,-0.018959,0.014867,0.291581,-0.177199,-0.030267,-0.179725,-0.095745,-0.120225,0.286285,-0.182121,0.037592,-0.017642,0.000000,0.000000,0.419374,0.182100,-0.173522,0.685176,0.133752,0.000082,-0.000050,0.269670,-0.228002,0.200476,0.757489,-0.199137,0.000079,0.000059
0.021509,-0.003149,0.778080,-0.000312,0.044450,0.032629,0.998479,-0.202743,-0.018515,0.016176,0.297343,-0.181647,-0.031128,-0.179947,-0.095208,-0.117556,0.290003,-0.184480,0.037373,-0.014524,0.000000,0.000000,0.424860,0.176753,-0.167764,0.680630,0.132634,0.000082,-0.000050,0.269015,-0.231596,0.203230,0.756027,-0.198104,0.000079,0.000059
0.022331,-0.003084,0.777955,-0.000132,0.044145,0.031370,0.998532,-0.202321,-0.018107,0.018020,0.301899,-0.185440,-0.031805,-0.179988,-0.094727,-0.114631,0.292889,-0.186300,0.037182,-0.010958,0.000000,0.000000,0.430260,0.171202,-0.162264,0.676508,0.131249,0.000082,-0.000049,0.267699,-0.235617,0.206120,0.755389,-0.197021,0.000079,0.000058
0.023180,-0.002910,0.777853,0.000130,0.043966,0.029854,0.998587,-0.201639,-0.017846,0.020544,0.305487,-0.188797,-0.032211,-0.180093,-0.094422,-0.111255,0.295090,-0.187632,0.037122,-0.006981,0.000000,0.000000,0.435229,0.165679,-0.157976,0.673213,0.130262,0.000082,-0.000048,0.266029,-0.240179,0.209237,0.755177,-0.195991,0.000079,0.000058
0.024062,-0.002643,0.777768,0.000357,0.043848,0.028012,0.998645,-0.200609,-0.017427,0.023784,0.308200,-0.191792,-0.032399,-0.180134,-0.093986,-0.107359,0.296645,-0.188566,0.037157,-0.002760,0.000000,0.000000,0.440060,0.160393,-0.154870,0.670932,0.129714,0.000082,-0.000048,0.264122,-0.244992,0.213556,0.755433,-0.195407,0.000079,0.000059
0.024948,-0.002348,0.777691,0.000393,0.043822,0.025840,0.998705,-0.199390,-0.016438,0.027667,0.310127,-0.194479,-0.032484,-0.180356,-0.093007,-0.102948,0.297976,-0.189301,0.037206,0.001396,0.000000,0.000000,0.445177,0.155510,-0.152216,0.669676,0.129085,0.000082,-0.000048,0.261160,-0.249862,0.219458,0.756195,-0.195344,0.000079,0.000059
0.025812,-0.002087,0.777613,0.000210,0.043856,0.023607,0.998759,-0.198125,-0.014922,0.031579,0.311528,-0.196913,-0.032603,-0.180757,-0.091495,-0.098497,0.299416,-0.190125,0.037176,0.005320,0.000000,0.000000,0.450783,0.151366,-0.149700,0.669378,0.128466,0.000082,-0.000048,0.257442,-0.254538,0.225350,0.756659,-0.195678,0.000079,0.000059
0.026695,-0.001900,0.777539,-0.000161,0.043897,0.021424,0.998806,-0.196614,-0.012977,0.035329,0.312302,-0.199025,-0.032787,-0.181134,-0.089553,-0.094230,0.301022,-0.191205,0.037042,0.008854,0.000000,0.000000,0.456918,0.148623,-0.147660,0.669640,0.128450,0.000082,-0.000048,0.253084,-0.258290,0.231194,0.757182,-0.195852,0.000079,0.000060
0.027585,-0.001766,0.777474,-0.000512,0.043989,0.019496,0.998842,-0.195207,-0.011138,0.038666,0.312775,-0.200835,-0.033031,-0.181352,-0.087717,-0.090477,0.302455,-0.192419,0.036915,0.011895,0.000000,0.000000,0.463719,0.147125,-0.146845,0.669694,0.129195,0.000082,-0.000048,0.248418,-0.261402,0.236430,0.757499,-0.195923,0.000079,0.000060
0.028471,-0.001649,0.777407,-0.000836,0.044113,0.017879,0.998866,-0.194200,-0.009506,0.041410,0.313585,-0.202614,-0.033369,-0.181293,-0.086083,-0.087374,0.303619,-0.193681,0.036781,0.014230,0.000000,0.000000,0.470972,0.146566,-0.146758,0.669058,0.130215,0.000082,-0.000048,0.243979,-0.264046,0.240261,0.756880,-0.195982,0.000079,0.000061
0.029355,-0.001560,0.777335,-0.001267,0.044193,0.016592,0.998884,-0.193411,-0.007837,0.043463,0.314740,-0.204399,-0.033693,-0.180989,-0.084400,-0.084941,0.304871,-0.195100,0.036742,0.015479,0.000000,0.000000,0.478557,0.146903,-0.146372,0.667500,0.130894,0.000082,-0.000049,0.240049,-0.266122,0.242645,0.755137,-0.196200,0.000079,0.000061
0.030246,-0.001483,0.777254,-0.001622,0.044318,0.015701,0.998893,-0.192924,-0.006564,0.044833,0.316306,-0.206318,-0.034031,-0.180681,-0.083104,-0.083169,0.306249,-0.196633,0.036714,0.016047,0.000000,0.000000,0.486184,0.147990,-0.145757,0.665510,0.131583,0.000082,-0.000049,0.236589,-0.267816,0.243602,0.752847,-0.196347,0.000079,0.000060
0.031146,-0.001414,0.777171,-0.001808,0.044503,0.015137,0.998893,-0.192714,-0.005835,0.045682,0.318203,-0.208324,-0.034342,-0.180413,-0.082349,-0.081929,0.307652,-0.198199,0.036701,0.016215,0.000000,0.000000,0.493305,0.149405,-0.145310,0.663143,0.132107,0.000082,-0.000050,0.233712,-0.268851,0.242119,0.750539,-0.195311,0.000079,0.000059
0.032034,-0.001355,0.777091,-0.001856,0.044632,0.014780,0.998892,-0.192456,-0.005511,0.046203,0.320160,-0.210296,-0.034633,-0.179995,-0.082003,-0.081062,0.309034,-0.199739,0.036700,0.016137,0.000000,0.000000,0.499541,0.151493,-0.145176,0.660642,0.132361,0.000082,-0.000051,0.231544,-0.269375,0.238904,0.748977,-0.193337,0.000079,0.000059
0.032892,-0.001320,0.777021,-0.001837,0.044687,0.014664,0.998892,-0.192035,-0.005470,0.046316,0.321879,-0.212012,-0.034847,-0.179351,-0.081920,-0.080646,0.310296,-0.201220,0.036644,0.015971,0.000000,0.000000,0.504735,0.154773,-0.143976,0.658696,0.132732,0.000082,-0.000051,0.230073,-0.269289,0.235082,0.748375,-0.190962,0.000079,0.000058
0.033742,-0.001303,0.776963,-0.001721,0.044665,0.014749,0.998892,-0.191320,-0.005753,0.046134,0.323193,-0.213404,-0.034933,-0.178440,-0.082155,-0.080604,0.311314,-0.202568,0.036637,0.015912,0.000000,0.000000,0.508954,0.158303,-0.141431,0.657760,0.132921,0.000082,-0.000051,0.229402,-0.269420,0.231864,0.748977,-0.190101,0.000079,0.000058
0.034566,-0.001290,0.776913,-0.001550,0.044767,0.014897,0.998885,-0.190768,-0.006195,0.045875,0.324245,-0.214634,-0.034983,-0.177690,-0.082553,-0.080707,0.312079,-0.203850,0.036677,0.016021,0.000000,0.000000,0.511971,0.161598,-0.138606,0.657762,0.133305,0.000082,-0.000050,0.228630,-0.270182,0.229579,0.750452,-0.190973,0.000079,0.000058
0.035334,-0.001271,0.776877,-0.001339,0.044975,0.015006,0.998875,-0.190374,-0.006701,0.045747,0.325002,-0.215658,-0.034973,-0.177126,-0.083029,-0.080781,0.312542,-0.204903,0.036734,0.016264,0.000000,0.000000,0.513873,0.164447,-0.136082,0.658512,0.133713,0.000082,-0.000049,0.227660,-0.271069,0.227479,0.752605,-0.192177,0.000079,0.000058
0.036071,-0.001247,0.776852,-0.001138,0.045229,0.015055,0.998863,-0.190014,-0.007147,0.045785,0.325435,-0.216462,-0.034871,-0.176547,-0.083463,-0.080817,0.312670,-0.205795,0.036803,0.016473,0.000000,0.000000,0.514889,0.167013,-0.134238,0.660035,0.134053,0.000082,-0.000049,0.226777,-0.271526,0.225418,0.755162,-0.192856,0.000079,0.000058
0.036825,-0.001221,0.776848,-0.001005,0.045539,0.015163,0.998847,-0.189639,-0.007481,0.045755,0.325416,-0.216983,-0.034766,-0.175718,-0.083816,-0.081137,0.312214,-0.206562,0.036867,0.016479,0.000000,0.000000,0.515340,0.169372,-0.132495,0.662427,0.134184,0.000082,-0.000049,0.226334,-0.271503,0.223376,0.757490,-0.193067,0.000079,0.000057
0.037603,-0.001188,0.776858,-0.000907,0.045905,0.015379,0.998827,-0.189215,-0.007818,0.045583,0.324940,-0.217258,-0.034599,-0.174667,-0.084193,-0.081767,0.311241,-0.207204,0.036976,0.016134,0.000000,0.000000,0.515271,0.171503,-0.130611,0.664931,0.134254,0.000082,-0.000049,0.226545,-0.271313,0.221764,0.759721,-0.193437,0.000079,0.000057
0.038387,-0.001149,0.776875,-0.000789,0.046355,0.015664,0.998802,-0.188823,-0.008253,0.045351,0.324157,-0.217448,-0.034402,-0.173640,-0.084691,-0.082574,0.309999,-0.207792,0.037091,0.015508,0.000000,0.000000,0.514348,0.173628,-0.129028,0.666160,0.134595,0.000082,-0.000049,0.227006,-0.270965,0.220756,0.761626,-0.193637,0.000079,0.000057
0.039129,-0.001103,0.776893,-0.000653,0.046888,0.016025,0.998771,-0.188572,-0.008795,0.045014,0.323203,-0.217563,-0.034198,-0.172790,-0.085307,-0.083534,0.308629,-0.208306,0.037262,0.014747,0.000000,0.000000,0.512902,0.175573,-0.128093,0.666651,0.134833,0.000083,-0.000049,0.227783,-0.270503,0.220110,0.762482,-0.193132,0.000079,0.000058
0.039806,-0.001047,0.776917,-0.000518,0.047472,0.016447,0.998737,-0.188480,-0.009392,0.044579,0.322163,-0.217579,-0.034023,-0.172044,-0.085979,-0.084623,0.307018,-0.208650,0.037434,0.013964,0.000000,0.000000,0.511314,0.176951,-0.127115,0.666751,0.134139,0.000083,-0.000050,0.228939,-0.270203,0.220089,0.762089,-0.191819,0.000079,0.000058
0.040414,-0.000996,0.776938,-0.000396,0.048088,0.016915,0.998700,-0.188603,-0.010001,0.044020,0.321255,-0.217592,-0.033902,-0.171460,-0.086648,-0.085779,0.305386,-0.208895,0.037595,0.013240,0.000000,0.000000,0.509740,0.178101,-0.126044,0.666253,0.132777,0.000083,-0.000049,0.230298,-0.270560,0.221038,0.760452,-0.189848,0.000079,0.000058
0.040942,-0.000948,0.776941,-0.000284,0.048669,0.017373,0.998664,-0.188958,-0.010592,0.043383,0.320811,-0.217765,-0.033871,-0.171090,-0.087277,-0.086825,0.304150,-0.209255,0.037784,0.012560,0.000000,0.000000,0.508383,0.179827,-0.125989,0.665078,0.131955,0.000083,-0.000049,0.231480,-0.271463,0.223435,0.757363,-0.186212,0.000079,0.000059
0.041421,-0.000911,0.776921,-0.000169,0.049153,0.017793,0.998633,-0.189399,-0.011164,0.042724,0.320960,-0.218190,-0.033870,-0.170914,-0.087860,-0.087663,0.303604,-0.209865,0.037979,0.011955,0.000000,0.000000,0.507472,0.182307,-0.127154,0.663275,0.132025,0.000083,-0.000050,0.232171,-0.273405,0.226738,0.753549,-0.182595,0.000079,0.000060
0.041895,-0.000884,0.776885,-0.000032,0.049513,0.018218,0.998607,-0.189785,-0.011769,0.042017,0.321609,-0.218880,-0.033935,-0.170726,-0.088466,-0.088404,0.303560,-0.210707,0.038174,0.011527,0.000000,0.000000,0.507058,0.184986,-0.128705,0.660987,0.132212,0.000083,-0.000052,0.231871,-0.276309,0.230371,0.749768,-0.180197,0.000079,0.000061
0.042369,-0.000869,0.776843,0.000154,0.049765,0.018643,0.998587,-0.190154,-0.012438,0.041316,0.322737,-0.219752,-0.034115,-0.170415,-0.089140,-0.089088,0.303720,-0.211643,0.038354,0.011319,0.000000,0.000000,0.506941,0.187297,-0.129911,0.658469,0.131961,0.000083,-0.000052,0.230508,-0.279651,0.233526,0.746616,-0.178718,0.000079,0.000062
0.042837,-0.000884,0.776786,0.000358,0.049850,0.018976,0.998576,-0.190474,-0.013015,0.040749,0.324533,-0.220897,-0.034465,-0.170016,-0.089743,-0.089544,0.304391,-0.212784,0.038538,0.011203,0.000000,0.000000,0.507042,0.189192,-0.130281,0.656463,0.131345,0.000083,-0.000053,0.228253,-0.282827,0.235233,0.743580,-0.177861,0.000079,0.000063
0.043295,-0.000955,0.776714,0.000515,0.049814,0.019213,0.998574,-0.190727,-0.013369,0.040260,0.326767,-0.222211,-0.034985,-0.169761,-0.090129,-0.089758,0.305874,-0.214302,0.038652,0.011121,0.000000,0.000000,0.507372,0.191070,-0.129735,0.655145,0.131064,0.000083,-0.000053,0.225514,-0.285055,0.234936,0.740628,-0.176710,0.000078,0.000063
0.043740,-0.001070,0.776643,0.000646,0.049719,0.019369,0.998575,-0.190936,-0.013568,0.039810,0.329200,-0.223516,-0.035725,-0.169606,-0.090353,-0.089795,0.307731,-0.215957,0.038683,0.011093,0.000000,0.000000,0.508163,0.193251,-0.128600,0.654045,0.131829,0.000083,-0.000054,0.222401,-0.287299,0.233448,0.738813,-0.176229,0.000078,0.000063
0.044175,-0.001201,0.776572,0.000793,0.049539,0.019441,0.998583,-0.191078,-0.013738,0.039433,0.331920,-0.224797,-0.036653,-0.169411,-0.090538,-0.089628,0.309742,-0.217618,0.038691,0.011216,0.000000,0.000000,0.509700,0.195236,-0.126370,0.652713,0.133225,0.000083,-0.000055,0.219562,-0.289325,0.230124,0.738031,-0.175851,0.000078,0.000062
0.044604,-0.001330,0.776494,0.000970,0.049287,0.019405,0.998596,-0.191346,-0.013892,0.039215,0.335330,-0.226152,-0.037832,-0.169289,-0.090729,-0.089206,0.312087,-0.219353,0.038709,0.011577,0.000000,0.000000,0.511994,0.196199,-0.122164,0.650522,0.134340,0.000083,-0.000055,0.217196,-0.291388,0.226262,0.737782,-0.176977,0.000078,0.000061
0.045018,-0.001467,0.776430,0.001166,0.049086,0.019177,0.998610,-0.191980,-0.013933,0.039333,0.339439,-0.227380,-0.039469,-0.169401,-0.090855,-0.088412,0.314431,-0.220948,0.038709,0.012272,0.000000,0.000000,0.514882,0.195362,-0.115237,0.646674,0.134177,0.000083,-0.000055,0.214952,-0.292905,0.221930,0.738238,-0.178602,0.000079,0.000060
0.045411,-0.001633,0.776397,0.001425,0.048797,0.018749,0.998632,-0.192902,-0.013920,0.039667,0.344626,-0.228235,-0.042205,-0.169482,-0.090980,-0.087174,0.316744,-0.222353,0.038775,0.013618,0.000000,0.000000,0.518810,0.192342,-0.105409,0.640184,0.132847,0.000083,-0.000055,0.213468,-0.293384,0.217511,0.739582,-0.180294,0.000079,0.000059
0.045772,-0.001806,0.776373,0.001697,0.048439,0.018085,0.998661,-0.194307,-0.013755,0.040127,0.351178,-0.229155,-0.046301,-0.169639,-0.091009,-0.085456,0.319267,-0.223715,0.038854,0.015543,0.000000,0.000000,0.524026,0.186747,-0.092216,0.630630,0.130335,0.000083,-0.000055,0.213141,-0.292961,0.212943,0.741250,-0.182457,0.000079,0.000059
0.046058,-0.001953,0.776327,0.001995,0.048011,0.017257,0.998696,-0.196593,-0.013538,0.040533,0.359775,-0.230534,-0.051641,-0.170030,-0.091022,-0.083326,0.322375,-0.225238,0.038938,0.018016,0.000000,0.000000,0.529591,0.178799,-0.076550,0.617256,0.126182,0.000083,-0.000056,0.214580,-0.291674,0.207703,0.742602,-0.185017,0.000079,0.000058
0.046266,-0.002001,0.776221,0.002294,0.047505,0.016319,0.998735,-0.200019,-0.013297,0.040844,0.370979,-0.232851,-0.057488,-0.170571,-0.090997,-0.080898,0.326011,-0.226961,0.039015,0.020976,0.000000,0.000000,0.534026,0.169086,-0.059966,0.598005,0.120598,0.000082,-0.000057,0.217731,-0.289222,0.201012,0.743659,-0.188147,0.000079,0.000057
0.046397,-0.001915,0.775994,0.002514,0.046801,0.015350,0.998783,-0.204346,-0.013025,0.040757,0.384898,-0.236898,-0.063128,-0.171156,-0.090795,-0.078300,0.330642,-0.229199,0.039032,0.024403,0.000000,0.000000,0.535986,0.158080,-0.043706,0.570039,0.113810,0.000082,-0.000059,0.222777,-0.284895,0.190573,0.744867,-0.192906,0.000079,0.000054
0.046414,-0.001648,0.775567,0.002428,0.045841,0.014447,0.998841,-0.209341,-0.012370,0.039992,0.401387,-0.243860,-0.067446,-0.171961,-0.089939,-0.075712,0.336865,-0.232170,0.038974,0.028253,0.000000,0.000000,0.533982,0.145339,-0.026989,0.531943,0.105098,0.000082,-0.000061,0.233714,-0.276909,0.175300,0.750328,-0.196953,0.000079,0.000045
0.046304,-0.001138,0.774846,0.001428,0.044719,0.014269,0.998897,-0.216003,-0.010841,0.036546,0.422067,-0.254087,-0.069760,-0.173172,-0.087576,-0.074574,0.345006,-0.236206,0.038810,0.033366,0.000000,0.000000,0.526438,0.132758,-0.008572,0.482831,0.095674,0.000082,-0.000061,0.250558,-0.265222,0.157558,0.758716,-0.200293,0.000079,0.000033
0.045775,-0.000298,0.773679,-0.001144,0.043601,0.015251,0.998932,-0.226844,-0.007859,0.028110,0.450138,-0.268658,-0.069392,-0.175080,-0.082433,-0.076029,0.355208,-0.241505,0.038396,0.039969,0.000000,0.000000,0.508429,0.122284,0.012933,0.421989,0.089068,0.000083,-0.000056,0.274299,-0.250290,0.138544,0.772453,-0.203047,0.000077,0.000015
0.045077,0.000961,0.772016,-0.005754,0.041917,0.017939,0.998943,-0.240782,-0.003400,0.013724,0.484975,-0.286799,-0.065100,-0.176101,-0.074168,-0.081160,0.368075,-0.248974,0.038119,0.046755,0.000000,0.000000,0.474640,0.115328,0.042375,0.350249,0.090598,0.000083,-0.000040,0.308334,-0.235071,0.125917,0.797419,-0.209238,0.000077,-0.000001
0.044534,0.002390,0.769886,-0.013362,0.039285,0.022854,0.998877,-0.253713,0.004702,-0.004697,0.520706,-0.308644,-0.051489,-0.174946,-0.061124,-0.091567,0.383947,-0.259315,0.037925,0.051979,0.000000,0.000000,0.420175,0.104599,0.079708,0.271030,0.087778,0.000084,-0.000004,0.353010,-0.219279,0.134662,0.835790,-0.225317,0.000078,-0.000007
0.043688,0.003467,0.767689,-0.022807,0.037067,0.032153,0.998535,-0.269044,0.013416,-0.030406,0.555375,-0.329382,-0.037772,-0.173557,-0.046784,-0.111020,0.400543,-0.270702,0.037913,0.054669,0.000000,0.000000,0.333288,0.094825,0.118362,0.192250,0.087540,0.000087,0.000042,0.404847,-0.201837,0.170156,0.884966,-0.254231,0.000081,-0.000002
0.042477,0.003615,0.765902,-0.032981,0.035461,0.046580,0.997740,-0.288011,0.020656,-0.066437,0.588112,-0.343466,-0.032658,-0.171022,-0.033339,-0.140636,0.414678,-0.279572,0.039216,0.053331,0.000000,0.000000,0.217310,0.094812,0.137379,0.120898,0.089853,0.000097,0.000058,0.459261,-0.176910,0.219214,0.938021,-0.284822,0.000089,0.000006
0.041246,0.003216,0.764807,-0.042543,0.034555,0.066331,0.996291,-0.308454,0.023192,-0.110224,0.614050,-0.349836,-0.033056,-0.169360,-0.023991,-0.176138,0.429299,-0.280037,0.049522,0.045458,0.000000,0.000000,0.083790,0.112443,0.130639,0.068646,0.110904,0.000094,0.000070,0.516384,-0.135151,0.266799,0.986541,-0.294268,0.000096,0.000025
0.040125,0.003258,0.764500,-0.049569,0.034427,0.089299,0.994175,-0.326889,0.017464,-0.155160,0.629390,-0.348416,-0.036109,-0.172951,-0.022417,-0.201080,0.451338,-0.270281,0.078330,0.028124,0.000000,0.000000,-0.055588,0.133541,0.102963,0.037365,0.139366,0.000086,0.000075,0.571579,-0.093583,0.313714,1.022584,-0.300197,0.000097,0.000044
0.039307,0.004131,0.765143,-0.053641,0.035001,0.106036,0.992297,-0.340514,0.012162,-0.184587,0.632743,-0.340642,-0.040031,-0.186218,-0.019734,-0.180689,0.482075,-0.249477,0.110456,-0.008699,0.000000,0.000000,-0.182530,0.165453,0.078091,0.024660,0.180952,0.000080,0.000079,0.621952,-0.070937,0.358378,1.043885,-0.310350,0.000097,0.000062
0.038344,0.005497,0.767142,-0.057486,0.037170,0.122575,0.990095,-0.346864,0.006318,-0.211236,0.617038,-0.324086,-0.042202,-0.212587,-0.005649,-0.109282,0.521159,-0.216666,0.138641,-0.056462,0.000000,0.000000,-0.304873,0.197777,0.056879,0.032355,0.229784,0.000073,0.000087,0.664784,-0.056413,0.389990,1.051837,-0.311551,0.000096,0.000076
0.037470,0.006825,0.770016,-0.060093,0.039102,0.137495,0.987904,-0.341635,-0.000632,-0.234335,0.584805,-0.301225,-0.041738,-0.239929,0.016527,-0.006565,0.563046,-0.185390,0.161517,-0.104293,0.000000,0.000000,-0.413470,0.219822,0.029660,0.058927,0.269255,0.000066,0.000086,0.706362,-0.047149,0.406074,1.047912,-0.306793,0.000087,0.000078
0.037060,0.008564,0.772802,-0.062006,0.040916,0.147680,0.986241,-0.332224,-0.004723,-0.250130,0.550715,-0.279722,-0.040177,-0.261934,0.045983,0.111365,0.602143,-0.163220,0.171832,-0.148757,0.000000,0.000000,-0.509145,0.227256,-0.006063,0.097747,0.281443,0.000056,0.000081,0.745519,-0.048091,0.410292,1.032612,-0.300212,0.000078,0.000074
0.036755,0.010748,0.775091,-0.062468,0.042181,0.151345,0.985603,-0.321272,-0.006698,-0.254543,0.520814,-0.262474,-0.037503,-0.277916,0.079665,0.240743,0.641760,-0.140853,0.180472,-0.189015,0.000000,0.000000,-0.595454,0.217311,-0.040776,0.148514,0.267432,0.000044,0.000072,0.781282,-0.063795,0.403447,1.008529,-0.296129,0.000069,0.000068
0.036697,0.013180,0.776731,-0.062788,0.041979,0.147697,0.986145,-0.310174,-0.003008,-0.246585,0.498942,-0.250686,-0.034681,-0.286359,0.110349,0.360417,0.681257,-0.112457,0.185679,-0.228103,0.000000,0.000000,-0.662924,0.209177,-0.051328,0.215274,0.267821,0.000040,0.000071,0.816295,-0.090916,0.386305,0.979387,-0.292265,0.000064,0.000065
0.036594,0.015200,0.777718,-0.063675,0.042755,0.146381,0.986251,-0.305629,-0.001052,-0.242926,0.487477,-0.244195,-0.032432,-0.292917,0.126656,0.442733,0.713508,-0.074241,0.176834,-0.259013,0.000000,0.000000,-0.727143,0.189975,-0.065505,0.289795,0.271107,0.000037,0.000081,0.847057,-0.112020,0.351392,0.944079,-0.282072,0.000069,0.000066
0.036559,0.016842,0.778058,-0.063638,0.043324,0.146651,0.986188,-0.304913,-0.003190,-0.242432,0.485744,-0.242280,-0.030832,-0.291244,0.135588,0.513869,0.731397,-0.039118,0.178284,-0.285650,0.000000,0.000000,-0.785348,0.169171,-0.082936,0.372483,0.285775,0.000032,0.000078,0.873287,-0.130445,0.309488,0.906319,-0.271221,0.000065,0.000060
0.036760,0.018320,0.777802,-0.064279,0.042647,0.148487,0.985901,-0.306724,-0.006037,-0.246544,0.494758,-0.245774,-0.030122,-0.276467,0.144394,0.581106,0.730461,-0.016878,0.190832,-0.310559,0.000000,0.000000,-0.833463,0.141330,-0.100327,0.467406,0.296923,0.000024,0.000070,0.899328,-0.146217,0.263481,0.866812,-0.256383,0.000057,0.000050
0.037151,0.019849,0.776812,-0.066362,0.040473,0.151543,0.985390,-0.311630,-0.008060,-0.255080,0.517546,-0.256702,-0.030404,-0.249879,0.155881,0.643022,0.713994,-0.013619,0.194713,-0.335187,0.000000,0.000000,-0.868282,0.111609,-0.118390,0.574445,0.304575,0.000020,0.000073,0.925087,-0.164657,0.218085,0.825671,-0.243114,0.000056,0.000048
0.037483,0.021259,0.774925,-0.069547,0.037361,0.154946,0.984763,-0.319910,-0.009232,-0.264860,0.552950,-0.275171,-0.031041,-0.217930,0.164496,0.689646,0.685238,-0.009927,0.195741,-0.359573,0.000000,0.000000,-0.892682,0.084429,-0.133472,0.684534,0.308131,0.000018,0.000070,0.947471,-0.191358,0.180929,0.779928,-0.236863,0.000052,0.000045
0.037900,0.021932,0.771547,-0.074047,0.033727,0.155434,0.984490,-0.332891,-0.006329,-0.269996,0.600593,-0.301208,-0.031508,-0.189789,0.167842,0.711552,0.655033,-0.018428,0.199790,-0.386240,0.000000,0.000000,-0.900847,0.068035,-0.148067,0.792210,0.301715,0.000018,0.000070,0.966095,-0.232990,0.159606,0.723971,-0.238286,0.000050,0.000047
0.038122,0.022250,0.767327,-0.077399,0.030319,0.154581,0.984477,-0.348409,-0.004064,-0.270884,0.654722,-0.331785,-0.031746,-0.170855,0.167145,0.711871,0.636647,-0.041126,0.190289,-0.412608,0.000000,0.000000,-0.896526,0.058180,-0.162539,0.886842,0.284600,0.000023,0.000082,0.977901,-0.283677,0.139929,0.659639,-0.242742,0.000060,0.000061
0.038282,0.022574,0.762959,-0.079972,0.025726,0.151282,0.984914,-0.359882,0.000869,-0.266385,0.709450,-0.364784,-0.031904,-0.157032,0.164810,0.692888,0.627520,-0.074040,0.161895,-0.435874,0.000000,0.000000,-0.877773,0.053768,-0.176648,0.969876,0.259838,0.000024,0.000077,0.985379,-0.339892,0.111135,0.586440,-0.246459,0.000056,0.000064
0.038612,0.022986,0.759005,-0.081491,0.020142,0.142466,0.986234,-0.363108,0.011552,-0.250415,0.755498,-0.396390,-0.031024,-0.150551,0.161614,0.667468,0.628700,-0.106294,0.149935,-0.452786,0.000000,0.000000,-0.843802,0.057144,-0.189924,1.039261,0.233667,0.000025,0.000059,0.985885,-0.397529,0.065785,0.507161,-0.242224,0.000044,0.000054
0.038914,0.023768,0.755883,-0.081496,0.015205,0.126135,0.988543,-0.360018,0.027519,-0.220064,0.787609,-0.422480,-0.029055,-0.156941,0.153210,0.632795,0.636210,-0.124060,0.147630,-0.460922,0.000000,0.000000,-0.802433,0.070515,-0.215052,1.095166,0.218512,0.000028,0.000051,0.975195,-0.457494,0.006738,0.425011,-0.234321,0.000043,0.000050
0.039300,0.024707,0.754145,-0.080211,0.011799,0.101996,0.991476,-0.348492,0.047646,-0.176301,0.799812,-0.440260,-0.026057,-0.178663,0.133892,0.576780,0.646580,-0.128477,0.154921,-0.457991,0.000000,0.000000,-0.750658,0.095270,-0.242603,1.126499,0.215429,0.000037,0.000055,0.946129,-0.514309,-0.059184,0.342317,-0.222217,0.000050,0.000053
0.040080,0.025648,0.753526,-0.077071,0.008826,0.073144,0.994300,-0.328291,0.067398,-0.123840,0.796503,-0.451069,-0.023233,-0.208868,0.103592,0.502664,0.659827,-0.120459,0.164914,-0.445344,0.000000,0.000000,-0.684495,0.120914,-0.272684,1.139161,0.214805,0.000071,0.000085,0.900619,-0.568466,-0.125391,0.264504,-0.215145,0.000083,0.000082
0.040945,0.026532,0.753900,-0.072734,0.005816,0.040214,0.996523,-0.300002,0.086329,-0.065423,0.781142,-0.456496,-0.021510,-0.245699,0.059819,0.400914,0.674184,-0.099308,0.191158,-0.423264,0.000000,0.000000,-0.606464,0.156941,-0.316134,1.134513,0.232035,0.000050,0.000062,0.836190,-0.623114,-0.181966,0.195847,-0.217934,0.000063,0.000058
0.042020,0.027482,0.755234,-0.067641,0.002007,0.003787,0.997701,-0.262415,0.104260,-0.000558,0.753761,-0.456352,-0.020845,-0.280896,-0.002847,0.266373,0.682764,-0.071616,0.226845,-0.394628,0.000000,0.000000,-0.516106,0.201332,-0.362065,1.114333,0.256254,0.000066,0.000073,0.748508,-0.671573,-0.233080,0.135415,-0.225699,0.000075,0.000068
0.043403,0.028628,0.756926,-0.062333,-0.002357,-0.034417,0.997459,-0.219788,0.121415,0.069818,0.721082,-0.453089,-0.022204,-0.305724,-0.081183,0.102521,0.684378,-0.049742,0.255507,-0.362173,0.000000,0.000000,-0.417527,0.246130,-0.397843,1.083976,0.272603,0.000074,0.000078,0.640305,-0.711302,-0.269854,0.092150,-0.240646,0.000083,0.000071
0.045161,0.029495,0.758330,-0.057342,-0.006544,-0.072322,0.995710,-0.177406,0.136052,0.141308,0.689063,-0.448946,-0.025842,-0.316583,-0.162973,-0.075303,0.685364,-0.042019,0.259043,-0.326518,0.000000,0.000000,-0.309409,0.285831,-0.420581,1.047199,0.275176,0.000076,0.000077,0.511503,-0.732751,-0.297840,0.055237,-0.256450,0.000082,0.000061
0.046945,0.029889,0.759219,-0.053308,-0.010024,-0.108875,0.992574,-0.138175,0.149365,0.210541,0.660880,-0.445726,-0.031016,-0.318081,-0.239894,-0.252158,0.688472,-0.029082,0.247044,-0.289776,0.000000,0.000000,-0.194827,0.320965,-0.430568,0.998433,0.267518,0.000060,0.000059,0.370421,-0.737681,-0.312787,0.025170,-0.273389,0.000066,0.000035
0.048993,0.029814,0.759616,-0.050326,-0.013255,-0.142996,0.988354,-0.101911,0.161535,0.275505,0.637966,-0.444278,-0.037265,-0.308206,-0.306994,-0.421580,0.692893,-0.021636,0.197033,-0.253743,0.000000,0.000000,-0.075719,0.352296,-0.434567,0.942816,0.256604,0.000047,0.000041,0.225920,-0.722913,-0.309832,0.001885,-0.282563,0.000053,0.000014
0.050976,0.028793,0.759334,-0.048184,-0.016434,-0.175030,0.983246,-0.067349,0.172797,0.337039,0.619573,-0.444631,-0.044554,-0.289594,-0.366152,-0.593128,0.698209,-0.017751,0.134424,-0.216900,0.000000,0.000000,0.045793,0.381040,-0.430396,0.877221,0.242219,0.000053,0.000044,0.087279,-0.685322,-0.299626,-0.020325,-0.290582,0.000057,0.000006
0.052508,0.027164,0.757741,-0.044183,-0.019224,-0.204899,0.977596,-0.039072,0.176252,0.394761,0.607931,-0.447281,-0.050281,-0.268530,-0.424341,-0.762444,0.708623,-0.022356,0.068322,-0.177412,0.000000,0.000000,0.165571,0.407493,-0.426072,0.805132,0.229261,0.000055,0.000039,-0.039494,-0.634971,-0.281238,-0.046102,-0.294410,0.000052,0.000001
0.053351,0.024693,0.754805,-0.037858,-0.021677,-0.230352,0.972129,-0.018814,0.173076,0.443190,0.607427,-0.455640,-0.055545,-0.249600,-0.474619,-0.903607,0.725848,-0.039722,0.006825,-0.134412,0.000000,0.000000,0.278862,0.432654,-0.419914,0.726598,0.216449,0.000061,0.000035,-0.147148,-0.568787,-0.258702,-0.072408,-0.292381,0.000052,-0.000004
0.053397,0.022344,0.750954,-0.031073,-0.024158,-0.254024,0.966397,-0.003746,0.169244,0.486262,0.617137,-0.469536,-0.061213,-0.240910,-0.514156,-1.005881,0.749510,-0.059243,-0.048263,-0.089236,0.000000,0.000000,0.384030,0.460409,-0.411946,0.640314,0.207647,0.000071,0.000041,-0.237227,-0.498665,-0.235165,-0.098831,-0.285539,0.000062,-0.000009
0.053177,0.020341,0.746203,-0.023565,-0.027501,-0.274664,0.960858,0.004908,0.163864,0.521005,0.639805,-0.489685,-0.066348,-0.243859,-0.547210,-1.065412,0.777782,-0.075198,-0.097838,-0.040658,0.000000,0.000000,0.483536,0.490150,-0.405174,0.547652,0.204331,0.000071,0.000026,-0.307690,-0.435392,-0.219636,-0.120225,-0.288479,0.000059,-0.000016
0.053045,0.018668,0.741165,-0.016675,-0.031179,-0.292681,0.955556,0.009751,0.158047,0.548554,0.667667,-0.512020,-0.069857,-0.262091,-0.571507,-1.073192,0.813780,-0.095709,-0.131738,0.008317,0.000000,0.000000,0.575823,0.526825,-0.393701,0.449739,0.209650,0.000056,0.000007,-0.358007,-0.378165,-0.207089,-0.136567,-0.292922,0.000041,-0.000016
0.052813,0.017343,0.736488,-0.011730,-0.033621,-0.308148,0.950672,0.010643,0.154927,0.569843,0.694622,-0.532311,-0.071572,-0.291749,-0.582393,-1.040657,0.850011,-0.121401,-0.144504,0.054975,0.000000,0.000000,0.658649,0.569627,-0.369705,0.351896,0.220418,0.000050,-0.000001,-0.389900,-0.330392,-0.196630,-0.146347,-0.308569,0.000035,-0.000022
0.052147,0.016058,0.733166,-0.008846,-0.036028,-0.318313,0.947259,0.009800,0.153259,0.581849,0.714774,-0.545443,-0.071125,-0.314855,-0.584852,-1.002660,0.876417,-0.145453,-0.138757,0.098110,0.000000,0.000000,0.728919,0.618456,-0.333055,0.260901,0.236773,0.000049,-0.000008,-0.396491,-0.293830,-0.192932,-0.145579,-0.328390,0.000036,-0.000031
0.051299,0.014690,0.731390,-0.008083,-0.037871,-0.324789,0.944993,0.008077,0.156203,0.588820,0.729515,-0.552747,-0.070464,-0.328657,-0.582155,-0.973756,0.894383,-0.158029,-0.128766,0.132674,0.000000,0.000000,0.787546,0.665970,-0.284551,0.177605,0.251209,0.000050,-0.000016,-0.386881,-0.270235,-0.187505,-0.137054,-0.350704,0.000035,-0.000039
0.050603,0.012706,0.731249,-0.010753,-0.039550,-0.322950,0.945528,0.006031,0.163852,0.581653,0.737566,-0.553501,-0.070204,-0.324982,-0.582004,-0.966265,0.909987,-0.157897,-0.111457,0.160416,0.000000,0.000000,0.834291,0.714711,-0.223419,0.102473,0.265355,0.000052,-0.000020,-0.358006,-0.255976,-0.189345,-0.118381,-0.368276,0.000033,-0.000043
0.050383,0.011071,0.733237,-0.013690,-0.039890,-0.311735,0.949233,-0.002913,0.171161,0.558665,0.741527,-0.548240,-0.070148,-0.306550,-0.589409,-0.980350,0.918131,-0.136597,-0.080193,0.181421,0.000000,0.000000,0.857622,0.753458,-0.155562,0.030013,0.276378,0.000053,-0.000021,-0.313715,-0.246859,-0.206636,-0.094740,-0.372058,0.000031,-0.000052
0.049533,0.009794,0.737673,-0.017620,-0.036921,-0.294385,0.954811,-0.014974,0.180303,0.529918,0.730415,-0.532546,-0.070960,-0.284973,-0.595258,-0.999430,0.915425,-0.097207,-0.036778,0.194345,0.000000,0.000000,0.857514,0.778402,-0.081932,-0.043229,0.283643,0.000048,-0.000016,-0.255265,-0.248755,-0.230309,-0.065577,-0.378504,0.000028,-0.000051
0.048003,0.008878,0.743148,-0.023274,-0.032308,-0.273272,0.961112,-0.027106,0.190786,0.497828,0.707109,-0.508469,-0.072065,-0.275257,-0.588927,-0.985093,0.903149,-0.046810,0.009609,0.195243,0.000000,0.000000,0.838002,0.789669,-0.013000,-0.111397,0.283498,0.000048,-0.000015,-0.182882,-0.256578,-0.249226,-0.025178,-0.386223,0.000031,-0.000049
0.046131,0.008374,0.748646,-0.030037,-0.027554,-0.248769,0.967705,-0.041263,0.201080,0.458529,0.682551,-0.482911,-0.072676,-0.283569,-0.562092,-0.916072,0.881062,0.005184,0.053385,0.186030,0.000000,0.000000,0.802371,0.787709,0.045588,-0.172518,0.279614,0.000050,-0.000016,-0.115764,-0.248567,-0.264888,0.015155,-0.364022,0.000030,-0.000052
0.044177,0.008140,0.753637,-0.037708,-0.023265,-0.222279,0.973976,-0.056308,0.210043,0.413840,0.658999,-0.458365,-0.072148,-0.307561,-0.510975,-0.782201,0.852106,0.048232,0.108249,0.167919,0.000000,0.000000,0.753046,0.772504,0.101367,-0.224102,0.286091,0.000052,-0.000010,-0.041397,-0.238399,-0.283968,0.049274,-0.360183,0.000028,-0.000049
0.042362,0.008084,0.757617,-0.045634,-0.019253,-0.194734,0.979605,-0.075785,0.217067,0.363814,0.642261,-0.437527,-0.070231,-0.333525,-0.437742,-0.605866,0.816968,0.082458,0.170302,0.144124,0.000000,0.000000,0.692749,0.752045,0.145511,-0.264489,0.300216,0.000050,-0.000006,0.033903,-0.217856,-0.311907,0.068632,-0.361774,0.000022,-0.000044
0.040474,0.007856,0.760632,-0.053263,-0.014854,-0.166260,0.984530,-0.101005,0.221536,0.308607,0.632541,-0.420493,-0.067790,-0.347460,-0.350825,-0.416652,0.776727,0.108317,0.239580,0.117093,0.000000,0.000000,0.612539,0.729003,0.170460,-0.299029,0.316224,0.000083,-0.000022,0.109059,-0.177789,-0.351875,0.075373,-0.360877,0.000047,-0.000081
0.038385,0.007035,0.762399,-0.060605,-0.010650,-0.135716,0.988835,-0.131291,0.222242,0.246205,0.631265,-0.408293,-0.065451,-0.340194,-0.264959,-0.245676,0.736241,0.119774,0.261554,0.088636,0.000000,0.000000,0.516941,0.703560,0.181471,-0.319177,0.331769,0.000077,-0.000022,0.184186,-0.117798,-0.394664,0.069446,-0.351729,0.000038,-0.000073
0.036343,0.005683,0.763081,-0.067629,-0.007673,-0.102605,0.992391,-0.164403,0.218282,0.176353,0.638605,-0.400627,-0.063960,-0.315193,-0.186595,-0.086666,0.699192,0.112815,0.261574,0.057068,0.000000,0.000000,0.408246,0.680009,0.175363,-0.324399,0.345755,0.000056,-0.000011,0.256461,-0.040403,-0.430526,0.055970,-0.328871,0.000016,-0.000046
0.034332,0.004010,0.762607,-0.072935,-0.005080,-0.066956,0.995074,-0.201435,0.205678,0.100486,0.654846,-0.397246,-0.063416,-0.280486,-0.122541,0.063543,0.669622,0.084187,0.261624,0.021948,0.000000,0.000000,0.290257,0.653698,0.152801,-0.314327,0.358128,0.000059,-0.000014,0.323642,0.041569,-0.470262,0.035995,-0.310172,0.000016,-0.000045
0.032293,0.002170,0.760600,-0.075906,-0.002555,-0.029157,0.996685,-0.244349,0.182935,0.019752,0.685299,-0.400601,-0.064029,-0.241640,-0.075071,0.200603,0.645090,0.041434,0.261465,-0.014760,0.000000,0.000000,0.169517,0.620120,0.118028,-0.293931,0.366331,0.000050,-0.000016,0.387583,0.122466,-0.509374,0.011466,-0.293709,0.000014,-0.000039
0.030846,-0.000199,0.757207,-0.076617,-0.000592,0.009257,0.997017,-0.288649,0.150469,-0.060149,0.725967,-0.409049,-0.065683,-0.206112,-0.042987,0.314437,0.636856,-0.010267,0.261019,-0.050839,0.000000,0.000000,0.050309,0.577622,0.074258,-0.258797,0.369873,0.000042,-0.000017,0.447283,0.200363,-0.547861,-0.012948,-0.279363,0.000013,-0.000034
0.029728,-0.002551,0.752890,-0.076053,0.001166,0.045595,0.996060,-0.329179,0.112712,-0.132006,0.772639,-0.422484,-0.068365,-0.175966,-0.025555,0.393125,0.636273,-0.046636,0.261436,-0.083719,0.000000,0.000000,-0.063210,0.523083,0.036542,-0.203563,0.379848,0.000077,-0.000039,0.498157,0.267577,-0.577488,-0.031530,-0.269916,0.000041,-0.000070
0.028786,-0.004050,0.748369,-0.074546,0.002804,0.077392,0.994206,-0.364924,0.074376,-0.190674,0.820225,-0.437774,-0.070749,-0.152649,-0.016051,0.446888,0.644093,-0.079772,0.260409,-0.114521,0.000000,0.000000,-0.162621,0.458873,0.006760,-0.127590,0.387902,0.000072,-0.000018,0.541817,0.316405,-0.595343,-0.046053,-0.271747,0.000044,-0.000061
0.027823,-0.004643,0.744258,-0.072597,0.003509,0.104148,0.991903,-0.392214,0.039126,-0.235377,0.863452,-0.453266,-0.072403,-0.135847,-0.012011,0.474886,0.660036,-0.106714,0.258164,-0.142281,0.000000,0.000000,-0.244969,0.392528,-0.016309,-0.030824,0.391022,0.000065,0.000003,0.579566,0.343051,-0.605639,-0.063576,-0.287252,0.000045,-0.000047
0.026627,-0.004058,0.740995,-0.070516,0.002762,0.124411,0.989718,-0.409426,0.009843,-0.265782,0.898974,-0.467365,-0.072855,-0.123641,-0.014355,0.480190,0.674572,-0.125328,0.252967,-0.166152,0.000000,0.000000,-0.305573,0.328350,-0.024821,0.082040,0.389480,0.000065,0.000035,0.610160,0.348541,-0.611353,-0.090659,-0.307795,0.000046,-0.000039
0.025511,-0.002753,0.738865,-0.069440,0.000725,0.137652,0.988043,-0.416670,-0.009827,-0.284248,0.923618,-0.478323,-0.072014,-0.114945,-0.021708,0.465581,0.682116,-0.135455,0.247875,-0.184965,0.000000,0.000000,-0.346420,0.277437,-0.033533,0.213921,0.381500,0.000076,0.000065,0.632863,0.339263,-0.625789,-0.138915,-0.326806,0.000051,-0.000043
0.024916,-0.001024,0.738006,-0.069732,-0.002035,0.142294,0.987363,-0.414542,-0.017117,-0.289445,0.934101,-0.484337,-0.069364,-0.113865,-0.029908,0.442570,0.688913,-0.137601,0.236732,-0.198637,0.000000,0.000000,-0.372353,0.251623,-0.057274,0.355977,0.377916,0.000069,0.000065,0.639130,0.317828,-0.640026,-0.200904,-0.324598,0.000043,-0.000032
0.024205,0.001900,0.738193,-0.069329,-0.004401,0.137437,0.988072,-0.406205,-0.016569,-0.277996,0.933199,-0.486844,-0.063796,-0.123901,-0.043341,0.417390,0.695385,-0.123844,0.224525,-0.207048,0.000000,0.000000,-0.386962,0.238592,-0.090830,0.498560,0.376495,0.000035,0.000033,0.619022,0.280190,-0.652267,-0.262929,-0.304197,0.000018,-0.000010
0.023749,0.005076,0.739971,-0.067799,-0.007066,0.125903,0.989698,-0.387656,-0.010108,-0.254104,0.916547,-0.484283,-0.056552,-0.141941,-0.062654,0.385929,0.704379,-0.093122,0.228202,-0.207459,0.000000,0.000000,-0.390020,0.233468,-0.146202,0.642980,0.388449,0.000061,0.000053,0.577981,0.228086,-0.671470,-0.316102,-0.295029,0.000045,-0.000030
0.024081,0.007932,0.743171,-0.065817,-0.009197,0.107495,0.991982,-0.362349,0.004020,-0.218773,0.884077,-0.475011,-0.049893,-0.172001,-0.085872,0.343844,0.718040,-0.044074,0.249864,-0.201805,0.000000,0.000000,-0.375634,0.228930,-0.198909,0.774913,0.402631,0.000072,0.000057,0.513744,0.167303,-0.680009,-0.349526,-0.292330,0.000058,-0.000044
0.024445,0.010591,0.747018,-0.063093,-0.010904,0.082860,0.994502,-0.330206,0.023044,-0.171265,0.840603,-0.462647,-0.043603,-0.210661,-0.119306,0.274955,0.735456,0.012770,0.261552,-0.190944,0.000000,0.000000,-0.344847,0.226811,-0.240755,0.887606,0.419907,0.000081,0.000059,0.428093,0.097517,-0.662052,-0.363547,-0.285943,0.000068,-0.000055
0.024948,0.013106,0.750708,-0.059372,-0.013689,0.053493,0.996708,-0.291158,0.043047,-0.113942,0.792571,-0.449711,-0.038269,-0.256858,-0.169117,0.175132,0.764242,0.065955,0.261414,-0.176170,0.000000,0.000000,-0.294681,0.217835,-0.253944,0.978171,0.415208,0.000049,0.000023,0.333709,0.005426,-0.591671,-0.354625,-0.290237,0.000028,-0.000013
0.025658,0.015423,0.753622,-0.054782,-0.016638,0.022641,0.998103,-0.252304,0.059812,-0.053725,0.748389,-0.438801,-0.034589,-0.304131,-0.231469,0.062678,0.800217,0.109923,0.261475,-0.159671,0.000000,0.000000,-0.235075,0.204475,-0.253781,1.039732,0.401864,0.000051,0.000025,0.231486,-0.092297,-0.495571,-0.326511,-0.310378,0.000028,-0.000010
0.026596,0.017468,0.755635,-0.049708,-0.019449,-0.009089,0.998533,-0.216028,0.074158,0.008589,0.711606,-0.431813,-0.032720,-0.343960,-0.302757,-0.061526,0.832041,0.145755,0.261417,-0.142935,0.000000,0.000000,-0.171851,0.194306,-0.256758,1.076691,0.396660,0.000050,0.000025,0.120634,-0.185049,-0.368057,-0.279719,-0.342312,0.000029,-0.000011
0.027888,0.019171,0.756728,-0.044437,-0.022508,-0.040295,0.997945,-0.182056,0.086009,0.070679,0.683599,-0.429787,-0.032511,-0.366116,-0.376775,-0.195510,0.853024,0.165305,0.261369,-0.126606,0.000000,0.000000,-0.108085,0.185242,-0.262968,1.092575,0.397195,0.000048,0.000024,-0.001387,-0.265940,-0.212384,-0.211119,-0.375860,0.000032,-0.000015
0.029424,0.020440,0.756895,-0.039245,-0.025924,-0.069105,0.996500,-0.150628,0.094426,0.128323,0.664225,-0.432492,-0.033471,-0.368357,-0.447119,-0.329882,0.864516,0.164336,0.261624,-0.110228,0.000000,0.000000,-0.045482,0.178323,-0.270543,1.089091,0.403722,0.000083,0.000065,-0.139411,-0.319088,-0.027270,-0.125719,-0.373890,0.000072,-0.000041
0.030659,0.021057,0.755520,-0.033113,-0.029894,-0.095787,0.994402,-0.123892,0.096590,0.180768,0.656145,-0.440313,-0.034715,-0.350229,-0.514726,-0.474894,0.867606,0.143254,0.252512,-0.090755,0.000000,0.000000,0.019129,0.171001,-0.276721,1.066285,0.405872,0.000067,0.000051,-0.289713,-0.319291,0.158326,-0.020710,-0.359511,0.000056,-0.000042
0.031669,0.021008,0.752369,-0.025972,-0.033764,-0.121169,0.991718,-0.105307,0.094763,0.228442,0.663136,-0.454959,-0.036037,-0.320047,-0.576884,-0.632628,0.868733,0.099986,0.196959,-0.066259,0.000000,0.000000,0.085147,0.166987,-0.274487,1.027878,0.400680,0.000057,0.000036,-0.424156,-0.301893,0.352034,0.097378,-0.343465,0.000043,-0.000025
0.032408,0.020702,0.747797,-0.019864,-0.038298,-0.144816,0.988518,-0.095380,0.094788,0.268736,0.688858,-0.477658,-0.038107,-0.282577,-0.625396,-0.790274,0.870740,0.040579,0.103315,-0.036536,0.000000,0.000000,0.151935,0.169649,-0.268816,0.979523,0.396291,0.000084,0.000055,-0.550529,-0.265597,0.523558,0.223729,-0.340900,0.000071,-0.000046
0.033377,0.019648,0.742434,-0.013728,-0.043019,-0.165784,0.985128,-0.087896,0.094057,0.303881,0.721140,-0.504071,-0.040720,-0.247014,-0.663643,-0.929698,0.878055,-0.026162,0.008233,0.000294,0.000000,0.000000,0.216932,0.178366,-0.263351,0.922732,0.394922,0.000084,0.000059,-0.669303,-0.214962,0.677385,0.353903,-0.352357,0.000076,-0.000052
0.034315,0.018215,0.736777,-0.007760,-0.046719,-0.184984,0.981600,-0.085334,0.093433,0.336022,0.755724,-0.529774,-0.042673,-0.225513,-0.692948,-1.034160,0.892571,-0.087872,-0.066967,0.040767,0.000000,0.000000,0.280945,0.194592,-0.255459,0.859439,0.393668,0.000083,0.000059,-0.764699,-0.138577,0.812065,0.477712,-0.344283,0.000065,-0.000046
0.035325,0.016572,0.731590,-0.002619,-0.048800,-0.200517,0.978470,-0.087602,0.094060,0.361458,0.789437,-0.552973,-0.044269,-0.220952,-0.713278,-1.089349,0.914903,-0.139635,-0.109544,0.080485,0.000000,0.000000,0.345517,0.216053,-0.244254,0.792100,0.386187,0.000082,0.000050,-0.838953,-0.059247,0.920585,0.599200,-0.347456,0.000058,-0.000044
0.036452,0.014648,0.727617,0.001084,-0.048400,-0.211539,0.976170,-0.094643,0.095887,0.378257,0.816318,-0.570457,-0.045265,-0.233366,-0.726484,-1.100611,0.941077,-0.174103,-0.127622,0.117479,0.000000,0.000000,0.405733,0.250489,-0.230809,0.717118,0.389248,0.000075,0.000033,-0.894049,0.016360,1.010046,0.716947,-0.352178,0.000051,-0.000036
0.037237,0.013454,0.725226,0.004522,-0.047299,-0.219175,0.974528,-0.100099,0.094946,0.390508,0.831361,-0.580725,-0.045223,-0.252977,-0.738083,-1.084356,0.966362,-0.189231,-0.123326,0.150702,0.000000,0.000000,0.466696,0.289288,-0.211809,0.633641,0.391252,0.000088,0.000006,-0.932397,0.085216,1.090755,0.827741,-0.363809,0.000052,-0.000027
0.037596,0.012635,0.724304,0.006102,-0.046016,-0.222507,0.973825,-0.104818,0.095562,0.395368,0.839030,-0.584839,-0.045381,-0.270534,-0.746847,-1.060600,0.988553,-0.184158,-0.096491,0.181117,0.000000,0.000000,0.524557,0.333927,-0.179055,0.545322,0.395453,0.000098,-0.000022,-0.950715,0.144237,1.146668,0.924493,-0.372454,0.000049,-0.000025
0.038055,0.012042,0.724877,0.005327,-0.044785,-0.221998,0.974004,-0.107736,0.098825,0.393307,0.839767,-0.583463,-0.046024,-0.283506,-0.753091,-1.035960,1.007634,-0.159851,-0.047736,0.209894,0.000000,0.000000,0.577597,0.381493,-0.129271,0.456407,0.401054,0.000081,-0.000040,-0.945550,0.188724,1.180139,1.014131,-0.373206,0.000050,-0.000023
0.039118,0.011374,0.728614,0.001195,-0.042356,-0.218226,0.974978,-0.108954,0.110152,0.385756,0.828261,-0.572048,-0.049536,-0.280285,-0.742892,-1.025412,1.001321,-0.122514,-0.014752,0.233606,0.000000,0.000000,0.624715,0.421389,-0.065640,0.372535,0.394341,0.000082,-0.000042,-0.916942,0.221572,1.189833,1.094639,-0.367682,0.000047,-0.000024
0.039523,0.009601,0.734142,-0.006054,-0.038447,-0.209510,0.977032,-0.106898,0.125809,0.371446,0.799024,-0.549070,-0.054353,-0.272666,-0.719367,-1.008236,0.981207,-0.079791,0.019048,0.252386,0.000000,0.000000,0.662357,0.459067,0.004322,0.286663,0.384444,0.000083,-0.000045,-0.880972,0.240566,1.191581,1.174308,-0.367842,0.000049,-0.000009
0.039466,0.007558,0.740203,-0.014521,-0.033562,-0.196149,0.979892,-0.106126,0.142453,0.349674,0.763708,-0.521060,-0.060232,-0.274136,-0.680196,-0.956515,0.950697,-0.037508,0.061753,0.265168,0.000000,0.000000,0.688591,0.492909,0.074812,0.198763,0.374392,0.000093,-0.000040,-0.840637,0.248762,1.181848,1.245453,-0.371703,0.000045,0.000009
0.039113,0.005729,0.746217,-0.023455,-0.028144,-0.179314,0.983109,-0.109126,0.158089,0.321049,0.728313,-0.491556,-0.065730,-0.286446,-0.623408,-0.862618,0.909852,-0.000785,0.112245,0.272113,0.000000,0.000000,0.702257,0.524171,0.141558,0.110792,0.367703,0.000097,-0.000038,-0.799786,0.240133,1.169496,1.303150,-0.389338,0.000044,0.000018
0.038628,0.004238,0.751794,-0.032083,-0.022424,-0.160642,0.986236,-0.116063,0.170629,0.288318,0.694292,-0.462031,-0.069276,-0.302402,-0.553604,-0.737336,0.860519,0.028598,0.165456,0.273530,0.000000,0.000000,0.703090,0.553257,0.203266,0.024709,0.364261,0.000066,-0.000027,-0.754869,0.220597,1.147680,1.348361,-0.407052,0.000032,0.000017
0.037947,0.002776,0.756236,-0.040951,-0.016825,-0.138869,0.989321,-0.129176,0.181175,0.247942,0.668485,-0.436275,-0.071044,-0.313041,-0.472186,-0.590696,0.809689,0.053224,0.220290,0.270740,0.000000,0.000000,0.688005,0.580538,0.259294,-0.057205,0.364366,0.000054,-0.000027,-0.709412,0.186704,1.115434,1.377649,-0.421843,0.000033,0.000019
0.036937,0.001509,0.759568,-0.049152,-0.010846,-0.115988,0.991974,-0.150018,0.188989,0.203450,0.652738,-0.415355,-0.071564,-0.315665,-0.386711,-0.438930,0.757692,0.071500,0.256684,0.263593,0.000000,0.000000,0.660558,0.607373,0.311766,-0.136035,0.373908,0.000080,-0.000059,-0.663213,0.141354,1.073186,1.391973,-0.430831,0.000069,0.000041
0.035741,0.000247,0.761518,-0.057402,-0.004882,-0.091195,0.994165,-0.178925,0.194014,0.152386,0.649352,-0.400298,-0.071072,-0.308721,-0.304403,-0.294072,0.710541,0.080405,0.261444,0.252668,0.000000,0.000000,0.617778,0.630884,0.361941,-0.213201,0.389094,0.000067,-0.000042,-0.614212,0.088556,1.019741,1.393149,-0.430592,0.000056,0.000024
0.034531,-0.001066,0.762211,-0.065121,0.000414,-0.064639,0.995781,-0.212897,0.194273,0.095321,0.657347,-0.391300,-0.070747,-0.292351,-0.230880,-0.155146,0.670374,0.075528,0.261483,0.237367,0.000000,0.000000,0.560561,0.644970,0.416400,-0.286266,0.412799,0.000057,-0.000024,-0.559798,0.034559,0.959790,1.385968,-0.423845,0.000046,0.000010
0.033417,-0.002498,0.761633,-0.072016,0.005651,-0.036233,0.996729,-0.252052,0.188360,0.032679,0.675907,-0.388259,-0.071002,-0.267985,-0.170075,-0.028255,0.634487,0.053215,0.261570,0.218542,0.000000,0.000000,0.486356,0.645310,0.455604,-0.351967,0.422724,0.000059,-0.000022,-0.500648,-0.022947,0.899525,1.367416,-0.417080,0.000052,0.000007
0.032269,-0.003582,0.758952,-0.077363,0.010789,-0.006542,0.996923,-0.300282,0.173533,-0.034093,0.713732,-0.394738,-0.071765,-0.240138,-0.126527,0.075701,0.604395,0.021776,0.261614,0.195300,0.000000,0.000000,0.391865,0.637752,0.469374,-0.413532,0.424657,0.000059,-0.000021,-0.434039,-0.084445,0.843049,1.336167,-0.414179,0.000057,0.000006
0.031325,-0.004371,0.754374,-0.080823,0.014909,0.024592,0.996313,-0.351213,0.148190,-0.101041,0.765859,-0.409239,-0.072242,-0.215183,-0.098770,0.157711,0.591292,-0.019946,0.261637,0.169912,0.000000,0.000000,0.287288,0.625388,0.464673,-0.469149,0.433497,0.000060,-0.000020,-0.357549,-0.147417,0.785045,1.299253,-0.409535,0.000061,0.000003
0.030234,-0.005156,0.749025,-0.082862,0.018546,0.056484,0.994786,-0.399060,0.115067,-0.163982,0.821338,-0.427009,-0.072701,-0.195065,-0.081961,0.218224,0.593994,-0.069400,0.261632,0.144770,0.000000,0.000000,0.171637,0.602981,0.438907,-0.517092,0.438393,0.000057,-0.000017,-0.275085,-0.211276,0.730168,1.257523,-0.409402,0.000061,-0.000000
0.029196,-0.005673,0.743749,-0.083400,0.021321,0.087031,0.992479,-0.439262,0.078329,-0.217963,0.873888,-0.445145,-0.073329,-0.177003,-0.074162,0.259149,0.601782,-0.117963,0.261572,0.122078,0.000000,0.000000,0.051713,0.567711,0.394530,-0.552990,0.441690,0.000050,-0.000014,-0.182972,-0.271711,0.671547,1.213038,-0.405887,0.000058,-0.000002
0.027852,-0.005521,0.739251,-0.082598,0.022763,0.115802,0.989570,-0.467131,0.038812,-0.262530,0.918195,-0.462027,-0.071977,-0.156242,-0.076697,0.280028,0.606938,-0.160499,0.261379,0.104593,0.000000,0.000000,-0.064502,0.510294,0.356316,-0.574766,0.461758,0.000047,-0.000003,-0.085310,-0.327414,0.604672,1.165735,-0.395740,0.000051,-0.000004
0.027395,-0.005049,0.735530,-0.079748,0.020351,0.136160,0.987262,-0.479450,0.006357,-0.288395,0.951897,-0.474945,-0.070016,-0.136653,-0.085208,0.283626,0.614910,-0.191361,0.261282,0.089929,0.000000,0.000000,-0.158838,0.437045,0.310059,-0.586819,0.470633,0.000043,0.000006,0.021810,-0.378071,0.539365,1.131014,-0.387851,0.000053,-0.000008
0.027166,-0.004284,0.733047,-0.077784,0.019030,0.148538,0.985659,-0.487777,-0.013472,-0.301031,0.974395,-0.484018,-0.068264,-0.127086,-0.093113,0.276714,0.623896,-0.208500,0.261224,0.075258,0.000000,0.000000,-0.231400,0.361204,0.264848,-0.593525,0.471244,0.000038,0.000015,0.125184,-0.419579,0.478713,1.090480,-0.383428,0.000055,-0.000011
0.026920,-0.003331,0.731937,-0.077032,0.017958,0.156372,0.984526,-0.491180,-0.024491,-0.307798,0.985885,-0.488702,-0.066535,-0.123932,-0.101267,0.259669,0.632007,-0.213936,0.261036,0.062737,0.000000,0.000000,-0.282860,0.285788,0.217750,-0.596955,0.461643,0.000031,0.000024,0.224452,-0.451275,0.419840,1.044516,-0.375679,0.000053,-0.000012
0.026766,-0.002200,0.732123,-0.078312,0.016251,0.156813,0.984384,-0.488438,-0.022453,-0.306381,0.986060,-0.488948,-0.064661,-0.132083,-0.106133,0.239970,0.648384,-0.205298,0.261436,0.048035,0.000000,0.000000,-0.308846,0.214443,0.181692,-0.599337,0.450111,0.000057,0.000068,0.311326,-0.476746,0.369213,0.996350,-0.370744,0.000078,-0.000034
0.026521,0.000111,0.734584,-0.078541,0.015089,0.150310,0.985399,-0.477744,-0.013346,-0.293230,0.969866,-0.483120,-0.061414,-0.151792,-0.113527,0.215881,0.669170,-0.170736,0.261558,0.032364,0.000000,0.000000,-0.308685,0.150360,0.148672,-0.595908,0.431309,0.000058,0.000083,0.386893,-0.505301,0.320761,0.945961,-0.367462,0.000083,-0.000034
0.026319,0.002290,0.739366,-0.078464,0.015592,0.136472,0.987409,-0.458976,0.003647,-0.267980,0.930544,-0.466671,-0.056530,-0.185231,-0.127819,0.179305,0.691740,-0.114642,0.261569,0.015728,0.000000,0.000000,-0.279714,0.115170,0.117081,-0.576765,0.421612,0.000055,0.000085,0.443813,-0.539154,0.274070,0.892928,-0.370359,0.000083,-0.000036
0.026254,0.004514,0.744630,-0.077051,0.014980,0.119032,0.989783,-0.432313,0.023021,-0.234618,0.883138,-0.447261,-0.051477,-0.221062,-0.153928,0.120913,0.714971,-0.054002,0.261290,0.000628,0.000000,0.000000,-0.239739,0.098204,0.093689,-0.545201,0.424196,0.000041,0.000074,0.494323,-0.572711,0.220719,0.833205,-0.367666,0.000069,-0.000028
0.026573,0.006681,0.749991,-0.073969,0.014011,0.097861,0.992348,-0.400286,0.043148,-0.192551,0.831281,-0.427359,-0.046955,-0.258515,-0.194532,0.037924,0.739823,0.006538,0.261099,-0.012472,0.000000,0.000000,-0.194448,0.098268,0.083195,-0.500310,0.437647,0.000021,0.000059,0.537493,-0.608647,0.159328,0.766387,-0.362033,0.000049,-0.000015
0.027173,0.008799,0.754892,-0.069861,0.012835,0.073987,0.994726,-0.365690,0.062167,-0.144447,0.779438,-0.408605,-0.042991,-0.294264,-0.249596,-0.067784,0.765121,0.061488,0.261276,-0.024530,0.000000,0.000000,-0.145587,0.103738,0.090507,-0.444545,0.454838,0.000019,0.000060,0.574459,-0.644940,0.088290,0.694380,-0.352945,0.000047,-0.000016
0.027675,0.010768,0.758883,-0.064530,0.011844,0.048483,0.996667,-0.331122,0.077573,-0.091499,0.731226,-0.392706,-0.039276,-0.323025,-0.320928,-0.197677,0.786768,0.109420,0.261203,-0.034803,0.000000,0.000000,-0.098280,0.112177,0.111019,-0.380141,0.469802,0.000016,0.000063,0.603260,-0.674759,0.007869,0.618024,-0.332548,0.000044,-0.000016
0.028423,0.012308,0.761428,-0.058033,0.010568,0.022197,0.998012,-0.298240,0.088143,-0.036184,0.692219,-0.382611,-0.036520,-0.334625,-0.401145,-0.345868,0.805890,0.143617,0.261342,-0.043249,0.000000,0.000000,-0.046444,0.114891,0.142868,-0.302761,0.472637,0.000044,0.000088,0.623078,-0.698679,-0.075470,0.537770,-0.307018,0.000082,-0.000044
0.029512,0.013339,0.762885,-0.051562,0.009235,-0.003982,0.998619,-0.267808,0.096521,0.018350,0.661833,-0.378077,-0.035080,-0.326765,-0.475127,-0.502466,0.815521,0.160960,0.251299,-0.049896,0.000000,0.000000,0.007057,0.114997,0.174954,-0.217341,0.465134,0.000046,0.000090,0.632223,-0.719692,-0.154956,0.458866,-0.285861,0.000082,-0.000042
0.030749,0.013856,0.763209,-0.044391,0.007254,-0.030473,0.998523,-0.238936,0.101686,0.073002,0.640005,-0.379002,-0.034649,-0.299515,-0.537925,-0.670219,0.811710,0.158475,0.205765,-0.052691,0.000000,0.000000,0.059471,0.115462,0.204719,-0.129881,0.451646,0.000035,0.000094,0.632452,-0.741606,-0.229716,0.383156,-0.275177,0.000065,-0.000029
0.032028,0.013486,0.761915,-0.036180,0.003964,-0.057350,0.997690,-0.210832,0.102343,0.127883,0.627280,-0.385623,-0.034468,-0.257955,-0.588479,-0.843833,0.799589,0.131874,0.126365,-0.050350,0.000000,0.000000,0.112926,0.118077,0.232655,-0.052873,0.436941,0.000026,0.000098,0.625395,-0.763914,-0.299762,0.309757,-0.270621,0.000051,-0.000021
0.033084,0.012342,0.759081,-0.027167,-0.000425,-0.085408,0.995976,-0.184144,0.099957,0.183683,0.623555,-0.397664,-0.034873,-0.215173,-0.624696,-1.003926,0.786495,0.084024,0.034446,-0.044653,0.000000,0.000000,0.168510,0.125169,0.259667,0.007377,0.429048,0.000029,0.000098,0.611338,-0.784926,-0.364072,0.235794,-0.263851,0.000048,-0.000021
0.033755,0.011229,0.754432,-0.017037,-0.004880,-0.112447,0.993500,-0.167024,0.093273,0.235460,0.636305,-0.416889,-0.035728,-0.189169,-0.649521,-1.121118,0.781386,0.017548,-0.051096,-0.037543,0.000000,0.000000,0.219693,0.134386,0.274530,0.045169,0.418513,0.000031,0.000098,0.595749,-0.811532,-0.426137,0.160558,-0.261855,0.000050,-0.000021
0.034295,0.010345,0.749086,-0.006775,-0.009742,-0.137878,0.990378,-0.154655,0.085826,0.282509,0.659748,-0.441663,-0.037973,-0.184296,-0.667351,-1.182235,0.784406,-0.046770,-0.115571,-0.030884,0.000000,0.000000,0.273455,0.147479,0.287166,0.064314,0.413676,0.000033,0.000097,0.574203,-0.836961,-0.487472,0.084854,-0.257713,0.000051,-0.000019
0.034724,0.010078,0.743758,0.002638,-0.014303,-0.160215,0.986975,-0.146960,0.077816,0.321213,0.687910,-0.468281,-0.040223,-0.201064,-0.680468,-1.182635,0.797019,-0.100587,-0.151923,-0.025096,0.000000,0.000000,0.326721,0.158075,0.293997,0.072954,0.406390,0.000035,0.000097,0.547287,-0.859919,-0.548539,0.013045,-0.254492,0.000051,-0.000019
0.035256,0.010649,0.739246,0.010169,-0.018565,-0.180086,0.983423,-0.141531,0.072087,0.353264,0.716453,-0.494039,-0.042028,-0.231242,-0.686312,-1.139217,0.812751,-0.138507,-0.159584,-0.020574,0.000000,0.000000,0.377995,0.168415,0.297452,0.077096,0.399002,0.000038,0.000095,0.519273,-0.881455,-0.606279,-0.053319,-0.255967,0.000049,-0.000020
0.036019,0.011611,0.736154,0.014844,-0.021984,-0.196522,0.980141,-0.136300,0.070054,0.378537,0.738361,-0.514430,-0.043150,-0.263216,-0.685630,-1.083975,0.827130,-0.157074,-0.148971,-0.014102,0.000000,0.000000,0.427401,0.191298,0.285573,0.079737,0.402335,0.000046,0.000096,0.491885,-0.891192,-0.659720,-0.112556,-0.255851,0.000051,-0.000022
0.036459,0.012292,0.734992,0.015125,-0.023806,-0.208852,0.977540,-0.131969,0.075617,0.395314,0.749794,-0.525138,-0.044477,-0.286375,-0.677334,-1.044222,0.836007,-0.154098,-0.139318,-0.005623,0.000000,0.000000,0.472191,0.224957,0.274477,0.073433,0.408399,0.000045,0.000087,0.464657,-0.877957,-0.702274,-0.162879,-0.249257,0.000048,-0.000025
0.036687,0.012773,0.735506,0.011371,-0.023603,-0.217400,0.975731,-0.129907,0.089490,0.404555,0.754023,-0.528125,-0.046791,-0.302029,-0.665383,-1.018330,0.844227,-0.125293,-0.115956,0.001891,0.000000,0.000000,0.519847,0.272081,0.258087,0.065989,0.417115,0.000046,0.000070,0.436339,-0.847679,-0.733889,-0.202570,-0.237947,0.000045,-0.000028
0.037119,0.013363,0.737884,0.003784,-0.022104,-0.223286,0.974495,-0.127415,0.112062,0.409172,0.751049,-0.524456,-0.050719,-0.306659,-0.645301,-1.003037,0.844144,-0.084889,-0.083219,0.005291,0.000000,0.000000,0.570151,0.324678,0.243389,0.056580,0.420455,0.000051,0.000049,0.407408,-0.803560,-0.752934,-0.231270,-0.228156,0.000043,-0.000032
0.037666,0.013316,0.741919,-0.007240,-0.019741,-0.224536,0.974239,-0.120815,0.139461,0.407073,0.734386,-0.512139,-0.055923,-0.303441,-0.617955,-0.985657,0.837170,-0.039589,-0.038263,0.005444,0.000000,0.000000,0.617883,0.374933,0.239779,0.033548,0.406884,0.000054,0.000032,0.386563,-0.742625,-0.763031,-0.250820,-0.224410,0.000041,-0.000035
0.038065,0.012241,0.746710,-0.020205,-0.016042,-0.218705,0.975450,-0.115592,0.168427,0.393786,0.709653,-0.493413,-0.062226,-0.304068,-0.582240,-0.941380,0.826674,0.008638,0.016137,0.003991,0.000000,0.000000,0.659942,0.434497,0.240688,-0.003541,0.390850,0.000055,0.000018,0.381016,-0.664891,-0.775525,-0.263972,-0.230062,0.000038,-0.000035
0.037894,0.011181,0.751379,-0.032791,-0.010899,-0.207913,0.977537,-0.117577,0.195527,0.371036,0.686589,-0.473857,-0.068824,-0.323609,-0.527880,-0.835399,0.810331,0.052823,0.084422,-0.000339,0.000000,0.000000,0.693138,0.502659,0.249667,-0.053289,0.380576,0.000057,0.000007,0.382313,-0.572492,-0.783145,-0.268640,-0.226079,0.000035,-0.000036
0.037680,0.010460,0.755551,-0.044993,-0.005914,-0.195768,0.979600,-0.122084,0.219922,0.344655,0.665993,-0.456115,-0.074387,-0.350446,-0.453941,-0.681380,0.786608,0.087260,0.157101,-0.003879,0.000000,0.000000,0.721448,0.574374,0.269495,-0.112655,0.375111,0.000056,-0.000000,0.390078,-0.478741,-0.786130,-0.262343,-0.227481,0.000029,-0.000036
0.037435,0.010023,0.758970,-0.056579,-0.001700,-0.184142,0.981268,-0.128132,0.242214,0.317598,0.650233,-0.441713,-0.078982,-0.370438,-0.358867,-0.495256,0.753751,0.110625,0.226686,-0.004638,0.000000,0.000000,0.745473,0.650039,0.293512,-0.173557,0.371953,0.000073,-0.000019,0.398077,-0.383587,-0.785448,-0.245450,-0.227105,0.000042,-0.000059
0.037174,0.009566,0.761323,-0.067763,0.001734,-0.174599,0.982304,-0.135839,0.263165,0.291182,0.640718,-0.431373,-0.082350,-0.372501,-0.248788,-0.297373,0.711055,0.117738,0.259052,-0.003264,0.000000,0.000000,0.763283,0.721352,0.327473,-0.232540,0.366249,0.000085,-0.000039,0.406733,-0.292135,-0.780028,-0.216099,-0.230391,0.000050,-0.000075
0.036946,0.009075,0.762518,-0.078025,0.004537,-0.165402,0.983124,-0.146634,0.280241,0.261517,0.638338,-0.425512,-0.084022,-0.351139,-0.138967,-0.101063,0.659788,0.108393,0.261740,0.000862,0.000000,0.000000,0.764099,0.785785,0.367139,-0.290950,0.355941,0.000085,-0.000048,0.414826,-0.206239,-0.774808,-0.171879,-0.234698,0.000044,-0.000074
0.036642,0.008553,0.762419,-0.087210,0.006898,-0.154963,0.984039,-0.162454,0.292167,0.225405,0.645551,-0.425327,-0.083964,-0.306343,-0.044280,0.096236,0.602050,0.080953,0.261757,0.006297,0.000000,0.000000,0.739096,0.848577,0.406647,-0.346530,0.348298,0.000085,-0.000053,0.423317,-0.126284,-0.773799,-0.111706,-0.240227,0.000040,-0.000075
0.036317,0.008369,0.760972,-0.095025,0.008696,-0.143984,0.984969,-0.183472,0.298910,0.184576,0.665136,-0.431942,-0.082822,-0.251917,0.024697,0.284274,0.546979,0.056588,0.261734,0.010653,0.000000,0.000000,0.687848,0.909315,0.440647,-0.393691,0.346076,0.000079,-0.000043,0.430082,-0.056450,-0.774382,-0.043198,-0.243243,0.000028,-0.000066
0.036008,0.008473,0.757718,-0.101551,0.009499,-0.132478,0.985924,-0.211715,0.300360,0.138004,0.702687,-0.447740,-0.080771,-0.201775,0.063139,0.431239,0.504654,0.029030,0.261724,0.014874,0.000000,0.000000,0.611208,0.976775,0.455777,-0.433422,0.337542,0.000080,-0.000053,0.436309,0.006054,-0.775353,0.030186,-0.239202,0.000025,-0.000067
0.035556,0.008535,0.753167,-0.106154,0.009104,-0.120180,0.987018,-0.243400,0.294150,0.089201,0.751244,-0.469351,-0.077389,-0.164910,0.081808,0.533169,0.483171,-0.006462,0.261521,0.018291,0.000000,0.000000,0.500043,1.042860,0.455007,-0.466088,0.333097,0.000076,-0.000042,0.444993,0.059703,-0.775367,0.107330,-0.238203,0.000017,-0.000059
0.035049,0.008135,0.748001,-0.109416,0.008714,-0.106692,0.988215,-0.277687,0.283067,0.040660,0.804340,-0.492893,-0.074076,-0.143887,0.094881,0.591553,0.489261,-0.053269,0.261288,0.019890,0.000000,0.000000,0.353740,1.099526,0.437008,-0.488638,0.337257,0.000067,-0.000031,0.453101,0.108472,-0.774746,0.183424,-0.237024,0.000012,-0.000053
0.034191,0.007888,0.743240,-0.111412,0.009633,-0.090733,0.989577,-0.314790,0.267800,-0.007118,0.855631,-0.513807,-0.072431,-0.133318,0.092177,0.588727,0.492457,-0.094439,0.261237,0.021995,0.000000,0.000000,0.182105,1.135919,0.385501,-0.503489,0.332893,0.000086,-0.000064,0.462467,0.151451,-0.774163,0.254985,-0.238635,0.000034,-0.000083
0.033182,0.007854,0.739563,-0.113537,0.010132,-0.073402,0.990767,-0.346185,0.252281,-0.050912,0.897929,-0.529596,-0.072013,-0.123161,0.083451,0.555292,0.492332,-0.128179,0.255879,0.020757,0.000000,0.000000,0.007751,1.134457,0.318495,-0.515050,0.330550,0.000087,-0.000053,0.470961,0.188652,-0.767807,0.325327,-0.243235,0.000037,-0.000084
0.031998,0.008189,0.737189,-0.115135,0.009616,-0.054950,0.991782,-0.370379,0.236618,-0.087644,0.929132,-0.539019,-0.071521,-0.113901,0.071128,0.503704,0.494516,-0.150187,0.241659,0.014961,0.000000,0.000000,-0.157344,1.091783,0.244433,-0.517739,0.333742,0.000085,-0.000035,0.478195,0.216766,-0.757358,0.394008,-0.252765,0.000040,-0.000083
0.031016,0.008919,0.736127,-0.116674,0.008342,-0.037159,0.992440,-0.387508,0.224099,-0.115285,0.949072,-0.542404,-0.070882,-0.109649,0.058157,0.439511,0.504341,-0.157022,0.233148,0.004615,0.000000,0.000000,-0.301261,1.015613,0.168443,-0.505683,0.343212,0.000084,-0.000009,0.485308,0.233938,-0.741563,0.460052,-0.270416,0.000043,-0.000083
0.030179,0.009927,0.736247,-0.117653,0.006662,-0.020333,0.992824,-0.396980,0.212657,-0.134994,0.956994,-0.540539,-0.069409,-0.110949,0.042026,0.369245,0.520135,-0.150161,0.232181,-0.008111,0.000000,0.000000,-0.418304,0.917398,0.088702,-0.478863,0.349314,0.000083,0.000016,0.491881,0.241611,-0.720826,0.521404,-0.291357,0.000048,-0.000083
0.029786,0.011364,0.738567,-0.117376,0.007246,-0.005359,0.993047,-0.402991,0.204236,-0.144475,0.947151,-0.529342,-0.068010,-0.126042,0.021587,0.292145,0.544230,-0.118084,0.234287,-0.021399,0.000000,0.000000,-0.505308,0.805146,0.017859,-0.433577,0.362775,0.000081,0.000036,0.494829,0.239291,-0.699173,0.571017,-0.310482,0.000053,-0.000083
0.029394,0.012653,0.742701,-0.115861,0.007096,0.007155,0.993214,-0.396325,0.197111,-0.144017,0.918614,-0.510120,-0.065093,-0.143568,-0.008498,0.201460,0.570859,-0.071697,0.239512,-0.033665,0.000000,0.000000,-0.564028,0.693923,-0.046436,-0.370559,0.374408,0.000080,0.000049,0.494947,0.230577,-0.676576,0.611976,-0.323660,0.000056,-0.000083
0.029300,0.014176,0.747339,-0.112047,0.007211,0.016277,0.993543,-0.382911,0.187763,-0.134804,0.879692,-0.486661,-0.060219,-0.166902,-0.050899,0.099698,0.606337,-0.018631,0.252317,-0.045051,0.000000,0.000000,-0.601928,0.592039,-0.109684,-0.291962,0.376439,0.000078,0.000051,0.494323,0.212612,-0.649326,0.643412,-0.334210,0.000058,-0.000083
0.029379,0.015866,0.752027,-0.106012,0.007825,0.022136,0.994088,-0.365403,0.175421,-0.118832,0.834679,-0.461132,-0.053978,-0.194807,-0.105964,-0.012967,0.650413,0.030629,0.260624,-0.055161,0.000000,0.000000,-0.626842,0.500090,-0.165386,-0.202237,0.375705,0.000074,0.000049,0.493778,0.187309,-0.617701,0.662522,-0.339314,0.000061,-0.000081
0.029553,0.017637,0.756452,-0.097901,0.008948,0.025393,0.994832,-0.345466,0.159943,-0.097429,0.786328,-0.434978,-0.046769,-0.222418,-0.176697,-0.136157,0.697886,0.071303,0.261608,-0.064126,0.000000,0.000000,-0.641011,0.416871,-0.197967,-0.103058,0.386504,0.000072,0.000059,0.493599,0.148298,-0.584606,0.664267,-0.342418,0.000061,-0.000080
0.029871,0.019430,0.760237,-0.088443,0.010170,0.026274,0.995683,-0.323725,0.142365,-0.072913,0.738584,-0.410785,-0.039751,-0.243186,-0.262813,-0.270210,0.744123,0.109512,0.260893,-0.071545,0.000000,0.000000,-0.645945,0.346835,-0.220635,-0.006658,0.395841,0.000027,0.000027,0.490720,0.096196,-0.554950,0.654810,-0.334409,0.000023,-0.000037
0.030362,0.021292,0.763235,-0.078099,0.011104,0.022894,0.996621,-0.300989,0.124789,-0.043377,0.694325,-0.389744,-0.033152,-0.255967,-0.349517,-0.395025,0.786062,0.143713,0.261080,-0.082411,0.000000,0.000000,-0.643067,0.290768,-0.232358,0.091962,0.405516,0.000026,0.000034,0.484276,0.027035,-0.514386,0.640017,-0.328984,0.000025,-0.000033
0.031053,0.023043,0.765358,-0.066994,0.011648,0.017169,0.997538,-0.277792,0.105290,-0.012594,0.654640,-0.372618,-0.026569,-0.266596,-0.423508,-0.490214,0.824594,0.164201,0.260709,-0.096342,0.000000,0.000000,-0.635900,0.242675,-0.234968,0.189708,0.412193,0.000023,0.000039,0.473585,-0.056001,-0.471277,0.616003,-0.320652,0.000024,-0.000026
0.031786,0.024761,0.766605,-0.055977,0.011226,0.010349,0.998315,-0.255628,0.085413,0.017103,0.622493,-0.360276,-0.020382,-0.285527,-0.466076,-0.532451,0.860495,0.168856,0.261399,-0.113314,0.000000,0.000000,-0.626265,0.206420,-0.234314,0.285610,0.421950,0.000051,0.000075,0.457810,-0.152766,-0.428460,0.583265,-0.311954,0.000058,-0.000053
0.032557,0.026065,0.766800,-0.045565,0.009719,0.002042,0.998912,-0.233734,0.065586,0.045772,0.596413,-0.352214,-0.013927,-0.318804,-0.475094,-0.523313,0.892311,0.145510,0.261210,-0.130350,0.000000,0.000000,-0.613728,0.176906,-0.231312,0.380079,0.432690,0.000020,0.000052,0.435776,-0.260589,-0.387099,0.545545,-0.302330,0.000028,-0.000020
0.033264,0.027012,0.765882,-0.034831,0.007222,-0.009706,0.999320,-0.212096,0.045187,0.076850,0.576513,-0.348718,-0.007335,-0.359941,-0.455881,-0.469892,0.913215,0.107923,0.261650,-0.143773,0.000000,0.000000,-0.597440,0.149756,-0.213013,0.468640,0.434637,0.000025,0.000076,0.402432,-0.378493,-0.349690,0.503931,-0.285756,0.000038,-0.000023
0.033702,0.027391,0.763884,-0.023228,0.003243,-0.023410,0.999451,-0.189612,0.023297,0.110257,0.561833,-0.349282,-0.000900,-0.396990,-0.421979,-0.387375,0.927568,0.059383,0.261704,-0.152645,0.000000,0.000000,-0.576467,0.124456,-0.196490,0.551373,0.430726,0.000027,0.000095,0.358373,-0.502604,-0.310877,0.462448,-0.265615,0.000044,-0.000021
0.034203,0.027093,0.760689,-0.009760,-0.000906,-0.039270,0.999181,-0.169913,-0.001585,0.146453,0.553651,-0.354335,0.004544,-0.430183,-0.385140,-0.283043,0.944283,0.001151,0.261695,-0.157398,0.000000,0.000000,-0.548202,0.108066,-0.182069,0.629843,0.427258,0.000029,0.000096,0.302907,-0.638277,-0.270215,0.425473,-0.253117,0.000046,-0.000015
0.034676,0.026177,0.756626,0.005342,-0.005226,-0.056509,0.998374,-0.154000,-0.028091,0.184608,0.553087,-0.363992,0.008354,-0.453052,-0.356627,-0.176958,0.958743,-0.055634,0.261548,-0.158276,0.000000,0.000000,-0.513752,0.096520,-0.172871,0.698870,0.425045,0.000025,0.000081,0.225697,-0.780910,-0.223554,0.394152,-0.249495,0.000036,-0.000010
0.035219,0.024702,0.751795,0.020178,-0.009988,-0.074840,0.996941,-0.143026,-0.050285,0.224381,0.565763,-0.381253,0.009317,-0.463942,-0.330573,-0.073278,0.965608,-0.108385,0.261509,-0.158116,0.000000,0.000000,-0.472947,0.092512,-0.169980,0.756765,0.424985,0.000057,0.000089,0.120403,-0.921371,-0.162676,0.370217,-0.248771,0.000071,-0.000023
0.036066,0.022676,0.746487,0.034304,-0.014533,-0.092834,0.994984,-0.138770,-0.067826,0.263158,0.590440,-0.404188,0.007366,-0.465533,-0.308634,0.016360,0.969541,-0.171106,0.261309,-0.155345,0.000000,0.000000,-0.422614,0.093931,-0.175246,0.803827,0.426467,0.000057,0.000089,-0.017589,-1.040807,-0.086940,0.351629,-0.242586,0.000073,-0.000014
0.036775,0.020155,0.742075,0.046867,-0.017770,-0.112142,0.992427,-0.137526,-0.078397,0.302819,0.614791,-0.424066,0.001156,-0.466747,-0.288584,0.090523,0.972276,-0.232213,0.261027,-0.153086,0.000000,0.000000,-0.358118,0.109441,-0.183584,0.837940,0.435464,0.000059,0.000089,-0.182566,-1.124029,-0.000014,0.333194,-0.235757,0.000074,-0.000001
0.037631,0.017506,0.739278,0.058115,-0.020614,-0.131621,0.989380,-0.133312,-0.085450,0.340298,0.631290,-0.435850,-0.010046,-0.462990,-0.270588,0.151800,0.965586,-0.281983,0.256362,-0.153191,0.000000,0.000000,-0.276750,0.132256,-0.194201,0.855002,0.444743,0.000055,0.000084,-0.361960,-1.162259,0.083034,0.312568,-0.238790,0.000070,0.000013
0.039063,0.014785,0.737971,0.067729,-0.023121,-0.150747,0.985979,-0.127996,-0.090645,0.372402,0.640913,-0.437895,-0.026259,-0.456062,-0.256454,0.194108,0.949240,-0.318788,0.232668,-0.153833,0.000000,0.000000,-0.183951,0.153597,-0.201966,0.858898,0.448211,0.000029,0.000067,-0.539702,-1.151810,0.157112,0.294262,-0.248846,0.000042,0.000010
0.040633,0.012050,0.738434,0.074980,-0.024648,-0.168673,0.982507,-0.122501,-0.092198,0.394889,0.645727,-0.429475,-0.052662,-0.447432,-0.246311,0.216017,0.924527,-0.341978,0.196765,-0.151458,0.000000,0.000000,-0.085712,0.173346,-0.203354,0.855132,0.445517,0.000031,0.000077,-0.701750,-1.098682,0.214283,0.280128,-0.264812,0.000044,0.000008
0.041936,0.007922,0.741296,0.079837,-0.022761,-0.183113,0.979580,-0.124436,-0.091952,0.389767,0.645462,-0.398210,-0.092088,-0.444979,-0.235837,0.229924,0.894735,-0.345189,0.174489,-0.136107,0.000000,0.000000,0.011646,0.192279,-0.193314,0.838404,0.435710,0.000035,0.000092,-0.820765,-1.019860,0.241576,0.276141,-0.279627,0.000057,-0.000000
0.042880,0.003483,0.746939,0.081798,-0.020271,-0.197229,0.976729,-0.131006,-0.093356,0.347359,0.644484,-0.346877,-0.128503,-0.434675,-0.222983,0.234964,0.848478,-0.329326,0.156486,-0.109830,0.000000,0.000000,0.107833,0.213824,-0.199214,0.819852,0.434082,0.000041,0.000095,-0.892604,-0.928910,0.248984,0.270043,-0.287404,0.000057,-0.000007
0.043275,-0.001485,0.753588,0.081366,-0.016786,-0.210147,0.974133,-0.144817,-0.100556,0.262997,0.648379,-0.285984,-0.165913,-0.420944,-0.209742,0.229566,0.794873,-0.302480,0.138246,-0.076105,0.000000,0.000000,0.202008,0.239835,-0.192394,0.784071,0.424838,0.000037,0.000078,-0.926451,-0.832143,0.239266,0.262893,-0.288564,0.000045,-0.000010
0.043226,-0.007542,0.760189,0.080425,-0.012192,-0.216924,0.972793,-0.165845,-0.118048,0.137542,0.660403,-0.220498,-0.201937,-0.402867,-0.200630,0.211780,0.735730,-0.274062,0.117091,-0.036166,0.000000,0.000000,0.284926,0.269392,-0.187320,0.738491,0.413126,0.000029,0.000052,-0.932863,-0.744817,0.212495,0.261842,-0.298114,0.000035,-0.000013
0.043057,-0.014352,0.766221,0.076957,-0.009069,-0.220418,0.972323,-0.179828,-0.142409,-0.012373,0.673203,-0.153859,-0.232732,-0.376408,-0.189948,0.186644,0.675297,-0.248499,0.095921,0.003520,0.000000,0.000000,0.367642,0.308315,-0.193121,0.694017,0.401683,0.000070,0.000075,-0.917714,-0.661903,0.186557,0.259287,-0.308218,0.000073,-0.000044
0.043280,-0.021473,0.771277,0.072785,-0.006522,-0.217930,0.973225,-0.175163,-0.177008,-0.190148,0.672114,-0.099235,-0.246031,-0.344917,-0.182229,0.152898,0.617061,-0.227401,0.074483,0.043745,0.000000,0.000000,0.448760,0.356570,-0.200218,0.642834,0.386550,0.000072,0.000041,-0.883637,-0.575906,0.151546,0.264686,-0.309265,0.000073,-0.000056
0.043423,-0.027826,0.774970,0.068963,-0.003030,-0.213710,0.974455,-0.162993,-0.202268,-0.349669,0.669066,-0.068275,-0.225893,-0.317444,-0.173986,0.120118,0.567241,-0.211872,0.055040,0.078008,0.000000,0.000000,0.522855,0.416743,-0.190347,0.575513,0.380766,0.000061,0.000006,-0.849179,-0.499110,0.128037,0.274210,-0.315625,0.000058,-0.000051
0.043776,-0.033235,0.777129,0.064617,-0.000604,-0.205342,0.976555,-0.150573,-0.209905,-0.470534,0.675445,-0.054154,-0.180333,-0.292529,-0.167039,0.086105,0.530572,-0.203620,0.040530,0.109374,0.000000,0.000000,0.591618,0.484309,-0.170643,0.496579,0.386102,0.000048,-0.000013,-0.815627,-0.434864,0.110790,0.290159,-0.320765,0.000045,-0.000044
0.044106,-0.037657,0.777534,0.059495,0.001266,-0.196610,0.978674,-0.148981,-0.197705,-0.543052,0.692803,-0.050030,-0.127853,-0.275373,-0.157222,0.056704,0.510456,-0.202996,0.028098,0.137698,0.000000,0.000000,0.659330,0.550065,-0.131397,0.411211,0.395724,0.000050,-0.000021,-0.789615,-0.383108,0.108182,0.313237,-0.325422,0.000049,-0.000052
0.044605,-0.040294,0.776078,0.053092,0.002656,-0.189429,0.980454,-0.155648,-0.176296,-0.584919,0.725004,-0.064731,-0.072227,-0.263580,-0.141660,0.032585,0.502049,-0.207433,0.014286,0.164324,0.000000,0.000000,0.728025,0.600373,-0.070834,0.322879,0.400179,0.000045,-0.000020,-0.775976,-0.341291,0.117151,0.343415,-0.327881,0.000044,-0.000050
0.045317,-0.041658,0.771989,0.044682,0.003202,-0.184247,0.981859,-0.162548,-0.157233,-0.618984,0.771651,-0.089042,-0.020131,-0.260543,-0.119096,0.017763,0.515569,-0.224635,0.003074,0.191038,0.000000,0.000000,0.797648,0.629731,0.006592,0.237381,0.401088,0.000045,-0.000021,-0.774172,-0.308757,0.144636,0.387560,-0.326783,0.000046,-0.000052
0.045917,-0.042736,0.766117,0.033318,0.004633,-0.182695,0.982594,-0.169006,-0.138750,-0.653184,0.826130,-0.119672,-0.001801,-0.271236,-0.086384,0.012268,0.551420,-0.248971,-0.006660,0.216000,0.000000,0.000000,0.863589,0.631235,0.106630,0.157646,0.396271,0.000048,-0.000023,-0.784394,-0.274624,0.182663,0.435549,-0.315812,0.000049,-0.000059
0.046470,-0.043293,0.759254,0.020564,0.005398,-0.183590,0.982773,-0.171552,-0.120096,-0.682323,0.879586,-0.157842,-0.009401,-0.286657,-0.048233,0.012492,0.599031,-0.277359,-0.015708,0.238350,0.000000,0.000000,0.922913,0.608357,0.216457,0.084169,0.387637,0.000049,-0.000023,-0.805111,-0.243077,0.236367,0.487086,-0.301513,0.000046,-0.000065
0.047134,-0.043434,0.751768,0.006724,0.005642,-0.185454,0.982614,-0.169729,-0.096636,-0.703506,0.918635,-0.189094,-0.028276,-0.302263,-0.007373,0.014556,0.649841,-0.308825,-0.022402,0.257611,0.000000,0.000000,0.974156,0.567953,0.328263,0.014837,0.376536,0.000051,-0.000026,-0.829842,-0.213540,0.303738,0.536726,-0.294171,0.000043,-0.000065
0.047865,-0.043424,0.744219,-0.007703,0.005726,-0.187519,0.982214,-0.164747,-0.066533,-0.715378,0.943823,-0.219666,-0.044265,-0.317579,0.033302,0.014611,0.699946,-0.340681,-0.027878,0.274100,0.000000,0.000000,1.016844,0.517192,0.441213,-0.050938,0.370238,0.000052,-0.000029,-0.854209,-0.185180,0.379165,0.583141,-0.298769,0.000043,-0.000058
0.048236,-0.043491,0.737499,-0.021591,0.005874,-0.189375,0.981650,-0.160468,-0.029426,-0.710394,0.962428,-0.259152,-0.057795,-0.331091,0.069314,0.009117,0.744747,-0.371006,-0.034764,0.288462,0.000000,0.000000,1.037444,0.450252,0.558521,-0.113884,0.367396,0.000047,-0.000026,-0.878011,-0.159948,0.449566,0.619520,-0.310401,0.000039,-0.000050
0.048169,-0.044148,0.732116,-0.034475,0.006230,-0.191034,0.980958,-0.157164,0.011348,-0.698127,0.969744,-0.295382,-0.076138,-0.343839,0.099896,-0.000471,0.784231,-0.398704,-0.041684,0.302311,0.000000,0.000000,1.039716,0.386223,0.669728,-0.175633,0.369082,0.000048,-0.000026,-0.896516,-0.136599,0.506340,0.647464,-0.317618,0.000042,-0.000052
0.047744,-0.045809,0.728678,-0.044963,0.006729,-0.191547,0.980430,-0.155154,0.054335,-0.677166,0.961489,-0.324395,-0.097032,-0.354700,0.122837,-0.011944,0.815175,-0.421127,-0.047223,0.316344,0.000000,0.000000,1.021170,0.329618,0.771574,-0.236487,0.371090,0.000047,-0.000023,-0.905090,-0.123352,0.548848,0.664940,-0.327199,0.000042,-0.000055
0.046413,-0.048514,0.727492,-0.051620,0.007696,-0.189168,0.980557,-0.158893,0.098824,-0.644674,0.937475,-0.340358,-0.123576,-0.362405,0.135585,-0.025577,0.833460,-0.435642,-0.052118,0.329772,0.000000,0.000000,0.981844,0.284525,0.856678,-0.294986,0.371723,0.000047,-0.000020,-0.896996,-0.117121,0.572080,0.671164,-0.331064,0.000039,-0.000059
0.044156,-0.052233,0.728280,-0.054041,0.008912,-0.181174,0.981925,-0.177154,0.143165,-0.595188,0.906842,-0.333361,-0.157114,-0.365486,0.135452,-0.044306,0.838658,-0.443439,-0.056554,0.340893,0.000000,0.000000,0.917907,0.252856,0.921534,-0.355329,0.364410,0.000038,-0.000010,-0.869861,-0.122686,0.576714,0.673758,-0.330988,0.000034,-0.000049
0.040915,-0.057260,0.732630,-0.050653,0.011519,-0.164920,0.984938,-0.212428,0.175602,-0.543899,0.868145,-0.290903,-0.188536,-0.362587,0.115719,-0.070900,0.823016,-0.440431,-0.058982,0.347039,0.000000,0.000000,0.839535,0.246765,0.949537,-0.408558,0.366166,0.000026,-0.000010,-0.819490,-0.141773,0.562214,0.670963,-0.331386,0.000027,-0.000037
0.037369,-0.061730,0.738992,-0.041511,0.012872,-0.140785,0.989086,-0.252024,0.186209,-0.501100,0.830533,-0.225177,-0.217775,-0.342665,0.078385,-0.104471,0.780536,-0.428077,-0.059123,0.346194,0.000000,0.000000,0.743839,0.252445,0.944335,-0.453264,0.372592,0.000037,-0.000017,-0.748441,-0.178002,0.532832,0.664002,-0.332569,0.000041,-0.000047
0.034222,-0.066333,0.746079,-0.031824,0.013458,-0.108956,0.993446,-0.296444,0.180186,-0.472926,0.800188,-0.142787,-0.244618,-0.310893,0.035238,-0.149979,0.723047,-0.410397,-0.057900,0.335500,0.000000,0.000000,0.640615,0.262462,0.925461,-0.487258,0.392778,0.000062,-0.000020,-0.662167,-0.224015,0.482731,0.649290,-0.330668,0.000062,-0.000065
0.031848,-0.070903,0.753015,-0.022077,0.012096,-0.071235,0.997142,-0.338680,0.164162,-0.445952,0.774173,-0.051554,-0.257754,-0.267324,-0.011400,-0.208766,0.658770,-0.391152,-0.055920,0.314390,0.000000,0.000000,0.525656,0.287458,0.871024,-0.511344,0.402692,0.000061,-0.000016,-0.561158,-0.268806,0.422177,0.628622,-0.328340,0.000062,-0.000060
0.030644,-0.075305,0.758888,-0.012373,0.008732,-0.029909,0.999438,-0.385868,0.163174,-0.374682,0.753475,0.052591,-0.261446,-0.217370,-0.058617,-0.278260,0.597797,-0.373727,-0.049391,0.284217,0.000000,0.000000,0.402423,0.317489,0.790732,-0.520550,0.402205,0.000069,-0.000015,-0.449929,-0.312185,0.365209,0.604466,-0.333314,0.000073,-0.000064
0.029947,-0.078826,0.763284,-0.004066,0.004774,0.010841,0.999922,-0.446005,0.209583,-0.223383,0.755350,0.170465,-0.261124,-0.167966,-0.100113,-0.352590,0.547863,-0.359723,-0.038155,0.247290,0.000000,0.000000,0.282535,0.347409,0.712815,-0.515908,0.421950,0.000035,-0.000001,-0.337986,-0.340070,0.301237,0.574751,-0.335017,0.000041,-0.000035
0.029983,-0.081388,0.766204,0.002339,0.000865,0.048655,0.998813,-0.496778,0.282617,-0.057368,0.779084,0.253121,-0.260952,-0.122285,-0.132914,-0.425053,0.508713,-0.349204,-0.024596,0.213799,0.000000,0.000000,0.164509,0.367042,0.622007,-0.498468,0.433192,0.000069,-0.000000,-0.223192,-0.361410,0.239303,0.543013,-0.340021,0.000077,-0.000071
0.030875,-0.083341,0.767815,0.006019,-0.002210,0.082064,0.996606,-0.527362,0.371711,0.116440,0.808400,0.344565,-0.256717,-0.083410,-0.154709,-0.491401,0.479580,-0.343419,-0.011105,0.184644,0.000000,0.000000,0.053647,0.377528,0.529639,-0.473519,0.442331,0.000071,0.000003,-0.105403,-0.368391,0.178137,0.506762,-0.342356,0.000080,-0.000074
0.032194,-0.084581,0.768281,0.008235,-0.003949,0.109913,0.993899,-0.534299,0.457252,0.282500,0.838090,0.403591,-0.253459,-0.052065,-0.168682,-0.547476,0.458556,-0.342734,0.000653,0.158904,0.000000,0.000000,-0.049078,0.374954,0.443706,-0.443663,0.448603,0.000071,0.000010,0.009992,-0.361874,0.119544,0.464633,-0.337783,0.000080,-0.000074
0.033783,-0.085112,0.767519,0.009026,-0.006358,0.133527,0.990984,-0.524449,0.523762,0.418373,0.867688,0.404902,-0.226776,-0.024074,-0.175710,-0.594637,0.444610,-0.346634,0.010478,0.135385,0.000000,0.000000,-0.140547,0.360687,0.366156,-0.410377,0.455082,0.000071,0.000021,0.125425,-0.350277,0.065837,0.420050,-0.333056,0.000078,-0.000073
0.034438,-0.084986,0.764907,0.007446,-0.008436,0.152103,0.988301,-0.518476,0.579509,0.518627,0.899581,0.389947,-0.177297,-0.003656,-0.173131,-0.630671,0.438801,-0.354782,0.016316,0.108322,0.000000,0.000000,-0.224834,0.339095,0.282775,-0.378635,0.442411,0.000033,0.000009,0.229854,-0.341678,0.018946,0.372484,-0.331193,0.000042,-0.000039
0.035182,-0.084497,0.761054,0.000597,-0.012086,0.169684,0.985424,-0.508435,0.641841,0.610685,0.923671,0.366306,-0.143958,0.010616,-0.159243,-0.662543,0.443686,-0.367169,0.017467,0.079368,0.000000,0.000000,-0.285711,0.317831,0.218584,-0.342132,0.444004,0.000038,0.000017,0.325274,-0.328171,-0.021384,0.332781,-0.327215,0.000054,-0.000045
0.035792,-0.083343,0.756230,-0.011332,-0.013504,0.184030,0.982763,-0.493618,0.709697,0.704978,0.939740,0.317991,-0.114089,0.013748,-0.136479,-0.687551,0.457201,-0.383922,0.015945,0.045013,0.000000,0.000000,-0.332633,0.303854,0.166128,-0.302103,0.448770,0.000036,0.000023,0.406173,-0.317424,-0.056457,0.286783,-0.326889,0.000058,-0.000043
0.035917,-0.081993,0.750972,-0.025814,-0.012564,0.194896,0.980404,-0.485640,0.764678,0.777260,0.947302,0.262560,-0.081270,0.004464,-0.110901,-0.704069,0.479497,-0.403136,0.012869,0.007174,0.000000,0.000000,-0.370362,0.297526,0.127384,-0.257514,0.462901,0.000035,0.000030,0.473759,-0.314572,-0.088034,0.230052,-0.325805,0.000057,-0.000040
0.035599,-0.080549,0.745835,-0.039607,-0.010786,0.203372,0.978241,-0.486690,0.792788,0.813796,0.942237,0.195375,-0.044636,-0.010846,-0.088586,-0.714692,0.506520,-0.422494,0.009112,-0.031107,0.000000,0.000000,-0.400398,0.296412,0.092880,-0.204180,0.472959,0.000035,0.000034,0.527078,-0.319014,-0.127260,0.168411,-0.326582,0.000054,-0.000037
0.034831,-0.079147,0.741378,-0.049581,-0.010219,0.210591,0.976263,-0.492710,0.796180,0.818866,0.936839,0.112165,-0.019735,-0.024476,-0.075333,-0.722214,0.534836,-0.440204,0.006109,-0.068623,0.000000,0.000000,-0.420737,0.298661,0.063802,-0.137939,0.475521,0.000035,0.000041,0.561785,-0.326987,-0.187712,0.105939,-0.331814,0.000055,-0.000042
0.033661,-0.077990,0.737708,-0.056798,-0.010361,0.216546,0.974564,-0.501041,0.789060,0.804740,0.931319,0.034330,-0.013537,-0.036064,-0.067568,-0.728509,0.560244,-0.454814,0.003244,-0.102588,0.000000,0.000000,-0.432810,0.309090,0.036198,-0.057027,0.479488,0.000038,0.000047,0.582122,-0.333120,-0.258654,0.045344,-0.331444,0.000056,-0.000045
0.032194,-0.077170,0.735014,-0.060495,-0.011710,0.220314,0.973481,-0.510755,0.780019,0.779654,0.932077,-0.014598,-0.014276,-0.043587,-0.064760,-0.732055,0.579437,-0.464660,0.000058,-0.129612,0.000000,0.000000,-0.436204,0.325468,0.007840,0.030420,0.484416,0.000041,0.000050,0.588121,-0.335087,-0.340555,-0.012979,-0.326052,0.000058,-0.000051
0.030485,-0.076642,0.733766,-0.061357,-0.013291,0.218213,0.973880,-0.517046,0.776857,0.756645,0.938814,-0.031135,-0.020900,-0.051909,-0.064802,-0.726198,0.592096,-0.467667,-0.004309,-0.147300,0.000000,0.000000,-0.430659,0.347016,-0.015906,0.114614,0.488996,0.000045,0.000053,0.575179,-0.340310,-0.420531,-0.068787,-0.318078,0.000059,-0.000056
0.029195,-0.076136,0.733874,-0.060627,-0.014887,0.208802,0.975963,-0.514150,0.783614,0.743354,0.950367,-0.025006,-0.045489,-0.063481,-0.067160,-0.709411,0.604607,-0.467507,-0.009370,-0.153266,0.000000,0.000000,-0.413930,0.372396,-0.045272,0.194811,0.488641,0.000046,0.000053,0.532861,-0.349588,-0.486035,-0.122257,-0.296331,0.000057,-0.000063
0.028379,-0.076552,0.737504,-0.057614,-0.017047,0.189869,0.979969,-0.494093,0.792284,0.733074,0.952218,0.020126,-0.103815,-0.069354,-0.069391,-0.679791,0.603883,-0.459298,-0.011959,-0.148905,0.000000,0.000000,-0.376036,0.399488,-0.067215,0.262890,0.479541,0.000042,0.000049,0.469323,-0.381608,-0.522583,-0.160563,-0.292893,0.000053,-0.000060
0.028024,-0.076803,0.742718,-0.049685,-0.017752,0.164526,0.984961,-0.470480,0.776571,0.694874,0.937349,0.074914,-0.177605,-0.074829,-0.077871,-0.638046,0.592576,-0.443561,-0.011617,-0.135212,0.000000,0.000000,-0.320123,0.426352,-0.081139,0.319555,0.471215,0.000053,0.000056,0.386522,-0.433081,-0.535731,-0.179044,-0.299263,0.000062,-0.000065
0.027393,-0.076976,0.748329,-0.038907,-0.018011,0.134932,0.989927,-0.449567,0.733083,0.618230,0.911148,0.122621,-0.244680,-0.079246,-0.088231,-0.587750,0.573341,-0.422819,-0.009388,-0.113834,0.000000,0.000000,-0.248141,0.450928,-0.084781,0.361656,0.464593,0.000073,0.000073,0.288128,-0.491911,-0.526040,-0.181518,-0.306442,0.000079,-0.000079
0.026378,-0.076832,0.753674,-0.025807,-0.016476,0.102943,0.994216,-0.425967,0.665897,0.527480,0.874986,0.160893,-0.261637,-0.088990,-0.102655,-0.530270,0.554619,-0.401114,-0.006594,-0.089362,0.000000,0.000000,-0.173218,0.465313,-0.081897,0.390817,0.446867,0.000049,0.000049,0.174220,-0.553927,-0.494730,-0.174393,-0.314658,0.000054,-0.000054
0.025228,-0.075859,0.758037,-0.011394,-0.015411,0.068662,0.997456,-0.390665,0.586636,0.443148,0.834686,0.191773,-0.261739,-0.102910,-0.119132,-0.465063,0.542437,-0.381917,-0.003848,-0.065814,0.000000,0.000000,-0.094951,0.476204,-0.079394,0.414489,0.431803,0.000048,0.000046,0.046383,-0.620015,-0.434439,-0.155620,-0.322288,0.000049,-0.000047
0.024466,-0.073556,0.761214,0.002458,-0.017823,0.032267,0.999317,-0.341730,0.495324,0.337663,0.795494,0.200296,-0.261755,-0.113296,-0.132675,-0.394367,0.535136,-0.366532,-0.000469,-0.040486,0.000000,0.000000,-0.011567,0.483647,-0.086530,0.429674,0.427982,0.000050,0.000047,-0.094641,-0.681667,-0.342249,-0.123196,-0.323578,0.000051,-0.000046
0.024277,-0.070277,0.763175,0.014866,-0.021365,-0.004558,0.999651,-0.297969,0.392269,0.193163,0.779047,0.183810,-0.261753,-0.125980,-0.142804,-0.321387,0.534593,-0.355276,0.003342,-0.008485,0.000000,0.000000,0.072375,0.485717,-0.105847,0.433793,0.434331,0.000052,0.000045,-0.238818,-0.734159,-0.236546,-0.082750,-0.326029,0.000050,-0.000044
0.024596,-0.066350,0.763932,0.024031,-0.023540,-0.043689,0.998479,-0.257042,0.286952,0.032994,0.781633,0.139886,-0.261731,-0.147323,-0.143846,-0.243424,0.542375,-0.348634,0.007953,0.026935,0.000000,0.000000,0.157681,0.481400,-0.125653,0.423945,0.441428,0.000051,0.000042,-0.389137,-0.767798,-0.116641,-0.042952,-0.327995,0.000046,-0.000042
0.025595,-0.061989,0.763587,0.027890,-0.024725,-0.084119,0.995758,-0.210564,0.204400,-0.100871,0.787753,0.082436,-0.261704,-0.171634,-0.130595,-0.165262,0.555042,-0.347045,0.014573,0.061603,0.000000,0.000000,0.247041,0.470036,-0.135349,0.408555,0.443570,0.000050,0.000043,-0.538047,-0.771424,0.009303,0.001109,-0.326525,0.000042,-0.000044
0.027460,-0.057434,0.761609,0.026302,-0.023561,-0.124354,0.991609,-0.170604,0.162923,-0.183383,0.794392,0.039534,-0.261702,-0.201877,-0.102619,-0.090604,0.576566,-0.350995,0.021917,0.093209,0.000000,0.000000,0.339923,0.449123,-0.132666,0.388653,0.436396,0.000051,0.000044,-0.683304,-0.744863,0.131671,0.050320,-0.320242,0.000041,-0.000047
0.029568,-0.053548,0.757827,0.020308,-0.021287,-0.162882,0.986207,-0.139819,0.138801,-0.258056,0.806220,0.013986,-0.261602,-0.235982,-0.061718,-0.023169,0.611588,-0.360723,0.026059,0.123529,0.000000,0.000000,0.437410,0.421268,-0.124574,0.360734,0.424903,0.000049,0.000039,-0.814454,-0.689711,0.242245,0.107909,-0.315001,0.000038,-0.000045
0.031744,-0.050582,0.753215,0.011235,-0.017797,-0.199162,0.979741,-0.111305,0.126850,-0.324024,0.822979,-0.022910,-0.260874,-0.270867,-0.012363,0.035286,0.654571,-0.374461,0.027936,0.152645,0.000000,0.000000,0.533678,0.390489,-0.106319,0.331213,0.414341,0.000056,0.000044,-0.924198,-0.614552,0.334454,0.167065,-0.310598,0.000043,-0.000049
0.033872,-0.048332,0.748215,0.000931,-0.013518,-0.231149,0.972824,-0.084210,0.128524,-0.363420,0.837842,-0.067437,-0.248189,-0.303244,0.038908,0.081248,0.699212,-0.389850,0.028182,0.180126,0.000000,0.000000,0.621064,0.361586,-0.079076,0.296898,0.417693,0.000078,0.000065,-1.011132,-0.536754,0.399313,0.221944,-0.312168,0.000064,-0.000072
0.035786,-0.046778,0.743012,-0.010520,-0.009324,-0.257275,0.966236,-0.057814,0.148837,-0.368721,0.842388,-0.110329,-0.238514,-0.330219,0.088668,0.111742,0.742019,-0.405719,0.026771,0.205240,0.000000,0.000000,0.700695,0.333367,-0.040018,0.257734,0.426715,0.000076,0.000064,-1.074476,-0.467977,0.438790,0.266343,-0.320088,0.000061,-0.000073
0.037333,-0.046313,0.738450,-0.022744,-0.006186,-0.277159,0.960535,-0.031870,0.185003,-0.346491,0.834282,-0.148894,-0.241032,-0.348659,0.133156,0.127068,0.779998,-0.421974,0.024609,0.226456,0.000000,0.000000,0.774724,0.307703,0.011281,0.217396,0.434685,0.000076,0.000064,-1.111016,-0.409307,0.459328,0.297349,-0.324013,0.000058,-0.000073
0.037951,-0.047215,0.735731,-0.032989,-0.004650,-0.289168,0.956698,-0.010536,0.223330,-0.311039,0.818763,-0.177314,-0.232871,-0.357673,0.163633,0.128735,0.808207,-0.436440,0.023018,0.241679,0.000000,0.000000,0.838731,0.286843,0.077058,0.167229,0.435660,0.000068,0.000053,-1.119285,-0.366883,0.464161,0.312518,-0.325665,0.000051,-0.000066
0.037421,-0.049236,0.734567,-0.040376,-0.004270,-0.293074,0.955227,-0.003192,0.259374,-0.272582,0.810633,-0.186353,-0.227910,-0.360065,0.180552,0.120521,0.825908,-0.447222,0.021189,0.250454,0.000000,0.000000,0.886312,0.277029,0.151580,0.108799,0.434932,0.000050,0.000036,-1.104684,-0.339090,0.459696,0.314095,-0.323570,0.000036,-0.000050
0.035884,-0.052503,0.734910,-0.044054,-0.005070,-0.283618,0.957911,-0.021758,0.291786,-0.242248,0.818637,-0.164105,-0.243589,-0.353777,0.179099,0.097198,0.830189,-0.454891,0.017178,0.253122,0.000000,0.000000,0.905800,0.279350,0.229986,0.040639,0.429021,0.000076,0.000059,-1.067182,-0.331943,0.443914,0.304299,-0.316248,0.000060,-0.000077
0.033601,-0.056386,0.737534,-0.042488,-0.006619,-0.258975,0.964926,-0.067403,0.310730,-0.224119,0.834840,-0.111649,-0.258098,-0.340248,0.152767,0.057346,0.818004,-0.456470,0.013456,0.252459,0.000000,0.000000,0.888687,0.299208,0.298400,-0.033480,0.423653,0.000076,0.000059,-1.007182,-0.355018,0.423797,0.288265,-0.314108,0.000061,-0.000077
0.031441,-0.060076,0.741549,-0.036781,-0.008422,-0.225284,0.973562,-0.130766,0.325896,-0.197955,0.857928,-0.047053,-0.260830,-0.318140,0.111490,0.008470,0.788681,-0.450225,0.010047,0.247246,0.000000,0.000000,0.842258,0.334583,0.349303,-0.105548,0.423044,0.000075,0.000056,-0.931939,-0.396398,0.405458,0.272404,-0.320107,0.000062,-0.000077
0.029619,-0.063939,0.746147,-0.030062,-0.010446,-0.185471,0.982134,-0.203278,0.343344,-0.161268,0.887122,0.012365,-0.261118,-0.287822,0.068540,-0.045559,0.747487,-0.438559,0.005892,0.236382,0.000000,0.000000,0.764110,0.366560,0.386223,-0.169488,0.403224,0.000072,0.000055,-0.839673,-0.442820,0.380161,0.259669,-0.329299,0.000062,-0.000078
0.028463,-0.068295,0.750594,-0.024866,-0.012244,-0.143639,0.989242,-0.277943,0.373981,-0.106188,0.918152,0.069080,-0.254791,-0.253294,0.030808,-0.105143,0.702536,-0.425326,0.000905,0.220330,0.000000,0.000000,0.672549,0.412709,0.420157,-0.215685,0.409407,0.000074,0.000059,-0.731881,-0.479660,0.347148,0.251327,-0.337200,0.000062,-0.000079
0.028031,-0.073066,0.754432,-0.021462,-0.013294,-0.100839,0.994582,-0.346534,0.421476,-0.023509,0.941078,0.127235,-0.227734,-0.218912,-0.000463,-0.170637,0.658165,-0.411904,-0.004671,0.202456,0.000000,0.000000,0.563462,0.464958,0.440324,-0.243487,0.424357,0.000051,0.000038,-0.611077,-0.504274,0.304461,0.248630,-0.345780,0.000041,-0.000055
0.027995,-0.077828,0.757505,-0.018972,-0.012921,-0.058882,0.998001,-0.403421,0.485937,0.094134,0.953672,0.186818,-0.191693,-0.187207,-0.026921,-0.238601,0.618319,-0.401265,-0.009055,0.182900,0.000000,0.000000,0.436091,0.512629,0.441584,-0.255733,0.437792,0.000041,0.000025,-0.482982,-0.511491,0.253537,0.247115,-0.354979,0.000033,-0.000045
0.028437,-0.082285,0.759547,-0.018160,-0.011289,-0.018566,0.999599,-0.436443,0.567510,0.249048,0.954594,0.237168,-0.175792,-0.159342,-0.047956,-0.308304,0.586547,-0.395469,-0.010670,0.161498,0.000000,0.000000,0.297704,0.546640,0.429139,-0.255978,0.447336,0.000042,0.000024,-0.355955,-0.500285,0.190064,0.241597,-0.369966,0.000034,-0.000048
0.029506,-0.086368,0.760087,-0.019250,-0.009127,0.019807,0.999577,-0.433422,0.654194,0.439215,0.947774,0.268081,-0.176721,-0.141189,-0.063359,-0.376717,0.570262,-0.395088,-0.011177,0.141264,0.000000,0.000000,0.157905,0.565177,0.403725,-0.247223,0.459136,0.000038,0.000018,-0.229384,-0.469786,0.117386,0.235885,-0.395191,0.000033,-0.000045
0.031329,-0.089935,0.759266,-0.021342,-0.004193,0.054873,0.998256,-0.410181,0.725944,0.639123,0.942311,0.270653,-0.161751,-0.138572,-0.073997,-0.437979,0.566349,-0.397727,-0.013731,0.122064,0.000000,0.000000,0.029310,0.564361,0.375819,-0.233853,0.472053,0.000043,0.000016,-0.109625,-0.418772,0.041636,0.223690,-0.415749,0.000037,-0.000051
0.033975,-0.092423,0.756903,-0.024763,0.003928,0.087287,0.995868,-0.380010,0.779007,0.838697,0.943476,0.236047,-0.111374,-0.147780,-0.080286,-0.493293,0.569902,-0.403586,-0.018603,0.101452,0.000000,0.000000,-0.085579,0.548161,0.345253,-0.219118,0.484488,0.000050,0.000012,0.002711,-0.350385,-0.036423,0.203507,-0.426791,0.000045,-0.000061
0.036980,-0.093411,0.752640,-0.029871,0.014636,0.115446,0.992757,-0.360512,0.812941,1.007716,0.948088,0.174321,-0.039457,-0.167425,-0.082016,-0.540203,0.581165,-0.414350,-0.025618,0.079522,0.000000,0.000000,-0.188586,0.511877,0.315191,-0.206806,0.486724,0.000054,0.000010,0.106010,-0.270776,-0.112806,0.170864,-0.425760,0.000047,-0.000069
0.040301,-0.093505,0.747338,-0.038798,0.027475,0.138518,0.989218,-0.351681,0.840285,1.149119,0.945034,0.114273,0.044752,-0.196100,-0.075688,-0.579459,0.597451,-0.428065,-0.033130,0.055083,0.000000,0.000000,-0.269718,0.472956,0.294546,-0.201784,0.497695,0.000057,0.000009,0.192975,-0.192599,-0.175179,0.134119,-0.421758,0.000046,-0.000074
0.042589,-0.092640,0.742438,-0.048673,0.041243,0.155601,0.985758,-0.344600,0.854674,1.267751,0.936516,0.047049,0.117066,-0.226871,-0.068945,-0.607629,0.618081,-0.444745,-0.036481,0.024567,0.000000,0.000000,-0.329710,0.432168,0.292095,-0.204398,0.505971,0.000056,0.000015,0.255183,-0.133027,-0.215828,0.095723,-0.421330,0.000043,-0.000075
0.043872,-0.090431,0.737957,-0.057916,0.052233,0.165647,0.983096,-0.348787,0.866369,1.334710,0.940792,-0.015458,0.158007,-0.251587,-0.061687,-0.622358,0.640018,-0.461704,-0.035759,-0.011495,0.000000,0.000000,-0.370961,0.395803,0.298970,-0.199907,0.510166,0.000044,0.000023,0.295907,-0.093494,-0.234470,0.056709,-0.413148,0.000032,-0.000060
0.044343,-0.088287,0.734359,-0.065364,0.059758,0.172771,0.980972,-0.372055,0.870495,1.336799,0.949498,-0.066497,0.158163,-0.270553,-0.056895,-0.630840,0.661276,-0.475916,-0.033291,-0.048277,0.000000,0.000000,-0.394081,0.373115,0.297320,-0.180116,0.518329,0.000049,0.000035,0.318541,-0.077626,-0.237351,0.019404,-0.399369,0.000028,-0.000058
0.044491,-0.087313,0.731955,-0.069074,0.064242,0.179063,0.979305,-0.415218,0.866752,1.274004,0.962509,-0.092383,0.129951,-0.283829,-0.057671,-0.637074,0.678990,-0.485623,-0.031547,-0.078444,0.000000,0.000000,-0.409492,0.362922,0.276808,-0.144477,0.525979,0.000058,0.000043,0.328152,-0.086737,-0.241784,-0.012298,-0.394161,0.000031,-0.000064
0.044567,-0.087152,0.730949,-0.068336,0.066366,0.184267,0.978249,-0.471893,0.854229,1.165461,0.978456,-0.090346,0.093091,-0.290481,-0.065257,-0.641001,0.690703,-0.490085,-0.030209,-0.099813,0.000000,0.000000,-0.421419,0.355642,0.251499,-0.092705,0.528477,0.000062,0.000048,0.334855,-0.115882,-0.264172,-0.053874,-0.394928,0.000030,-0.000067
0.044356,-0.087087,0.731254,-0.063431,0.067325,0.187755,0.977851,-0.525526,0.835497,1.056014,0.994719,-0.057958,0.060535,-0.292474,-0.080838,-0.642683,0.697157,-0.490170,-0.028468,-0.113952,0.000000,0.000000,-0.432183,0.355984,0.217166,-0.022688,0.532373,0.000061,0.000050,0.338819,-0.163736,-0.295590,-0.094380,-0.393689,0.000034,-0.000058
0.043826,-0.087143,0.733275,-0.054472,0.068291,0.185755,0.978705,-0.571961,0.810412,0.945937,1.012046,0.000655,0.016622,-0.295923,-0.104369,-0.634271,0.703050,-0.487031,-0.025839,-0.121642,0.000000,0.000000,-0.437986,0.359340,0.184998,0.058690,0.536497,0.000059,0.000059,0.320844,-0.216904,-0.325136,-0.125347,-0.373845,0.000037,-0.000052
0.043047,-0.086781,0.737253,-0.041243,0.068471,0.177717,0.980830,-0.592529,0.771677,0.855134,1.015287,0.066011,-0.038641,-0.300262,-0.137142,-0.614349,0.708555,-0.479527,-0.020720,-0.119741,0.000000,0.000000,-0.434431,0.359163,0.149551,0.149635,0.534531,0.000059,0.000067,0.283912,-0.278528,-0.353031,-0.149475,-0.352099,0.000038,-0.000051
0.042490,-0.085711,0.742334,-0.024922,0.067137,0.163152,0.983999,-0.589462,0.725481,0.779494,1.008957,0.123143,-0.094194,-0.299330,-0.170670,-0.582966,0.705253,-0.467097,-0.012720,-0.109592,0.000000,0.000000,-0.419046,0.350955,0.109398,0.243331,0.516745,0.000057,0.000067,0.229896,-0.364453,-0.366319,-0.165566,-0.344858,0.000035,-0.000047
0.042246,-0.084192,0.748170,-0.007640,0.064234,0.142577,0.987668,-0.573272,0.670205,0.700377,0.991155,0.171545,-0.138049,-0.292599,-0.198483,-0.543067,0.688681,-0.448413,-0.003665,-0.092127,0.000000,0.000000,-0.390822,0.337567,0.071509,0.327558,0.491704,0.000057,0.000059,0.155860,-0.466692,-0.359326,-0.168086,-0.346778,0.000034,-0.000042
0.042373,-0.082296,0.754049,0.008496,0.059664,0.116362,0.991377,-0.549420,0.603778,0.608787,0.960795,0.210626,-0.170787,-0.281294,-0.217114,-0.495758,0.662158,-0.425944,0.004859,-0.073030,0.000000,0.000000,-0.346904,0.324135,0.038160,0.388313,0.468949,0.000044,0.000042,0.052105,-0.567207,-0.325543,-0.153058,-0.351135,0.000027,-0.000030
0.042494,-0.080031,0.759102,0.022896,0.055190,0.088518,0.994281,-0.522414,0.527961,0.509389,0.921026,0.236244,-0.195658,-0.273296,-0.230775,-0.445543,0.635579,-0.403354,0.012101,-0.055649,0.000000,0.000000,-0.290474,0.320688,0.016839,0.422613,0.464111,0.000037,0.000037,-0.074140,-0.659829,-0.266772,-0.125425,-0.357831,0.000023,-0.000022
0.042708,-0.077766,0.763374,0.035458,0.050468,0.060664,0.996251,-0.492716,0.440121,0.387601,0.875118,0.250666,-0.220230,-0.267703,-0.240580,-0.395148,0.611716,-0.382390,0.017476,-0.039044,0.000000,0.000000,-0.226968,0.316599,0.001900,0.443503,0.460803,0.000059,0.000064,-0.214202,-0.732613,-0.188743,-0.090335,-0.362065,0.000044,-0.000037
0.042959,-0.075452,0.766567,0.046258,0.046521,0.033562,0.997281,-0.461998,0.346663,0.253242,0.831990,0.255380,-0.230177,-0.267139,-0.247365,-0.344835,0.593739,-0.365031,0.021488,-0.023808,0.000000,0.000000,-0.162950,0.308611,-0.017008,0.459621,0.451335,0.000077,0.000084,-0.366984,-0.780106,-0.095798,-0.053193,-0.361822,0.000056,-0.000048
0.043301,-0.072878,0.768559,0.055907,0.043416,0.007516,0.997463,-0.426336,0.256677,0.124351,0.795581,0.238260,-0.214321,-0.272720,-0.252772,-0.293603,0.584571,-0.352549,0.025020,-0.009733,0.000000,0.000000,-0.099734,0.297791,-0.042108,0.475673,0.437366,0.000034,0.000044,-0.522175,-0.798790,0.002602,-0.012040,-0.355885,0.000019,-0.000017
0.043789,-0.070060,0.769192,0.063929,0.040267,-0.017704,0.996985,-0.385528,0.176929,0.004541,0.767015,0.211275,-0.196565,-0.283781,-0.255200,-0.241302,0.586866,-0.346270,0.027942,0.005875,0.000000,0.000000,-0.043294,0.289072,-0.073306,0.488716,0.428522,0.000039,0.000052,-0.672540,-0.789390,0.100755,0.033806,-0.352151,0.000020,-0.000022
0.044393,-0.067196,0.768659,0.069461,0.037299,-0.042318,0.995989,-0.343684,0.113700,-0.100177,0.747021,0.179579,-0.189445,-0.299709,-0.252228,-0.188774,0.599935,-0.345760,0.030483,0.024050,0.000000,0.000000,0.005958,0.284302,-0.105748,0.497897,0.425806,0.000040,0.000057,-0.814551,-0.763339,0.192798,0.087986,-0.359737,0.000021,-0.000026
0.045117,-0.064472,0.766334,0.072762,0.034499,-0.067424,0.994469,-0.304628,0.068204,-0.185536,0.739987,0.146080,-0.207684,-0.324070,-0.242687,-0.132326,0.630726,-0.354209,0.032863,0.044442,0.000000,0.000000,0.052662,0.282174,-0.135827,0.502993,0.421279,0.000034,0.000051,-0.947380,-0.717142,0.277254,0.147279,-0.365891,0.000017,-0.000022
0.045925,-0.061894,0.762153,0.074578,0.032073,-0.093233,0.992329,-0.270763,0.034545,-0.254915,0.745519,0.109642,-0.223972,-0.355849,-0.225032,-0.071762,0.676532,-0.370592,0.033857,0.066578,0.000000,0.000000,0.101444,0.283910,-0.170522,0.501744,0.412414,0.000070,0.000078,-1.069215,-0.652055,0.347700,0.212094,-0.377642,0.000041,-0.000052
0.046672,-0.059622,0.757046,0.074381,0.030220,-0.119151,0.989625,-0.239569,0.011931,-0.309202,0.756413,0.063281,-0.223635,-0.389356,-0.198095,-0.012190,0.727841,-0.390261,0.033305,0.088113,0.000000,0.000000,0.155980,0.286620,-0.204267,0.487741,0.392942,0.000039,0.000043,-1.173818,-0.568079,0.401890,0.281144,-0.386132,0.000015,-0.000022
0.047804,-0.058231,0.751725,0.072148,0.028417,-0.145573,0.986304,-0.204156,0.007771,-0.332433,0.760207,0.005056,-0.214754,-0.418943,-0.162510,0.043570,0.779185,-0.411290,0.032221,0.107214,0.000000,0.000000,0.210292,0.301925,-0.235398,0.464222,0.380418,0.000042,0.000045,-1.252642,-0.467439,0.434705,0.348370,-0.387905,0.000016,-0.000028
0.049476,-0.057657,0.746556,0.067893,0.025846,-0.171273,0.982542,-0.160824,0.022203,-0.327883,0.745771,-0.049681,-0.214669,-0.440158,-0.121360,0.092398,0.826042,-0.432310,0.029962,0.124417,0.000000,0.000000,0.268317,0.323473,-0.263555,0.437669,0.364663,0.000041,0.000044,-1.307649,-0.363381,0.453548,0.410648,-0.385088,0.000017,-0.000032
0.051073,-0.057992,0.741928,0.062688,0.023801,-0.193524,0.978801,-0.121379,0.046747,-0.304039,0.722339,-0.086935,-0.228762,-0.456526,-0.081194,0.130851,0.867749,-0.452053,0.026920,0.140024,0.000000,0.000000,0.325941,0.355440,-0.289126,0.408622,0.357083,0.000063,0.000065,-1.342562,-0.267864,0.463487,0.462404,-0.381876,0.000036,-0.000058
0.052004,-0.058987,0.738560,0.058494,0.023317,-0.210027,0.975666,-0.094338,0.072597,-0.266713,0.700474,-0.114206,-0.230579,-0.469963,-0.050602,0.156303,0.901643,-0.469321,0.024319,0.152580,0.000000,0.000000,0.375046,0.397731,-0.309506,0.378888,0.356855,0.000078,0.000080,-1.361005,-0.188733,0.467248,0.500538,-0.380810,0.000051,-0.000076
0.052104,-0.060373,0.736820,0.056382,0.022932,-0.218523,0.973932,-0.079600,0.091226,-0.234116,0.685477,-0.128434,-0.226793,-0.477236,-0.035224,0.167483,0.924201,-0.482426,0.022393,0.162204,0.000000,0.000000,0.417589,0.445374,-0.334295,0.349813,0.345637,0.000077,0.000076,-1.360779,-0.132157,0.467847,0.522786,-0.382188,0.000054,-0.000078
0.051528,-0.062713,0.736919,0.056907,0.022361,-0.214239,0.974866,-0.082203,0.098368,-0.226401,0.681624,-0.123088,-0.227131,-0.475053,-0.038846,0.159674,0.930120,-0.489410,0.019248,0.170839,0.000000,0.000000,0.441641,0.506092,-0.364248,0.320263,0.331745,0.000078,0.000066,-1.339289,-0.108135,0.467854,0.526415,-0.386595,0.000054,-0.000079
0.050246,-0.066280,0.738953,0.057661,0.020942,-0.198231,0.978234,-0.100056,0.100923,-0.234987,0.684795,-0.092493,-0.232689,-0.461007,-0.056535,0.132689,0.920903,-0.491692,0.015101,0.174627,0.000000,0.000000,0.446727,0.578992,-0.396084,0.288820,0.316845,0.000078,0.000046,-1.296574,-0.110249,0.461240,0.512232,-0.390843,0.000055,-0.000081
0.049011,-0.069486,0.743119,0.060159,0.019074,-0.171215,0.983210,-0.139725,0.097335,-0.244102,0.707389,-0.041499,-0.249262,-0.434389,-0.089727,0.089091,0.889730,-0.484220,0.011503,0.174965,0.000000,0.000000,0.431240,0.657892,-0.434647,0.255130,0.310301,0.000073,0.000010,-1.231432,-0.137666,0.454926,0.485951,-0.395598,0.000050,-0.000077
0.047936,-0.071864,0.748364,0.063443,0.018215,-0.137226,0.988338,-0.196565,0.097033,-0.233225,0.741521,0.014001,-0.260718,-0.397504,-0.128813,0.032579,0.839124,-0.467986,0.007912,0.169107,0.000000,0.000000,0.400508,0.732670,-0.472138,0.213990,0.305570,0.000075,-0.000026,-1.151994,-0.178805,0.449295,0.451596,-0.400708,0.000052,-0.000080
0.046945,-0.074049,0.753901,0.064455,0.017195,-0.098739,0.992875,-0.261486,0.107503,-0.204091,0.779838,0.075200,-0.261620,-0.349651,-0.166227,-0.040338,0.776091,-0.446408,0.004696,0.157990,0.000000,0.000000,0.358168,0.804305,-0.500611,0.170998,0.304900,0.000076,-0.000044,-1.058944,-0.222435,0.441447,0.412430,-0.396847,0.000049,-0.000081
0.045925,-0.076136,0.758910,0.061216,0.015835,-0.055940,0.996430,-0.330627,0.137648,-0.153395,0.815422,0.142118,-0.260819,-0.293134,-0.196336,-0.132348,0.709217,-0.423271,0.003610,0.143320,0.000000,0.000000,0.301612,0.870982,-0.518768,0.129127,0.314325,0.000072,-0.000049,-0.953604,-0.270915,0.422077,0.371399,-0.393167,0.000046,-0.000079
0.045171,-0.078265,0.763061,0.055588,0.014711,-0.013601,0.998253,-0.396169,0.190228,-0.070428,0.843265,0.209089,-0.253761,-0.235959,-0.216270,-0.229907,0.645381,-0.401176,0.004337,0.125598,0.000000,0.000000,0.240790,0.924768,-0.524596,0.091510,0.323366,0.000066,-0.000047,-0.846236,-0.316389,0.397279,0.332774,-0.397959,0.000045,-0.000075
0.044570,-0.080347,0.766173,0.048495,0.013455,0.026241,0.998388,-0.448853,0.267079,0.050153,0.864174,0.269465,-0.237629,-0.182608,-0.226263,-0.325132,0.589794,-0.382180,0.006363,0.106941,0.000000,0.000000,0.180587,0.963452,-0.520526,0.059419,0.325197,0.000070,-0.000054,-0.735017,-0.349338,0.367486,0.301478,-0.400032,0.000053,-0.000079
0.044271,-0.082383,0.768063,0.040878,0.012069,0.061700,0.997184,-0.477853,0.366700,0.213385,0.880646,0.324448,-0.221379,-0.137379,-0.227982,-0.410709,0.546764,-0.368818,0.008735,0.089672,0.000000,0.000000,0.125566,0.988324,-0.506434,0.033064,0.326810,0.000036,-0.000026,-0.624232,-0.367727,0.336005,0.276600,-0.403344,0.000026,-0.000042
0.044515,-0.084204,0.768753,0.033038,0.010896,0.091857,0.995164,-0.468631,0.474977,0.407343,0.887640,0.350340,-0.214149,-0.102466,-0.223587,-0.482419,0.517982,-0.362424,0.010967,0.075726,0.000000,0.000000,0.076053,1.001118,-0.482497,0.011520,0.334257,0.000028,-0.000018,-0.512719,-0.364211,0.296531,0.257018,-0.395918,0.000020,-0.000035
0.045657,-0.084799,0.767625,0.024066,0.009817,0.116298,0.992874,-0.423347,0.572929,0.617949,0.894396,0.319860,-0.180082,-0.078283,-0.211042,-0.538996,0.501512,-0.362429,0.011067,0.062765,0.000000,0.000000,0.033697,0.996478,-0.448571,-0.010026,0.346463,0.000036,-0.000023,-0.413000,-0.358144,0.272614,0.251087,-0.396737,0.000031,-0.000039
0.046598,-0.084343,0.764941,0.015242,0.009285,0.137133,0.990392,-0.368078,0.641850,0.812383,0.905327,0.257747,-0.118762,-0.063001,-0.197899,-0.583662,0.498240,-0.369709,0.010436,0.049203,0.000000,0.000000,-0.001228,0.975246,-0.404418,-0.035808,0.353358,0.000040,-0.000025,-0.327374,-0.349400,0.251148,0.248290,-0.399887,0.000035,-0.000037
0.047587,-0.082827,0.760902,0.005084,0.007487,0.154197,0.987999,-0.312870,0.691834,0.978590,0.911407,0.182550,-0.032621,-0.052354,-0.181611,-0.617871,0.506502,-0.383049,0.009463,0.032913,0.000000,0.000000,-0.026585,0.948290,-0.354380,-0.063817,0.362825,0.000042,-0.000025,-0.252805,-0.335950,0.230152,0.246618,-0.402345,0.000036,-0.000035
0.048777,-0.080836,0.756003,-0.006663,0.005112,0.167698,0.985803,-0.269345,0.734424,1.107629,0.919288,0.107152,0.053536,-0.046932,-0.162008,-0.643407,0.523741,-0.400738,0.008570,0.014018,0.000000,0.000000,-0.044805,0.917138,-0.298849,-0.091530,0.376543,0.000041,-0.000027,-0.189715,-0.323964,0.211870,0.243853,-0.405007,0.000036,-0.000035
0.049718,-0.078606,0.750556,-0.018296,0.002950,0.177401,0.983964,-0.250083,0.773729,1.177779,0.943450,0.036923,0.101500,-0.046109,-0.141812,-0.660525,0.545540,-0.420185,0.007358,-0.004473,0.000000,0.000000,-0.058488,0.874385,-0.240645,-0.116056,0.383070,0.000043,-0.000031,-0.138803,-0.315841,0.196127,0.238370,-0.405361,0.000036,-0.000034
0.050360,-0.076501,0.745452,-0.030079,0.001613,0.184536,0.982364,-0.266369,0.807656,1.170436,0.977988,-0.015931,0.096785,-0.048106,-0.121214,-0.671812,0.567160,-0.438751,0.006774,-0.022570,0.000000,0.000000,-0.073668,0.825211,-0.178846,-0.135638,0.397518,0.000046,-0.000031,-0.101650,-0.311017,0.179448,0.227609,-0.400947,0.000036,-0.000035
0.050251,-0.075551,0.741389,-0.040792,0.000695,0.191522,0.980640,-0.308000,0.829757,1.109354,1.006614,-0.047490,0.059585,-0.051287,-0.102496,-0.682237,0.585771,-0.454247,0.005977,-0.040289,0.000000,0.000000,-0.093353,0.772385,-0.122610,-0.148080,0.415047,0.000048,-0.000029,-0.074643,-0.312115,0.158332,0.215004,-0.396878,0.000038,-0.000040
0.049441,-0.076083,0.738819,-0.047745,-0.000521,0.199594,0.978715,-0.365681,0.833637,1.010435,1.027052,-0.052885,0.025187,-0.052874,-0.091216,-0.693882,0.600248,-0.465732,0.004531,-0.054874,0.000000,0.000000,-0.117654,0.714083,-0.076743,-0.154075,0.431581,0.000047,-0.000025,-0.050274,-0.321714,0.132840,0.199490,-0.398315,0.000040,-0.000042
0.048715,-0.077293,0.737893,-0.050444,-0.002684,0.209146,0.976579,-0.421620,0.823831,0.909697,1.040506,-0.031442,-0.005255,-0.048749,-0.088775,-0.708997,0.608475,-0.472346,0.003976,-0.067442,0.000000,0.000000,-0.147290,0.652077,-0.043443,-0.146716,0.449148,0.000047,-0.000018,-0.023332,-0.333336,0.099670,0.181392,-0.396548,0.000041,-0.000044
0.048060,-0.078434,0.738183,-0.048520,-0.004744,0.216795,0.974999,-0.471996,0.810609,0.819620,1.058498,0.022827,-0.036407,-0.044544,-0.096637,-0.721287,0.614365,-0.474562,0.004055,-0.075842,0.000000,0.000000,-0.178345,0.590261,-0.013653,-0.124880,0.475054,0.000050,-0.000006,0.004530,-0.348289,0.063968,0.161596,-0.395725,0.000042,-0.000049
0.047607,-0.079458,0.740458,-0.041087,-0.004257,0.219599,0.974715,-0.504043,0.786717,0.752287,1.067566,0.096122,-0.074918,-0.046841,-0.119657,-0.725183,0.621539,-0.473175,0.005563,-0.076096,0.000000,0.000000,-0.207609,0.525098,0.008488,-0.088335,0.493247,0.000053,0.000008,0.023064,-0.370085,0.026829,0.139169,-0.393667,0.000044,-0.000051
0.047702,-0.080118,0.744267,-0.030861,-0.003685,0.213387,0.976473,-0.507819,0.759848,0.711921,1.063949,0.156509,-0.101488,-0.051645,-0.147310,-0.714387,0.626157,-0.467413,0.007653,-0.072349,0.000000,0.000000,-0.217027,0.463568,0.023835,-0.035429,0.497979,0.000056,0.000013,0.029108,-0.399991,0.003219,0.120305,-0.395348,0.000045,-0.000052
0.048093,-0.080097,0.748704,-0.019485,-0.001509,0.197937,0.980020,-0.503943,0.727851,0.667823,1.053554,0.206904,-0.128348,-0.059630,-0.172115,-0.687628,0.621413,-0.456335,0.010689,-0.067721,0.000000,0.000000,-0.208283,0.414497,0.046048,0.026775,0.503463,0.000060,0.000016,0.014773,-0.434294,-0.005169,0.101246,-0.398399,0.000044,-0.000053
0.048461,-0.079979,0.753801,-0.007740,0.001984,0.178855,0.983843,-0.500705,0.678629,0.602894,1.029334,0.250994,-0.163880,-0.067247,-0.192955,-0.654250,0.604786,-0.439145,0.014137,-0.063852,0.000000,0.000000,-0.189936,0.369328,0.072110,0.087003,0.498423,0.000051,0.000015,-0.020197,-0.470703,-0.000884,0.087116,-0.394962,0.000036,-0.000046
0.049047,-0.080005,0.759011,0.004027,0.005282,0.160192,0.987064,-0.493868,0.608150,0.520452,0.987228,0.284658,-0.185113,-0.072725,-0.212417,-0.621112,0.583607,-0.419590,0.017922,-0.062830,0.000000,0.000000,-0.163297,0.331931,0.099833,0.142453,0.493854,0.000043,0.000014,-0.070499,-0.513565,0.016328,0.080552,-0.390131,0.000031,-0.000039
0.049330,-0.080186,0.763529,0.016432,0.009302,0.142057,0.989678,-0.482630,0.513553,0.412177,0.928710,0.307724,-0.215458,-0.083892,-0.233763,-0.585726,0.566681,-0.401000,0.021258,-0.065478,0.000000,0.000000,-0.132044,0.300814,0.128206,0.197141,0.491212,0.000045,0.000021,-0.136397,-0.560901,0.046941,0.081953,-0.383436,0.000033,-0.000039
0.049298,-0.079815,0.766940,0.029258,0.013365,0.124652,0.991679,-0.464453,0.411631,0.294472,0.872247,0.310360,-0.242188,-0.098093,-0.256620,-0.549008,0.555540,-0.385727,0.024595,-0.072525,0.000000,0.000000,-0.099934,0.270787,0.152044,0.251519,0.479026,0.000076,0.000049,-0.213938,-0.610126,0.074057,0.088618,-0.380268,0.000065,-0.000074
0.048909,-0.078886,0.769246,0.042106,0.017139,0.108538,0.993052,-0.439843,0.313950,0.180758,0.822606,0.296620,-0.257100,-0.114995,-0.280149,-0.512246,0.550627,-0.374135,0.027524,-0.082107,0.000000,0.000000,-0.069733,0.244899,0.167079,0.307496,0.465713,0.000076,0.000049,-0.301320,-0.661172,0.117247,0.099165,-0.369839,0.000065,-0.000074
0.048279,-0.077355,0.770438,0.054010,0.020039,0.093703,0.993932,-0.411232,0.231237,0.084547,0.783505,0.269960,-0.260837,-0.133999,-0.302305,-0.476006,0.552717,-0.366574,0.029538,-0.091469,0.000000,0.000000,-0.043072,0.223003,0.171514,0.365012,0.456639,0.000044,0.000023,-0.394738,-0.713669,0.168358,0.109745,-0.355275,0.000034,-0.000042
0.047525,-0.075342,0.770521,0.064110,0.021855,0.078274,0.994628,-0.377491,0.159520,-0.011958,0.751136,0.223977,-0.261297,-0.156158,-0.320545,-0.436970,0.563498,-0.363842,0.030723,-0.095722,0.000000,0.000000,-0.018902,0.196255,0.177704,0.417815,0.443942,0.000037,0.000021,-0.491473,-0.767960,0.227554,0.121018,-0.338160,0.000028,-0.000034
0.046861,-0.072941,0.769173,0.071954,0.022477,0.060211,0.995335,-0.336884,0.105135,-0.099058,0.724142,0.160174,-0.261477,-0.184063,-0.332028,-0.389807,0.586596,-0.368103,0.031280,-0.094223,0.000000,0.000000,0.009445,0.170507,0.185267,0.457937,0.433836,0.000040,0.000030,-0.595706,-0.819585,0.296710,0.130235,-0.325717,0.000029,-0.000035
0.046021,-0.070003,0.765967,0.077053,0.022561,0.040714,0.995940,-0.294127,0.065765,-0.174167,0.700109,0.096806,-0.261559,-0.219036,-0.336080,-0.336553,0.624795,-0.380828,0.031373,-0.087459,0.000000,0.000000,0.042646,0.148402,0.185414,0.485745,0.428395,0.000042,0.000038,-0.706509,-0.866755,0.369681,0.139129,-0.318055,0.000030,-0.000034
0.045521,-0.066931,0.761350,0.077893,0.021454,0.018446,0.996560,-0.252769,0.043110,-0.234827,0.683656,0.043774,-0.261638,-0.257848,-0.326447,-0.277993,0.673069,-0.399130,0.030245,-0.076860,0.000000,0.000000,0.085068,0.129753,0.182996,0.502004,0.423550,0.000045,0.000046,-0.821380,-0.897824,0.444146,0.149104,-0.311658,0.000032,-0.000036
0.045626,-0.064202,0.756120,0.075756,0.020582,-0.007942,0.996882,-0.213846,0.034336,-0.280152,0.675535,-0.015424,-0.261642,-0.300190,-0.303173,-0.213617,0.724541,-0.418811,0.027743,-0.063971,0.000000,0.000000,0.138658,0.114691,0.181484,0.507006,0.418345,0.000045,0.000049,-0.936032,-0.904270,0.517537,0.163581,-0.309926,0.000031,-0.000033
0.046299,-0.062621,0.750810,0.070796,0.019760,-0.036584,0.996624,-0.172666,0.040943,-0.307909,0.666746,-0.080916,-0.261571,-0.340629,-0.267223,-0.150509,0.774941,-0.438465,0.023639,-0.046772,0.000000,0.000000,0.200793,0.104243,0.181720,0.501961,0.411511,0.000041,0.000048,-1.041470,-0.886824,0.580825,0.185760,-0.310024,0.000027,-0.000027
0.047363,-0.061702,0.746078,0.064477,0.019042,-0.065850,0.995562,-0.129866,0.061704,-0.303244,0.649411,-0.134252,-0.261564,-0.372886,-0.224734,-0.095312,0.817782,-0.456122,0.018911,-0.026390,0.000000,0.000000,0.267274,0.096363,0.176774,0.490129,0.399339,0.000039,0.000049,-1.129460,-0.850576,0.625239,0.210991,-0.310354,0.000026,-0.000023
0.048702,-0.061925,0.742427,0.056941,0.017696,-0.092264,0.993948,-0.090257,0.091521,-0.274375,0.628789,-0.170163,-0.261623,-0.394058,-0.181865,-0.053485,0.851691,-0.470852,0.013984,-0.005194,0.000000,0.000000,0.339095,0.097267,0.168149,0.473513,0.386984,0.000043,0.000055,-1.195700,-0.805701,0.651730,0.235744,-0.312380,0.000027,-0.000021
0.049831,-0.063318,0.740303,0.049443,0.016792,-0.112607,0.992267,-0.061507,0.121567,-0.240548,0.611768,-0.187437,-0.261665,-0.405464,-0.145164,-0.027745,0.874036,-0.481406,0.008969,0.015477,0.000000,0.000000,0.410471,0.108171,0.153232,0.454626,0.371389,0.000048,0.000061,-1.237225,-0.754959,0.652555,0.261567,-0.311255,0.000031,-0.000021
0.050293,-0.065345,0.739747,0.043778,0.016631,-0.125369,0.991004,-0.047394,0.145109,-0.214006,0.602478,-0.187581,-0.261673,-0.409091,-0.120039,-0.016731,0.883753,-0.486918,0.004353,0.033701,0.000000,0.000000,0.478166,0.131575,0.122073,0.435588,0.353450,0.000050,0.000055,-1.254882,-0.705498,0.628773,0.283553,-0.309072,0.000033,-0.000021
0.050470,-0.068526,0.740471,0.038588,0.015948,-0.129206,0.990738,-0.050072,0.164210,-0.202806,0.609622,-0.170349,-0.261670,-0.402206,-0.104452,-0.022638,0.881479,-0.488741,-0.001199,0.048311,0.000000,0.000000,0.541023,0.173960,0.076615,0.412660,0.341214,0.000053,0.000037,-1.247141,-0.663819,0.585368,0.296035,-0.304763,0.000035,-0.000022
0.050004,-0.071830,0.744572,0.036461,0.016571,-0.121273,0.991811,-0.082769,0.173174,-0.208616,0.640561,-0.121805,-0.261516,-0.380808,-0.105203,-0.048829,0.847163,-0.476579,-0.007667,0.060713,0.000000,0.000000,0.585501,0.233987,0.034119,0.369496,0.340712,0.000046,0.000022,-1.216774,-0.641428,0.530842,0.297914,-0.309953,0.000031,-0.000021
0.049315,-0.074592,0.749365,0.036017,0.017470,-0.104751,0.993693,-0.135334,0.173968,-0.216627,0.689066,-0.064944,-0.260943,-0.353834,-0.117453,-0.088768,0.800031,-0.456691,-0.012677,0.075497,0.000000,0.000000,0.618059,0.307172,-0.013474,0.314471,0.345870,0.000039,0.000012,-1.170496,-0.636480,0.470900,0.293845,-0.318089,0.000028,-0.000019
0.048182,-0.076306,0.754197,0.035009,0.018422,-0.086034,0.995506,-0.198970,0.178088,-0.208076,0.751593,-0.012541,-0.261033,-0.322448,-0.129629,-0.134248,0.745349,-0.432430,-0.016393,0.090063,0.000000,0.000000,0.644017,0.382793,-0.060831,0.250457,0.342839,0.000061,0.000003,-1.112754,-0.633030,0.410073,0.288351,-0.318938,0.000051,-0.000040
0.046759,-0.077226,0.758769,0.031529,0.018063,-0.066778,0.997106,-0.264541,0.192322,-0.185102,0.819618,0.033726,-0.251087,-0.285204,-0.136190,-0.183262,0.687077,-0.406242,-0.018640,0.104604,0.000000,0.000000,0.666039,0.461791,-0.100748,0.179677,0.332390,0.000077,-0.000016,-1.046535,-0.630242,0.346268,0.291386,-0.323112,0.000069,-0.000060
0.045283,-0.078122,0.762807,0.025477,0.016966,-0.047710,0.998392,-0.329026,0.216625,-0.150844,0.882202,0.077733,-0.235777,-0.246851,-0.135196,-0.233486,0.630032,-0.379692,-0.019591,0.119949,0.000000,0.000000,0.685483,0.548797,-0.127071,0.104926,0.320718,0.000076,-0.000037,-0.975213,-0.624400,0.276880,0.306653,-0.334124,0.000073,-0.000070
0.044085,-0.078616,0.765837,0.017696,0.014717,-0.030485,0.999270,-0.380319,0.233970,-0.126643,0.930586,0.115989,-0.211824,-0.209842,-0.127747,-0.280352,0.580302,-0.355489,-0.016992,0.137998,0.000000,0.000000,0.705554,0.637843,-0.140385,0.028324,0.297664,0.000037,-0.000022,-0.897439,-0.613382,0.214428,0.329720,-0.340416,0.000038,-0.000032
0.043297,-0.078578,0.767831,0.009562,0.011501,-0.014929,0.999777,-0.419476,0.211512,-0.139381,0.981320,0.119250,-0.220804,-0.176188,-0.117668,-0.321508,0.540707,-0.334550,-0.009944,0.157087,0.000000,0.000000,0.727317,0.727848,-0.140658,-0.044845,0.280248,0.000051,-0.000043,-0.818849,-0.591953,0.149007,0.354511,-0.339827,0.000053,-0.000047
0.042703,-0.078109,0.768864,0.001270,0.007638,0.001174,0.999969,-0.448577,0.151605,-0.182905,1.034097,0.085280,-0.234055,-0.146317,-0.107846,-0.359958,0.512576,-0.318021,0.001661,0.174587,0.000000,0.000000,0.747417,0.816691,-0.129042,-0.115265,0.265811,0.000076,-0.000072,-0.742278,-0.566721,0.083445,0.381920,-0.339627,0.000076,-0.000074
0.042143,-0.077109,0.768855,-0.007153,0.003393,0.017683,0.999812,-0.464485,0.066980,-0.245220,1.080211,0.038056,-0.248445,-0.121534,-0.098607,-0.393865,0.496649,-0.305338,0.019607,0.187834,0.000000,0.000000,0.763351,0.900434,-0.106142,-0.180743,0.253729,0.000076,-0.000076,-0.670631,-0.538993,0.023179,0.414545,-0.340938,0.000075,-0.000077
0.041782,-0.075485,0.767931,-0.016816,-0.002104,0.034229,0.999270,-0.461950,-0.015192,-0.301790,1.109130,-0.007914,-0.260354,-0.100999,-0.085890,-0.412672,0.492457,-0.293470,0.045177,0.194903,0.000000,0.000000,0.778273,0.973180,-0.073662,-0.239245,0.242911,0.000035,-0.000037,-0.601802,-0.506524,-0.030140,0.450066,-0.345477,0.000032,-0.000036
0.041561,-0.073101,0.764972,-0.027204,-0.008234,0.048913,0.998399,-0.451370,-0.051302,-0.321572,1.121647,-0.053299,-0.261436,-0.090134,-0.061598,-0.381172,0.504223,-0.293554,0.067908,0.195462,0.000000,0.000000,0.791636,1.030951,-0.026029,-0.293299,0.237213,0.000049,-0.000051,-0.534315,-0.466432,-0.077251,0.488547,-0.352018,0.000046,-0.000050
0.041607,-0.070190,0.760535,-0.038676,-0.015043,0.060150,0.997326,-0.446519,-0.042149,-0.315347,1.136149,-0.096014,-0.261117,-0.086767,-0.023476,-0.308712,0.527574,-0.306205,0.084179,0.195310,0.000000,0.000000,0.799544,1.077665,0.033112,-0.347826,0.239196,0.000078,-0.000078,-0.469255,-0.415638,-0.121752,0.521334,-0.354238,0.000076,-0.000079
0.041904,-0.066710,0.755014,-0.051132,-0.021930,0.066507,0.996234,-0.439407,-0.014850,-0.306146,1.154325,-0.140608,-0.226662,-0.083634,0.021662,-0.227389,0.551392,-0.329634,0.093860,0.198020,0.000000,0.000000,0.797502,1.106009,0.095310,-0.402051,0.238478,0.000078,-0.000077,-0.405102,-0.357518,-0.164090,0.543485,-0.351561,0.000076,-0.000080
0.042413,-0.062954,0.748758,-0.063502,-0.028827,0.069242,0.995159,-0.421077,0.021197,-0.281695,1.160165,-0.205998,-0.143318,-0.077135,0.063364,-0.164805,0.574650,-0.362766,0.097207,0.200992,0.000000,0.000000,0.785667,1.119792,0.153779,-0.452903,0.234444,0.000079,-0.000076,-0.338654,-0.296786,-0.201083,0.555264,-0.348096,0.000076,-0.000080
0.043230,-0.059476,0.742612,-0.076019,-0.035757,0.070420,0.993974,-0.392153,0.064658,-0.250793,1.151129,-0.290444,-0.073416,-0.065614,0.098259,-0.138647,0.592736,-0.398004,0.095644,0.203265,0.000000,0.000000,0.756306,1.125405,0.205351,-0.502932,0.232920,0.000080,-0.000076,-0.268411,-0.234446,-0.232961,0.554295,-0.342863,0.000075,-0.000081
0.044462,-0.056143,0.737775,-0.087143,-0.041528,0.072707,0.992671,-0.354921,0.099373,-0.231832,1.126131,-0.389064,-0.029583,-0.053965,0.124824,-0.136110,0.605539,-0.424400,0.084882,0.201479,0.000000,0.000000,0.700482,1.124038,0.238986,-0.548669,0.236394,0.000081,-0.000076,-0.189645,-0.174463,-0.263473,0.539998,-0.335133,0.000074,-0.000081
0.045288,-0.053593,0.735089,-0.095599,-0.044652,0.076407,0.991478,-0.323948,0.120011,-0.222670,1.091180,-0.461341,0.004134,-0.054261,0.140233,-0.138666,0.627335,-0.440275,0.078580,0.194440,0.000000,0.000000,0.620769,1.116088,0.249323,-0.586534,0.244082,0.000071,-0.000061,-0.105344,-0.116128,-0.284557,0.519315,-0.326710,0.000060,-0.000072
0.045684,-0.050937,0.734476,-0.098642,-0.045548,0.081357,0.990745,-0.301826,0.124527,-0.215135,1.053880,-0.501563,0.025731,-0.067430,0.137548,-0.142142,0.665763,-0.441452,0.086057,0.180481,0.000000,0.000000,0.523669,1.095620,0.232858,-0.618845,0.253603,0.000054,-0.000039,-0.021759,-0.068144,-0.294079,0.503011,-0.316788,0.000040,-0.000060
0.045722,-0.047616,0.735902,-0.096014,-0.044397,0.087147,0.990563,-0.287277,0.115143,-0.203232,1.015319,-0.513447,0.035304,-0.096714,0.116396,-0.143359,0.725695,-0.420292,0.099699,0.158497,0.000000,0.000000,0.416895,1.053245,0.193571,-0.642213,0.261935,0.000054,-0.000037,0.058984,-0.036899,-0.287519,0.491065,-0.311847,0.000041,-0.000063
0.045734,-0.044092,0.739941,-0.087394,-0.042125,0.094701,0.990767,-0.272566,0.095089,-0.184635,0.966585,-0.501221,0.043168,-0.135590,0.079627,-0.141092,0.791309,-0.373612,0.117842,0.132187,0.000000,0.000000,0.302286,0.990040,0.131666,-0.653399,0.269569,0.000053,-0.000037,0.133798,-0.023199,-0.267044,0.485298,-0.306598,0.000037,-0.000064
0.045141,-0.039822,0.745398,-0.077536,-0.037485,0.098534,0.991400,-0.259895,0.077478,-0.157478,0.910438,-0.474278,0.049433,-0.182767,0.042404,-0.129455,0.852131,-0.306300,0.129627,0.098722,0.000000,0.000000,0.199242,0.905917,0.070928,-0.644211,0.279528,0.000053,-0.000038,0.196597,-0.025402,-0.228804,0.483433,-0.313756,0.000036,-0.000062
0.044079,-0.035396,0.751105,-0.065560,-0.032599,0.104326,0.991844,-0.239898,0.052840,-0.133342,0.841691,-0.444457,0.059797,-0.230531,-0.000852,-0.120492,0.909279,-0.236126,0.132906,0.066745,0.000000,0.000000,0.101753,0.806151,0.004181,-0.624362,0.275928,0.000054,-0.000044,0.256984,-0.039593,-0.197394,0.478844,-0.323690,0.000037,-0.000065
0.042630,-0.031171,0.756223,-0.054038,-0.027824,0.109117,0.992169,-0.215938,0.026870,-0.113007,0.766372,-0.415406,0.074051,-0.283975,-0.043361,-0.112721,0.970147,-0.166630,0.139425,0.037012,0.000000,0.000000,0.012249,0.694548,-0.049869,-0.589522,0.275782,0.000055,-0.000045,0.316133,-0.055556,-0.170186,0.468590,-0.327829,0.000040,-0.000067
0.041163,-0.026699,0.760231,-0.044794,-0.023510,0.111387,0.992489,-0.194453,0.005616,-0.091834,0.699615,-0.389554,0.094165,-0.334391,-0.080037,-0.107922,1.025221,-0.109211,0.140903,0.006069,0.000000,0.000000,-0.064470,0.580267,-0.083961,-0.544416,0.277960,0.000056,-0.000044,0.370928,-0.069493,-0.146975,0.450367,-0.322374,0.000041,-0.000068
0.039911,-0.022337,0.762991,-0.038398,-0.019831,0.112667,0.992693,-0.176538,-0.012255,-0.077345,0.644756,-0.371268,0.115159,-0.382507,-0.107319,-0.104630,1.075058,-0.060877,0.134879,-0.027011,0.000000,0.000000,-0.125537,0.471868,-0.092093,-0.497858,0.293759,0.000067,-0.000048,0.420278,-0.083410,-0.124653,0.428928,-0.313101,0.000047,-0.000082
0.038610,-0.018596,0.764498,-0.034595,-0.016672,0.113476,0.992798,-0.166026,-0.026928,-0.071069,0.608685,-0.358753,0.127191,-0.427901,-0.117832,-0.097447,1.120295,-0.049083,0.143509,-0.060065,0.000000,0.000000,-0.173911,0.377107,-0.087831,-0.461384,0.303779,0.000067,-0.000046,0.461544,-0.098286,-0.098999,0.407443,-0.304925,0.000045,-0.000080
0.037194,-0.015477,0.765307,-0.032739,-0.013825,0.112688,0.992995,-0.161586,-0.036320,-0.066664,0.586725,-0.350744,0.131979,-0.468228,-0.113704,-0.088293,1.156401,-0.053119,0.158638,-0.091823,0.000000,0.000000,-0.217690,0.292816,-0.070566,-0.433716,0.311689,0.000056,-0.000034,0.493097,-0.113430,-0.071475,0.388630,-0.298473,0.000036,-0.000068
0.035748,-0.012944,0.765317,-0.030457,-0.012177,0.110218,0.993366,-0.158576,-0.045497,-0.060782,0.575223,-0.346839,0.129498,-0.503196,-0.101950,-0.073125,1.186206,-0.049468,0.184203,-0.121118,0.000000,0.000000,-0.260145,0.214968,-0.046117,-0.412105,0.311003,0.000038,-0.000018,0.519668,-0.130471,-0.046959,0.372329,-0.295059,0.000025,-0.000051
0.034106,-0.010999,0.764353,-0.026718,-0.011331,0.105904,0.993953,-0.158398,-0.055955,-0.050642,0.573746,-0.346595,0.121157,-0.535367,-0.084343,-0.049838,1.210403,-0.030999,0.211819,-0.147847,0.000000,0.000000,-0.301206,0.147954,-0.018985,-0.391902,0.302651,0.000059,-0.000023,0.540692,-0.151140,-0.026358,0.358989,-0.293456,0.000048,-0.000075
0.032509,-0.009650,0.762315,-0.020486,-0.011942,0.100590,0.994645,-0.158039,-0.069900,-0.035981,0.579622,-0.349798,0.108773,-0.560133,-0.064095,-0.018971,1.226060,-0.008682,0.248884,-0.170055,0.000000,0.000000,-0.341238,0.092405,0.012778,-0.367531,0.295211,0.000055,-0.000010,0.563420,-0.171823,-0.010328,0.344081,-0.288625,0.000047,-0.000074
0.031150,-0.008497,0.759404,-0.012983,-0.013772,0.093945,0.995397,-0.159801,-0.084034,-0.015912,0.595585,-0.358630,0.099029,-0.567039,-0.044285,0.007632,1.214622,0.014167,0.245597,-0.187980,0.000000,0.000000,-0.372585,0.049514,0.046655,-0.340246,0.287500,0.000054,0.000005,0.588782,-0.192479,0.003679,0.327025,-0.279353,0.000050,-0.000074
0.030194,-0.007303,0.755895,-0.005719,-0.016797,0.087584,0.995999,-0.162720,-0.097180,0.004309,0.618725,-0.370927,0.095918,-0.560076,-0.046582,0.007983,1.192260,0.030252,0.204462,-0.203569,0.000000,0.000000,-0.392517,0.020532,0.077652,-0.312632,0.284449,0.000046,0.000013,0.618242,-0.214360,0.018401,0.307715,-0.265398,0.000042,-0.000063
0.029653,-0.006257,0.752299,0.001953,-0.019949,0.082564,0.996384,-0.164979,-0.112135,0.021369,0.641549,-0.385411,0.096454,-0.541837,-0.072191,-0.015878,1.176596,-0.004979,0.139349,-0.218426,0.000000,0.000000,-0.402063,0.005300,0.105513,-0.291368,0.286393,0.000023,0.000009,0.651730,-0.242926,0.033433,0.281460,-0.252942,0.000020,-0.000037
0.029250,-0.005371,0.749063,0.009655,-0.022318,0.078208,0.996640,-0.167335,-0.127884,0.035533,0.660568,-0.399033,0.096066,-0.525015,-0.100724,-0.039127,1.170896,-0.052767,0.098676,-0.234799,0.000000,0.000000,-0.408595,0.002785,0.125412,-0.276546,0.289449,0.000021,0.000008,0.684452,-0.292100,0.052284,0.246907,-0.250825,0.000019,-0.000033
0.028891,-0.004267,0.746724,0.016645,-0.023412,0.076035,0.996691,-0.170957,-0.143958,0.043690,0.674991,-0.409604,0.094120,-0.524339,-0.124849,-0.048962,1.176902,-0.066617,0.080880,-0.249711,0.000000,0.000000,-0.413053,0.002626,0.139440,-0.263427,0.293046,0.000059,0.000024,0.715863,-0.365558,0.074111,0.206132,-0.252452,0.000055,-0.000072
0.028274,-0.002562,0.746092,0.021177,-0.022401,0.073829,0.996794,-0.175284,-0.155141,0.049334,0.679824,-0.414490,0.091895,-0.537116,-0.135602,-0.041908,1.185924,-0.054496,0.081971,-0.261729,0.000000,0.000000,-0.414915,0.001623,0.151077,-0.249489,0.292081,0.000057,0.000024,0.744759,-0.455299,0.087538,0.161749,-0.252588,0.000052,-0.000064
0.027365,-0.000186,0.746906,0.023828,-0.020129,0.069973,0.997061,-0.178333,-0.160889,0.057141,0.674898,-0.414515,0.092901,-0.563132,-0.134671,-0.020526,1.200229,-0.008984,0.109071,-0.270895,0.000000,0.000000,-0.415726,-0.002653,0.163315,-0.230023,0.285518,0.000057,0.000030,0.770616,-0.553622,0.082003,0.118172,-0.252700,0.000050,-0.000057
0.026527,0.002465,0.749636,0.023697,-0.017393,0.064802,0.997465,-0.176106,-0.158833,0.065548,0.655759,-0.407517,0.095016,-0.592060,-0.119699,0.009803,1.210073,0.051954,0.153765,-0.277646,0.000000,0.000000,-0.414235,-0.005808,0.173294,-0.199904,0.276004,0.000054,0.000035,0.793974,-0.650576,0.056410,0.081701,-0.249359,0.000046,-0.000048
0.025743,0.004494,0.754013,0.019798,-0.015006,0.059112,0.997942,-0.167225,-0.147037,0.072793,0.623233,-0.390084,0.093200,-0.610646,-0.095932,0.035362,1.205713,0.108091,0.192537,-0.282318,0.000000,0.000000,-0.408523,-0.000781,0.175540,-0.153397,0.270420,0.000053,0.000037,0.814917,-0.735810,0.016513,0.054795,-0.238756,0.000045,-0.000045
0.025405,0.005739,0.758714,0.014542,-0.012991,0.054196,0.998340,-0.154017,-0.131825,0.078732,0.583408,-0.366669,0.090031,-0.619064,-0.074629,0.050584,1.192660,0.150888,0.226525,-0.284475,0.000000,0.000000,-0.402375,0.012609,0.164975,-0.094673,0.269375,0.000055,0.000038,0.832538,-0.807075,-0.033989,0.033998,-0.213555,0.000046,-0.000041
0.025801,0.006336,0.763094,0.009377,-0.012048,0.049893,0.998638,-0.137760,-0.116853,0.083991,0.542354,-0.340783,0.084030,-0.617266,-0.058920,0.057021,1.175858,0.176213,0.241917,-0.285237,0.000000,0.000000,-0.393193,0.029788,0.143250,-0.026613,0.271540,0.000060,0.000035,0.840687,-0.876200,-0.087712,0.017798,-0.186543,0.000050,-0.000023
0.026620,0.006511,0.766742,0.005098,-0.011537,0.046175,0.998854,-0.121827,-0.104239,0.088541,0.505174,-0.316287,0.076973,-0.608080,-0.049057,0.058504,1.159273,0.174965,0.241009,-0.286123,0.000000,0.000000,-0.382865,0.047610,0.112715,0.044177,0.277784,0.000068,0.000033,0.837722,-0.949908,-0.145748,0.008358,-0.173042,0.000059,-0.000001
0.027589,0.006323,0.769454,0.002099,-0.011216,0.043345,0.998995,-0.107890,-0.095199,0.091436,0.475048,-0.297077,0.070543,-0.591653,-0.046185,0.055027,1.144131,0.149265,0.219857,-0.287004,0.000000,0.000000,-0.373815,0.062926,0.073744,0.118693,0.284758,0.000045,0.000018,0.819719,-1.026193,-0.204648,0.007928,-0.175235,0.000039,0.000011
0.028665,0.005639,0.771046,0.000011,-0.011170,0.041913,0.999059,-0.096292,-0.089370,0.091100,0.453500,-0.284347,0.066928,-0.568548,-0.050747,0.046202,1.127488,0.130543,0.190237,-0.287726,0.000000,0.000000,-0.367575,0.079096,0.023300,0.199243,0.297529,0.000031,0.000012,0.779076,-1.095988,-0.261112,0.022212,-0.183272,0.000031,0.000015
0.029734,0.004320,0.771479,-0.001638,-0.011705,0.041599,0.999064,-0.087290,-0.085081,0.088340,0.441297,-0.278249,0.067893,-0.538152,-0.059675,0.032392,1.103737,0.124606,0.155361,-0.289470,0.000000,0.000000,-0.363035,0.092276,-0.041290,0.291889,0.308610,0.000034,0.000007,0.712425,-1.165825,-0.299264,0.051392,-0.200655,0.000037,0.000022
0.030682,0.002525,0.770590,-0.001189,-0.013044,0.042559,0.999008,-0.080887,-0.086326,0.083365,0.439544,-0.280296,0.071703,-0.497390,-0.066936,0.021183,1.071679,0.064084,0.133920,-0.290059,0.000000,0.000000,-0.363620,0.095421,-0.117060,0.397436,0.316114,0.000063,-0.000003,0.611175,-1.222412,-0.317668,0.092492,-0.215728,0.000070,0.000050
0.031071,0.000484,0.767934,0.000985,-0.015052,0.043809,0.998926,-0.081094,-0.092131,0.077355,0.455694,-0.294204,0.077015,-0.456708,-0.071693,0.015064,1.041551,-0.013391,0.101390,-0.287745,0.000000,0.000000,-0.367360,0.088501,-0.187522,0.504447,0.331599,0.000037,-0.000007,0.487543,-1.272260,-0.320099,0.136975,-0.239748,0.000052,0.000027
0.031170,-0.001445,0.763185,0.005084,-0.016846,0.044344,0.998861,-0.093733,-0.102063,0.072589,0.497527,-0.326141,0.083524,-0.420492,-0.078902,0.012150,1.015755,-0.096764,0.091075,-0.282917,0.000000,0.000000,-0.376110,0.070847,-0.249881,0.613451,0.345809,0.000041,-0.000012,0.342337,-1.315536,-0.305447,0.178776,-0.262352,0.000061,0.000030
0.031132,-0.003436,0.757610,0.010196,-0.019095,0.044434,0.998778,-0.113030,-0.113777,0.068983,0.554427,-0.364629,0.085884,-0.383803,-0.089584,0.007337,0.986961,-0.178952,0.096461,-0.275658,0.000000,0.000000,-0.385190,0.047467,-0.304817,0.719563,0.362792,0.000044,-0.000013,0.183550,-1.348067,-0.269489,0.210958,-0.279854,0.000070,0.000035
0.030934,-0.005346,0.751851,0.015504,-0.021192,0.044616,0.998659,-0.136285,-0.124672,0.066005,0.617659,-0.401267,0.082085,-0.352547,-0.101781,-0.000952,0.962047,-0.254879,0.099154,-0.265739,0.000000,0.000000,-0.391374,0.022318,-0.351168,0.813899,0.381989,0.000043,-0.000011,0.012605,-1.373783,-0.212794,0.228205,-0.300004,0.000081,0.000038
0.030579,-0.007259,0.746703,0.019164,-0.022071,0.044313,0.998590,-0.162867,-0.130441,0.063663,0.680204,-0.432849,0.071757,-0.334961,-0.110070,-0.011153,0.948749,-0.315227,0.092419,-0.253416,0.000000,0.000000,-0.388033,0.000893,-0.382477,0.892971,0.398715,0.000044,-0.000005,-0.166384,-1.383194,-0.134593,0.231999,-0.324493,0.000090,0.000041
0.029755,-0.009028,0.742766,0.020312,-0.021262,0.041490,0.998706,-0.189676,-0.128020,0.064877,0.733409,-0.458207,0.063101,-0.327488,-0.108399,-0.017969,0.937207,-0.361320,0.076990,-0.240789,0.000000,0.000000,-0.368413,-0.008914,-0.394007,0.956695,0.410407,0.000049,0.000004,-0.345002,-1.360910,-0.047937,0.225720,-0.347023,0.000096,0.000042
0.029064,-0.011363,0.739961,0.018236,-0.019185,0.035063,0.999035,-0.210966,-0.115845,0.069307,0.770010,-0.477470,0.056365,-0.321965,-0.095088,-0.021016,0.918391,-0.402863,0.058225,-0.228068,0.000000,0.000000,-0.325694,-0.002569,-0.380705,1.005673,0.406758,0.000056,0.000013,-0.512990,-1.299716,0.040709,0.214862,-0.362727,0.000093,0.000038
0.028984,-0.014515,0.738467,0.014887,-0.017415,0.025259,0.999418,-0.221447,-0.097029,0.077716,0.789043,-0.490941,0.048792,-0.314398,-0.074419,-0.019378,0.894138,-0.436398,0.036109,-0.213976,0.000000,0.000000,-0.264594,0.016253,-0.357784,1.034179,0.393618,0.000061,0.000021,-0.666794,-1.206682,0.132244,0.212142,-0.373606,0.000081,0.000029
0.029173,-0.017904,0.738227,0.011312,-0.015515,0.014058,0.999717,-0.226721,-0.074758,0.088848,0.798079,-0.496585,0.039684,-0.307165,-0.051191,-0.015720,0.867124,-0.457392,0.009165,-0.197348,0.000000,0.000000,-0.191864,0.044868,-0.336046,1.045010,0.378057,0.000062,0.000024,-0.795041,-1.094376,0.222700,0.225286,-0.376667,0.000072,0.000018
0.029616,-0.021786,0.739377,0.008059,-0.012758,0.002304,0.999883,-0.235685,-0.050563,0.100545,0.808554,-0.485245,0.026584,-0.302137,-0.027482,-0.011390,0.837012,-0.463087,-0.019181,-0.177060,0.000000,0.000000,-0.114797,0.079180,-0.324855,1.042612,0.361691,0.000064,0.000022,-0.898313,-0.976411,0.308523,0.256514,-0.382498,0.000077,0.000009
0.030403,-0.025781,0.742550,0.004335,-0.008750,-0.007587,0.999924,-0.256054,-0.024883,0.108510,0.828252,-0.444152,0.010562,-0.297315,-0.005760,-0.010100,0.798493,-0.449298,-0.038630,-0.153079,0.000000,0.000000,-0.041818,0.126435,-0.327478,1.032892,0.358210,0.000059,0.000017,-0.969235,-0.862990,0.381540,0.297769,-0.392474,0.000076,-0.000001
0.030600,-0.029816,0.746973,0.001047,-0.004506,-0.015473,0.999870,-0.285036,-0.000177,0.114318,0.855153,-0.377379,-0.007231,-0.290483,0.011149,-0.011603,0.755437,-0.424489,-0.050386,-0.126022,0.000000,0.000000,0.027369,0.183537,-0.344157,1.009887,0.364358,0.000057,0.000005,-1.013735,-0.753755,0.434889,0.341855,-0.397799,0.000073,-0.000014
0.030241,-0.033641,0.751680,-0.001118,-0.000346,-0.021278,0.999773,-0.320551,0.020223,0.115034,0.888620,-0.301767,-0.031565,-0.280287,0.023195,-0.015197,0.707732,-0.396462,-0.060059,-0.096956,0.000000,0.000000,0.089093,0.247052,-0.364359,0.967402,0.370770,0.000055,-0.000006,-1.039159,-0.651706,0.470306,0.386712,-0.399972,0.000068,-0.000028
0.029654,-0.037440,0.756217,-0.002467,0.002427,-0.024669,0.999690,-0.358454,0.033373,0.106801,0.927427,-0.227416,-0.050475,-0.265469,0.031185,-0.021621,0.659058,-0.369217,-0.070662,-0.065936,0.000000,0.000000,0.145317,0.316703,-0.385877,0.911613,0.375190,0.000046,-0.000017,-1.047847,-0.553949,0.490086,0.433825,-0.395736,0.000056,-0.000038
0.028801,-0.041016,0.760051,-0.002296,0.004957,-0.024955,0.999674,-0.396219,0.034069,0.088700,0.964822,-0.168815,-0.055346,-0.250231,0.033534,-0.030984,0.614222,-0.346502,-0.081050,-0.032954,0.000000,0.000000,0.189562,0.393933,-0.405282,0.841858,0.378632,0.000045,-0.000028,-1.047718,-0.475255,0.507066,0.482434,-0.403372,0.000053,-0.000040
0.028234,-0.044405,0.762793,-0.003542,0.004703,-0.021950,0.999742,-0.423065,0.027878,0.058735,0.996170,-0.135762,-0.050767,-0.229481,0.037173,-0.045982,0.573232,-0.329288,-0.092325,0.002172,0.000000,0.000000,0.229726,0.474907,-0.417825,0.766078,0.379239,0.000043,-0.000037,-1.036347,-0.407129,0.510270,0.523913,-0.406710,0.000044,-0.000042
0.028169,-0.047318,0.764548,-0.005276,0.003220,-0.018637,0.999807,-0.441047,0.013983,0.021419,1.021464,-0.132765,-0.043351,-0.207790,0.042431,-0.058991,0.538217,-0.317483,-0.101904,0.035372,0.000000,0.000000,0.266861,0.554896,-0.416261,0.687991,0.374824,0.000041,-0.000043,-1.019127,-0.347047,0.505759,0.558119,-0.414220,0.000033,-0.000044
0.028691,-0.049857,0.765511,-0.007530,0.000897,-0.014199,0.999870,-0.452053,-0.001496,-0.016347,1.041806,-0.136988,-0.036405,-0.185695,0.048550,-0.072075,0.508983,-0.310812,-0.109890,0.064598,0.000000,0.000000,0.302216,0.631473,-0.399697,0.610927,0.369149,0.000040,-0.000046,-0.991329,-0.291096,0.487912,0.592332,-0.423409,0.000036,-0.000051
0.029570,-0.051875,0.765881,-0.010049,-0.001975,-0.009580,0.999902,-0.456590,-0.011654,-0.045861,1.054277,-0.125268,-0.028793,-0.165118,0.055009,-0.084114,0.486444,-0.307434,-0.115353,0.089308,0.000000,0.000000,0.338962,0.699000,-0.371060,0.540252,0.362510,0.000042,-0.000052,-0.952196,-0.233622,0.460629,0.618270,-0.421886,0.000040,-0.000057
0.030697,-0.053399,0.765667,-0.013163,-0.004813,-0.004180,0.999893,-0.452776,-0.013549,-0.062858,1.048853,-0.090679,0.007856,-0.148165,0.062257,-0.094998,0.472532,-0.306994,-0.115128,0.109480,0.000000,0.000000,0.376216,0.751757,-0.319733,0.469936,0.351389,0.000045,-0.000054,-0.906851,-0.177710,0.426897,0.623749,-0.409098,0.000039,-0.000058
0.031888,-0.054137,0.764472,-0.017421,-0.007875,0.001070,0.999817,-0.442677,-0.009951,-0.080095,1.040786,-0.078658,0.012133,-0.133229,0.072426,-0.105807,0.464308,-0.308619,-0.114316,0.125541,0.000000,0.000000,0.413494,0.792513,-0.256747,0.397705,0.341495,0.000048,-0.000054,-0.856646,-0.119481,0.378835,0.611898,-0.386097,0.000035,-0.000065
0.032961,-0.054242,0.762172,-0.023730,-0.011111,0.006278,0.999637,-0.422042,0.002213,-0.094204,1.030371,-0.114909,-0.001164,-0.120373,0.087279,-0.116965,0.462190,-0.314502,-0.113876,0.136848,0.000000,0.000000,0.451151,0.819930,-0.183004,0.321303,0.331111,0.000050,-0.000051,-0.810249,-0.064799,0.338425,0.586568,-0.367666,0.000028,-0.000066
0.033841,-0.054045,0.758942,-0.031860,-0.014692,0.011831,0.999314,-0.393247,0.021972,-0.104541,1.013945,-0.171560,-0.024546,-0.110663,0.105370,-0.128827,0.469109,-0.327524,-0.114290,0.144272,0.000000,0.000000,0.487252,0.834053,-0.099585,0.241175,0.324303,0.000052,-0.000043,-0.771678,-0.019077,0.302175,0.551939,-0.356198,0.000023,-0.000065
0.034633,-0.053653,0.755137,-0.040957,-0.018922,0.018068,0.998818,-0.365353,0.041903,-0.117526,1.000656,-0.235671,-0.040868,-0.103385,0.124659,-0.141590,0.482408,-0.345293,-0.116090,0.149329,0.000000,0.000000,0.521790,0.828926,-0.008733,0.153378,0.308529,0.000054,-0.000035,-0.740010,0.017576,0.268111,0.510253,-0.346491,0.000017,-0.000065
0.034911,-0.053778,0.751711,-0.049713,-0.022331,0.024207,0.998220,-0.349717,0.057240,-0.133582,0.998551,-0.284875,-0.051004,-0.103005,0.142480,-0.152783,0.502727,-0.365305,-0.117508,0.152054,0.000000,0.000000,0.553612,0.805251,0.085538,0.061518,0.290694,0.000055,-0.000030,-0.720739,0.042404,0.242222,0.465690,-0.338094,0.000013,-0.000063
0.034773,-0.054079,0.749149,-0.055938,-0.024330,0.031417,0.997643,-0.345891,0.064707,-0.148949,1.003631,-0.313032,-0.056675,-0.109192,0.152948,-0.164305,0.527248,-0.383034,-0.116518,0.154330,0.000000,0.000000,0.579540,0.765273,0.165035,-0.033419,0.262372,0.000056,-0.000032,-0.704736,0.060112,0.214273,0.417808,-0.332579,0.000009,-0.000064
0.034015,-0.054190,0.747733,-0.058585,-0.024820,0.039353,0.997198,-0.351259,0.061523,-0.162697,1.011572,-0.320800,-0.058139,-0.117717,0.153333,-0.176193,0.548969,-0.395758,-0.113550,0.155338,0.000000,0.000000,0.601155,0.721959,0.235526,-0.128872,0.245282,0.000056,-0.000030,-0.689282,0.071768,0.187503,0.368661,-0.329642,0.000006,-0.000065
0.033116,-0.053978,0.747308,-0.057995,-0.024136,0.047965,0.996872,-0.364065,0.049543,-0.173728,1.022975,-0.310246,-0.057329,-0.125119,0.144739,-0.189063,0.563286,-0.403662,-0.110489,0.154754,0.000000,0.000000,0.617609,0.676994,0.299513,-0.222608,0.238182,0.000057,-0.000027,-0.671364,0.079341,0.164221,0.324396,-0.326172,0.000007,-0.000062
0.032297,-0.053838,0.747866,-0.055362,-0.022991,0.056586,0.996596,-0.386649,0.033415,-0.180276,1.043680,-0.269044,-0.057088,-0.130394,0.130907,-0.201922,0.569904,-0.407593,-0.108215,0.154074,0.000000,0.000000,0.631349,0.641388,0.350950,-0.311167,0.242705,0.000057,-0.000024,-0.649063,0.089642,0.137146,0.280791,-0.315610,0.000006,-0.000060
0.031726,-0.054238,0.750322,-0.050372,-0.021621,0.064247,0.996427,-0.407711,0.016765,-0.175833,1.054602,-0.206302,-0.052460,-0.130995,0.111307,-0.213360,0.566334,-0.405593,-0.105532,0.156318,0.000000,0.000000,0.638484,0.614564,0.387563,-0.393359,0.250840,0.000055,-0.000024,-0.622917,0.102848,0.106901,0.246763,-0.293933,0.000006,-0.000057
0.031775,-0.053976,0.753467,-0.042826,-0.021138,0.068975,0.996475,-0.425858,0.000715,-0.161953,1.063368,-0.143044,-0.053432,-0.122710,0.088362,-0.220903,0.548191,-0.397256,-0.104219,0.160314,0.000000,0.000000,0.644151,0.587477,0.416539,-0.469966,0.256600,0.000053,-0.000022,-0.592984,0.117371,0.077013,0.230023,-0.266946,0.000004,-0.000053
0.031913,-0.052895,0.756969,-0.035071,-0.019895,0.071408,0.996632,-0.444157,-0.012820,-0.144040,1.071811,-0.082444,-0.058853,-0.110469,0.066903,-0.224884,0.518107,-0.381534,-0.101876,0.166707,0.000000,0.000000,0.644611,0.561536,0.433636,-0.538357,0.260780,0.000053,-0.000024,-0.563727,0.131516,0.042050,0.231613,-0.236412,0.000004,-0.000049
0.031951,-0.051342,0.760422,-0.028244,-0.019052,0.071841,0.996834,-0.460854,-0.022970,-0.125023,1.080716,-0.027431,-0.069562,-0.096347,0.048536,-0.225833,0.485742,-0.362073,-0.098301,0.174623,0.000000,0.000000,0.636911,0.534711,0.447434,-0.600098,0.265437,0.000052,-0.000023,-0.534828,0.142135,-0.001330,0.253984,-0.212263,0.000007,-0.000048
0.032059,-0.049671,0.763341,-0.022633,-0.019151,0.071418,0.997006,-0.474443,-0.030335,-0.107406,1.089038,0.017018,-0.083037,-0.081517,0.033034,-0.225174,0.457090,-0.345604,-0.093290,0.182746,0.000000,0.000000,0.618881,0.505504,0.449036,-0.655227,0.258751,0.000050,-0.000023,-0.508415,0.143852,-0.050241,0.294101,-0.203728,0.000011,-0.000051
0.032193,-0.047909,0.765510,-0.018392,-0.019616,0.070754,0.997131,-0.483393,-0.036611,-0.094913,1.094407,0.048476,-0.092301,-0.068510,0.020719,-0.224220,0.434499,-0.333020,-0.088734,0.189676,0.000000,0.000000,0.592678,0.474198,0.445409,-0.702086,0.254551,0.000049,-0.000022,-0.483097,0.138485,-0.098545,0.350748,-0.205369,0.000014,-0.000056
0.032517,-0.046050,0.766770,-0.015736,-0.020484,0.070746,0.997160,-0.487060,-0.044437,-0.092569,1.097726,0.067123,-0.099711,-0.057578,0.011925,-0.224586,0.418617,-0.324936,-0.085375,0.195638,0.000000,0.000000,0.553311,0.437502,0.437941,-0.744123,0.253145,0.000048,-0.000019,-0.456449,0.129958,-0.144198,0.417147,-0.209046,0.000017,-0.000063
0.033170,-0.043976,0.767121,-0.015181,-0.021754,0.069489,0.997230,-0.485940,-0.049037,-0.095209,1.100334,0.070574,-0.103362,-0.048293,0.008592,-0.222929,0.408735,-0.322358,-0.083335,0.197234,0.000000,0.000000,0.502958,0.392938,0.425690,-0.779844,0.250434,0.000046,-0.000015,-0.425630,0.124302,-0.178387,0.492400,-0.213615,0.000021,-0.000069
0.034080,-0.041623,0.766551,-0.016087,-0.022684,0.067862,0.997307,-0.480841,-0.049877,-0.098281,1.102308,0.054935,-0.099809,-0.042658,0.008944,-0.219883,0.405147,-0.325068,-0.082115,0.194325,0.000000,0.000000,0.444743,0.343337,0.411801,-0.811357,0.253218,0.000046,-0.000012,-0.389233,0.120942,-0.202676,0.568144,-0.217716,0.000027,-0.000076
0.035334,-0.038098,0.763867,-0.017853,-0.023684,0.066764,0.997328,-0.467104,-0.047708,-0.103259,1.106122,-0.002369,-0.090688,-0.039705,0.012782,-0.216123,0.408314,-0.333996,-0.082052,0.189316,0.000000,0.000000,0.382137,0.292935,0.393237,-0.843131,0.258196,0.000045,-0.000010,-0.345061,0.113422,-0.218569,0.640176,-0.224098,0.000032,-0.000085
0.036881,-0.033752,0.759508,-0.023004,-0.025222,0.065266,0.997284,-0.437724,-0.037941,-0.108460,1.096468,-0.078677,-0.067683,-0.038370,0.023578,-0.209869,0.422060,-0.354024,-0.081033,0.182064,0.000000,0.000000,0.308278,0.242255,0.368101,-0.872907,0.257998,0.000043,-0.000005,-0.296514,0.104001,-0.223866,0.708938,-0.229480,0.000038,-0.000096
0.038507,-0.028990,0.754088,-0.030996,-0.028195,0.063587,0.997096,-0.398275,-0.020655,-0.116012,1.077212,-0.170346,-0.062529,-0.038553,0.040714,-0.203078,0.445536,-0.377971,-0.080722,0.171552,0.000000,0.000000,0.229592,0.193291,0.338985,-0.896553,0.257433,0.000039,0.000004,-0.239665,0.093863,-0.217102,0.768570,-0.232749,0.000040,-0.000097
0.040080,-0.024134,0.748620,-0.040990,-0.031610,0.062396,0.996708,-0.360955,0.000293,-0.122501,1.061662,-0.273132,-0.055904,-0.040007,0.060788,-0.196972,0.474166,-0.403696,-0.079234,0.157699,0.000000,0.000000,0.143881,0.152028,0.307319,-0.912278,0.259850,0.000033,0.000014,-0.176296,0.076368,-0.196021,0.824198,-0.243183,0.000043,-0.000098
0.041604,-0.019547,0.743823,-0.051111,-0.034377,0.063466,0.996081,-0.332670,0.017393,-0.130594,1.050096,-0.363384,-0.047520,-0.045638,0.078758,-0.194269,0.507822,-0.427428,-0.076107,0.141331,0.000000,0.000000,0.052842,0.118934,0.270580,-0.915893,0.263810,0.000036,0.000031,-0.106266,0.053195,-0.166463,0.863701,-0.253586,0.000055,-0.000086
0.043131,-0.015953,0.740146,-0.061100,-0.035105,0.067798,0.995207,-0.310006,0.028012,-0.144665,1.031170,-0.435610,-0.042394,-0.059368,0.092804,-0.197724,0.548657,-0.449147,-0.070450,0.124797,0.000000,0.000000,-0.036146,0.098250,0.226294,-0.901700,0.272405,0.000042,0.000042,-0.029683,0.034595,-0.132001,0.879229,-0.255526,0.000066,-0.000091
0.044731,-0.013092,0.738011,-0.066478,-0.036674,0.076455,0.994178,-0.289623,0.023049,-0.162258,1.010585,-0.479350,-0.036676,-0.070502,0.092925,-0.207173,0.590759,-0.466611,-0.060277,0.108320,0.000000,0.000000,-0.113312,0.081170,0.169596,-0.873648,0.276685,0.000037,0.000039,0.059893,0.013785,-0.103819,0.877471,-0.249103,0.000058,-0.000086
0.045730,-0.010714,0.737173,-0.068371,-0.036315,0.089571,0.992967,-0.277684,0.004986,-0.184044,0.991424,-0.498844,-0.026783,-0.090873,0.080208,-0.222453,0.642947,-0.471468,-0.045688,0.096590,0.000000,0.000000,-0.185573,0.069273,0.095790,-0.838566,0.269063,0.000015,0.000017,0.150009,-0.003760,-0.085699,0.860367,-0.223536,0.000027,-0.000070
0.046496,-0.008223,0.737727,-0.065866,-0.035061,0.096452,0.992537,-0.268592,-0.014364,-0.191062,0.968183,-0.503115,-0.017026,-0.124431,0.058181,-0.223756,0.713776,-0.452216,-0.030738,0.075814,0.000000,0.000000,-0.242035,0.058341,0.032418,-0.795861,0.258862,0.000015,0.000016,0.234371,-0.027178,-0.049569,0.841265,-0.197176,0.000026,-0.000070
0.047048,-0.005962,0.740153,-0.060386,-0.031981,0.103587,0.992270,-0.258979,-0.035705,-0.192776,0.932448,-0.494167,-0.009140,-0.173933,0.026202,-0.222090,0.798945,-0.407059,-0.012716,0.053311,0.000000,0.000000,-0.286373,0.053869,-0.019413,-0.749339,0.255284,0.000015,0.000015,0.310621,-0.060858,-0.002302,0.813184,-0.178500,0.000026,-0.000066
0.047133,-0.003650,0.743920,-0.052808,-0.027361,0.108101,0.992359,-0.247377,-0.054228,-0.184724,0.884922,-0.476198,-0.002032,-0.232982,-0.009530,-0.211668,0.884435,-0.338370,0.007062,0.029261,0.000000,0.000000,-0.320773,0.056835,-0.051718,-0.705379,0.269070,0.000016,0.000013,0.377056,-0.106990,0.050325,0.770962,-0.163551,0.000023,-0.000061
0.046886,-0.000859,0.748662,-0.045079,-0.022085,0.110191,0.992642,-0.234658,-0.069378,-0.173724,0.831577,-0.453298,0.004898,-0.295209,-0.040483,-0.192838,0.957953,-0.252756,0.027107,0.005354,0.000000,0.000000,-0.349833,0.058868,-0.066595,-0.667638,0.291475,0.000014,0.000014,0.434710,-0.166517,0.105023,0.720682,-0.154433,0.000023,-0.000055
0.046399,0.002064,0.753359,-0.038609,-0.016530,0.107868,0.993278,-0.222762,-0.079354,-0.157847,0.777286,-0.428342,0.012475,-0.357580,-0.062175,-0.166360,1.021923,-0.169266,0.044687,-0.022902,0.000000,0.000000,-0.373425,0.059371,-0.067559,-0.631965,0.311903,0.000011,0.000017,0.483096,-0.233174,0.155260,0.664547,-0.148424,0.000022,-0.000050
0.045761,0.004809,0.757818,-0.034094,-0.011323,0.105452,0.993775,-0.211987,-0.086239,-0.145469,0.726259,-0.402660,0.019303,-0.415061,-0.076143,-0.141856,1.071239,-0.079202,0.073394,-0.053836,0.000000,0.000000,-0.392696,0.053503,-0.063922,-0.592833,0.321892,0.000015,0.000037,0.525157,-0.297813,0.193091,0.605299,-0.141248,0.000038,-0.000077
0.045204,0.007605,0.761654,-0.029911,-0.007521,0.104071,0.994092,-0.199131,-0.094884,-0.137159,0.679660,-0.378306,0.025939,-0.462159,-0.085233,-0.114418,1.106587,0.009320,0.130881,-0.085718,0.000000,0.000000,-0.407427,0.039464,-0.059830,-0.541175,0.320147,0.000016,0.000050,0.562923,-0.360162,0.215356,0.548177,-0.129381,0.000043,-0.000085
0.044987,0.010024,0.764703,-0.027138,-0.005575,0.104211,0.994169,-0.185503,-0.102237,-0.134226,0.640681,-0.357092,0.031284,-0.497091,-0.085117,-0.088064,1.134084,0.058505,0.177097,-0.117581,0.000000,0.000000,-0.419510,0.012019,-0.057120,-0.476822,0.299007,0.000018,0.000078,0.597431,-0.416036,0.224807,0.497034,-0.116085,0.000064,-0.000084
0.044666,0.011749,0.766788,-0.025803,-0.004451,0.105543,0.994070,-0.174566,-0.107569,-0.135764,0.612252,-0.341485,0.033388,-0.522987,-0.075936,-0.064451,1.154940,0.084911,0.220246,-0.147191,0.000000,0.000000,-0.424852,0.000949,-0.051855,-0.403788,0.297308,0.000013,0.000080,0.626477,-0.462645,0.219183,0.451006,-0.107817,0.000062,-0.000084
0.044382,0.013141,0.767988,-0.024641,-0.004328,0.107076,0.993936,-0.165738,-0.112791,-0.138190,0.593660,-0.332235,0.033244,-0.542310,-0.064417,-0.043916,1.169350,0.120825,0.245304,-0.173348,0.000000,0.000000,-0.428052,-0.008974,-0.046237,-0.326115,0.295621,0.000005,0.000074,0.653181,-0.502748,0.199597,0.408528,-0.107075,0.000055,-0.000076
0.044173,0.014286,0.768309,-0.023114,-0.004936,0.108435,0.993823,-0.158343,-0.119026,-0.139600,0.582060,-0.327681,0.035526,-0.555070,-0.053701,-0.026304,1.175561,0.168466,0.256776,-0.196002,0.000000,0.000000,-0.428282,-0.006556,-0.034646,-0.245772,0.314274,0.000004,0.000079,0.676828,-0.534686,0.167904,0.370059,-0.111281,0.000059,-0.000080
0.044088,0.015278,0.767953,-0.020796,-0.006035,0.108881,0.993819,-0.151160,-0.126343,-0.138005,0.574399,-0.326711,0.041699,-0.558489,-0.046200,-0.011852,1.166985,0.225034,0.260759,-0.215593,0.000000,0.000000,-0.425641,-0.003255,-0.024204,-0.165741,0.328694,0.000004,0.000083,0.696357,-0.562239,0.130841,0.337298,-0.118255,0.000062,-0.000082
0.044060,0.015516,0.766372,-0.017335,-0.007974,0.107597,0.994011,-0.140858,-0.135580,-0.132428,0.568460,-0.329520,0.051855,-0.552075,-0.047451,-0.002412,1.159762,0.243352,0.259135,-0.232981,0.000000,0.000000,-0.420604,-0.001363,-0.018146,-0.088465,0.330382,0.000004,0.000083,0.711499,-0.584889,0.091973,0.307625,-0.122420,0.000063,-0.000083
0.044517,0.015338,0.763031,-0.011418,-0.011717,0.105116,0.994325,-0.129469,-0.150117,-0.123769,0.571817,-0.341762,0.064000,-0.525261,-0.060303,-0.004031,1.155120,0.182980,0.232237,-0.248576,0.000000,0.000000,-0.407207,-0.007784,-0.007411,-0.025011,0.316356,0.000004,0.000075,0.726493,-0.605873,0.052529,0.279125,-0.122479,0.000056,-0.000074
0.044871,0.015219,0.759034,-0.003507,-0.015225,0.103378,0.994519,-0.124878,-0.170484,-0.115714,0.589005,-0.357933,0.072608,-0.493411,-0.082349,-0.012725,1.146243,0.107285,0.193146,-0.260846,0.000000,0.000000,-0.395374,-0.012013,0.003822,0.021852,0.310020,0.000002,0.000051,0.740748,-0.627915,0.013417,0.248355,-0.119180,0.000029,-0.000048
0.045039,0.015057,0.754872,0.005133,-0.018669,0.101323,0.994665,-0.125273,-0.192277,-0.106084,0.614773,-0.372865,0.080311,-0.465922,-0.102942,-0.015312,1.140311,0.038392,0.162496,-0.271336,0.000000,0.000000,-0.385048,-0.012338,0.014186,0.056795,0.308421,0.000002,0.000068,0.753111,-0.655824,-0.021462,0.214250,-0.115933,0.000039,-0.000061
0.044971,0.015067,0.751255,0.013181,-0.021482,0.099134,0.994755,-0.128879,-0.211211,-0.095489,0.641533,-0.386874,0.086190,-0.450066,-0.119225,-0.011595,1.142510,-0.014382,0.146563,-0.279483,0.000000,0.000000,-0.375191,-0.012547,0.023106,0.085145,0.305097,0.000004,0.000076,0.763165,-0.690654,-0.055041,0.177108,-0.119779,0.000044,-0.000066
0.044640,0.015569,0.748729,0.019554,-0.023362,0.096075,0.994908,-0.133863,-0.224491,-0.083657,0.663667,-0.399863,0.089780,-0.446399,-0.130771,-0.004992,1.149896,-0.041849,0.138867,-0.284850,0.000000,0.000000,-0.364245,-0.014912,0.028702,0.110245,0.295495,0.000007,0.000075,0.772727,-0.730107,-0.090611,0.136677,-0.131275,0.000043,-0.000062
0.043995,0.016407,0.747607,0.023000,-0.024110,0.091253,0.995270,-0.137473,-0.229430,-0.070685,0.674430,-0.407913,0.092025,-0.453444,-0.133829,0.005438,1.159574,-0.043725,0.138763,-0.287809,0.000000,0.000000,-0.352361,-0.013325,0.026924,0.130812,0.283318,0.000010,0.000067,0.783013,-0.764877,-0.128745,0.094846,-0.138235,0.000041,-0.000056
0.043261,0.017358,0.747541,0.024659,-0.024336,0.085791,0.995711,-0.138214,-0.229587,-0.058401,0.674972,-0.410727,0.093637,-0.467941,-0.131836,0.018928,1.172470,-0.022595,0.146314,-0.288978,0.000000,0.000000,-0.341471,-0.006520,0.019676,0.148267,0.277181,0.000012,0.000058,0.793309,-0.790726,-0.167051,0.056154,-0.132437,0.000040,-0.000051
0.042421,0.018606,0.748711,0.024956,-0.023715,0.080331,0.996174,-0.137782,-0.226412,-0.048182,0.667342,-0.409001,0.093941,-0.492287,-0.124227,0.037608,1.190022,0.025324,0.170678,-0.288865,0.000000,0.000000,-0.334366,0.003278,0.009339,0.165638,0.278176,0.000011,0.000045,0.800582,-0.811897,-0.203464,0.023209,-0.116216,0.000035,-0.000040
0.041786,0.019753,0.751610,0.023011,-0.022999,0.074699,0.996675,-0.131605,-0.217344,-0.040538,0.645292,-0.398625,0.092429,-0.514283,-0.111245,0.054055,1.200895,0.073052,0.201001,-0.288369,0.000000,0.000000,-0.325600,0.013850,0.000990,0.190533,0.281280,0.000007,0.000034,0.802742,-0.833431,-0.231050,-0.001965,-0.101184,0.000029,-0.000027
0.041530,0.020684,0.755241,0.019675,-0.022094,0.069032,0.997176,-0.121247,-0.205028,-0.034745,0.613571,-0.381404,0.089135,-0.530615,-0.095956,0.067362,1.204285,0.111804,0.229866,-0.288204,0.000000,0.000000,-0.313380,0.024750,-0.005357,0.224069,0.285449,0.000022,0.000078,0.801057,-0.862456,-0.250286,-0.019916,-0.095915,0.000073,-0.000056
0.041648,0.021316,0.758806,0.016140,-0.021122,0.064211,0.997582,-0.110078,-0.192280,-0.030566,0.581475,-0.363270,0.083303,-0.539228,-0.081389,0.076066,1.199822,0.139955,0.248318,-0.287743,0.000000,0.000000,-0.299786,0.036110,-0.013594,0.268845,0.290717,0.000022,0.000075,0.794761,-0.899417,-0.264680,-0.030111,-0.100427,0.000073,-0.000033
0.041944,0.021434,0.761960,0.012485,-0.020014,0.059583,0.997945,-0.100497,-0.179169,-0.026834,0.553358,-0.346236,0.075234,-0.543038,-0.066503,0.081755,1.193160,0.157076,0.255066,-0.287498,0.000000,0.000000,-0.285477,0.050911,-0.020034,0.324104,0.298971,0.000023,0.000065,0.784309,-0.940011,-0.277297,-0.036428,-0.111021,0.000067,-0.000000
0.042381,0.021056,0.764524,0.009454,-0.018959,0.054862,0.998269,-0.092587,-0.167233,-0.022468,0.530149,-0.331193,0.066402,-0.542669,-0.050393,0.088972,1.188067,0.161267,0.250934,-0.288110,0.000000,0.000000,-0.269698,0.073204,-0.020850,0.389628,0.317346,0.000034,0.000070,0.767255,-0.980292,-0.293575,-0.040831,-0.126513,0.000072,0.000028
0.042921,0.020443,0.766328,0.007712,-0.018001,0.050176,0.998548,-0.087138,-0.158339,-0.017150,0.513633,-0.319792,0.058436,-0.534699,-0.037089,0.094234,1.185656,0.137953,0.227091,-0.289396,0.000000,0.000000,-0.250751,0.093603,-0.018401,0.462471,0.328302,0.000021,0.000038,0.744644,-1.018093,-0.316729,-0.042262,-0.144616,0.000041,0.000020
0.043415,0.019498,0.767309,0.006719,-0.017018,0.046417,0.998755,-0.085614,-0.152207,-0.013831,0.506258,-0.313150,0.051372,-0.521558,-0.026894,0.097451,1.184827,0.103162,0.199814,-0.290979,0.000000,0.000000,-0.226781,0.115845,-0.016307,0.535078,0.332267,0.000022,0.000032,0.716681,-1.051747,-0.344945,-0.040918,-0.163038,0.000038,0.000020
0.044031,0.017986,0.767289,0.006723,-0.016406,0.042997,0.998918,-0.086924,-0.148906,-0.011361,0.508151,-0.312516,0.045613,-0.501086,-0.020674,0.099951,1.180369,0.076107,0.173116,-0.294666,0.000000,0.000000,-0.190598,0.145324,-0.016414,0.594962,0.337347,0.000032,0.000036,0.680489,-1.087133,-0.375656,-0.035337,-0.190823,0.000048,0.000026
0.044829,0.016033,0.766315,0.009242,-0.016843,0.042116,0.998928,-0.088399,-0.152823,-0.012212,0.517997,-0.315522,0.041929,-0.470965,-0.030222,0.092951,1.163763,0.060678,0.139264,-0.296470,0.000000,0.000000,-0.141123,0.174291,-0.018521,0.638008,0.342036,0.000037,0.000036,0.643787,-1.121579,-0.412518,-0.023753,-0.227452,0.000055,0.000029
0.045390,0.013634,0.763974,0.013076,-0.018049,0.041391,0.998894,-0.091785,-0.160231,-0.011842,0.537297,-0.324539,0.040100,-0.431533,-0.049619,0.076773,1.137386,0.003321,0.114323,-0.296173,0.000000,0.000000,-0.083731,0.206944,-0.015144,0.665646,0.347113,0.000040,0.000036,0.601886,-1.155476,-0.454192,-0.011707,-0.269102,0.000059,0.000029
0.045916,0.011365,0.760386,0.017818,-0.020499,0.039609,0.998846,-0.094886,-0.168903,-0.008834,0.564457,-0.345974,0.039816,-0.386894,-0.070479,0.054201,1.105621,-0.089254,0.073277,-0.294201,0.000000,0.000000,-0.020384,0.239872,-0.006022,0.683774,0.349263,0.000043,0.000035,0.550436,-1.187438,-0.492401,-0.001139,-0.305979,0.000064,0.000030
0.046698,0.008832,0.755986,0.023020,-0.023866,0.037834,0.998734,-0.097076,-0.178129,-0.006078,0.595879,-0.376570,0.039353,-0.341949,-0.091092,0.028199,1.070883,-0.186599,0.038584,-0.287198,0.000000,0.000000,0.050330,0.273474,-0.001238,0.689654,0.348828,0.000045,0.000030,0.494720,-1.213951,-0.523905,0.006762,-0.344111,0.000066,0.000030
0.047582,0.006062,0.751363,0.026880,-0.026252,0.033281,0.998740,-0.102602,-0.182749,0.000772,0.628568,-0.408564,0.039734,-0.298267,-0.108193,-0.000361,1.027434,-0.275859,0.030160,-0.275155,0.000000,0.000000,0.130507,0.313731,-0.000076,0.679030,0.349112,0.000047,0.000020,0.431346,-1.232499,-0.538105,0.004736,-0.376242,0.000068,0.000033
0.048137,0.003447,0.747372,0.030087,-0.027783,0.027537,0.998782,-0.111835,-0.184681,0.009036,0.663577,-0.435918,0.039621,-0.261949,-0.120008,-0.023724,0.984081,-0.349781,0.027829,-0.257422,0.000000,0.000000,0.213592,0.356216,0.001453,0.651561,0.350884,0.000059,0.000015,0.358571,-1.234691,-0.547728,-0.016396,-0.405424,0.000074,0.000049
0.048329,0.000946,0.744468,0.031870,-0.028077,0.020816,0.998881,-0.124301,-0.182080,0.017037,0.698111,-0.456843,0.036773,-0.241622,-0.123395,-0.037228,0.953199,-0.400815,0.020296,-0.231445,0.000000,0.000000,0.299980,0.404628,0.000354,0.606990,0.358558,0.000077,0.000010,0.276102,-1.213507,-0.551567,-0.051523,-0.424226,0.000084,0.000070
0.048314,-0.001628,0.742993,0.030352,-0.026583,0.009768,0.999138,-0.138132,-0.168619,0.029009,0.725792,-0.470054,0.029228,-0.233735,-0.113070,-0.038867,0.927932,-0.431430,0.015648,-0.199580,0.000000,0.000000,0.391474,0.456275,0.005659,0.547420,0.360007,0.000076,-0.000006,0.179672,-1.164585,-0.539804,-0.100195,-0.426628,0.000084,0.000064
0.047821,-0.004360,0.742998,0.027222,-0.023758,-0.004113,0.999339,-0.153325,-0.148653,0.044278,0.747325,-0.469394,0.017573,-0.230984,-0.095901,-0.034015,0.900022,-0.448356,0.011371,-0.161864,0.000000,0.000000,0.482054,0.502303,0.022605,0.472601,0.349118,0.000063,-0.000011,0.081658,-1.103444,-0.511108,-0.150868,-0.421638,0.000072,0.000045
0.047789,-0.007155,0.744950,0.021888,-0.020084,-0.019602,0.999366,-0.170333,-0.119419,0.062209,0.765725,-0.453348,0.004311,-0.225417,-0.071585,-0.028232,0.859027,-0.450336,0.003248,-0.120017,0.000000,0.000000,0.568909,0.543873,0.044419,0.399986,0.335787,0.000074,-0.000017,-0.014367,-1.026153,-0.466645,-0.192423,-0.411252,0.000080,0.000032
0.047451,-0.010307,0.748548,0.014971,-0.016892,-0.032890,0.999204,-0.186157,-0.086834,0.075379,0.779111,-0.420567,-0.010552,-0.211680,-0.045661,-0.026594,0.805255,-0.440107,-0.003201,-0.075749,0.000000,0.000000,0.650218,0.585738,0.064783,0.328506,0.322374,0.000073,-0.000023,-0.090516,-0.943249,-0.407835,-0.217001,-0.396400,0.000077,0.000019
0.046469,-0.013889,0.753109,0.008269,-0.012429,-0.043337,0.998949,-0.208822,-0.055000,0.084465,0.795059,-0.371783,-0.025988,-0.193831,-0.021367,-0.027322,0.741044,-0.422091,-0.009452,-0.032106,0.000000,0.000000,0.719174,0.628137,0.087013,0.258658,0.308878,0.000072,-0.000028,-0.153861,-0.869016,-0.346788,-0.226679,-0.387265,0.000073,0.000016
0.045152,-0.017532,0.757723,0.002651,-0.009460,-0.049985,0.998702,-0.238748,-0.027335,0.089231,0.823248,-0.313445,-0.034779,-0.169352,-0.000997,-0.030935,0.672394,-0.400339,-0.016948,0.007138,0.000000,0.000000,0.779221,0.672464,0.107732,0.193497,0.298863,0.000073,-0.000035,-0.204830,-0.809869,-0.283846,-0.219677,-0.394292,0.000071,0.000016
0.043444,-0.020936,0.761617,-0.001335,-0.007085,-0.050489,0.998699,-0.274908,-0.009790,0.083153,0.859339,-0.259459,-0.040442,-0.144114,0.011899,-0.042554,0.607668,-0.378981,-0.025716,0.041932,0.000000,0.000000,0.827806,0.718714,0.125721,0.131751,0.291523,0.000073,-0.000042,-0.247619,-0.762082,-0.226057,-0.198756,-0.409842,0.000069,0.000012
0.041495,-0.024033,0.764408,-0.004133,-0.005589,-0.046278,0.998904,-0.310832,-0.001789,0.069398,0.896184,-0.218293,-0.040642,-0.123183,0.019230,-0.060021,0.557405,-0.360441,-0.032965,0.070160,0.000000,0.000000,0.863564,0.761628,0.143795,0.075775,0.283212,0.000074,-0.000048,-0.286421,-0.719601,-0.171467,-0.168499,-0.415546,0.000067,0.000002
0.039485,-0.026703,0.766047,-0.006008,-0.004759,-0.039678,0.999183,-0.342770,-0.000169,0.051816,0.932109,-0.192308,-0.038032,-0.107921,0.023866,-0.078948,0.521916,-0.345855,-0.038352,0.094392,0.000000,0.000000,0.888627,0.799703,0.163650,0.023331,0.278815,0.000074,-0.000054,-0.321920,-0.686539,-0.115922,-0.136038,-0.411171,0.000063,-0.000002
0.037582,-0.028827,0.766802,-0.008146,-0.004798,-0.032998,0.999411,-0.366212,0.000244,0.035449,0.961358,-0.180275,-0.024439,-0.094877,0.029240,-0.095930,0.494840,-0.335946,-0.042443,0.115321,0.000000,0.000000,0.905368,0.828881,0.187996,-0.026008,0.277630,0.000075,-0.000058,-0.356177,-0.664593,-0.061132,-0.101691,-0.408079,0.000060,0.000001
0.036010,-0.030457,0.766808,-0.010906,-0.005890,-0.027410,0.999547,-0.379653,0.002770,0.022119,0.980534,-0.172580,-0.011055,-0.083945,0.036050,-0.109786,0.476691,-0.331414,-0.045633,0.134659,0.000000,0.000000,0.916224,0.846009,0.215830,-0.075134,0.277489,0.000075,-0.000062,-0.389662,-0.650821,-0.012771,-0.065721,-0.414628,0.000059,0.000003
0.034527,-0.031468,0.766014,-0.014160,-0.006729,-0.023766,0.999595,-0.386497,0.008889,0.010809,0.990083,-0.165443,-0.006158,-0.077020,0.044915,-0.119127,0.465723,-0.331334,-0.048804,0.153207,0.000000,0.000000,0.920488,0.851518,0.250571,-0.126212,0.282216,0.000076,-0.000064,-0.425308,-0.637335,0.028083,-0.033767,-0.418665,0.000058,0.000004
0.033240,-0.031780,0.764069,-0.018901,-0.009134,-0.022093,0.999536,-0.383321,0.018786,-0.000664,0.991204,-0.166402,-0.009039,-0.069811,0.058093,-0.124708,0.461383,-0.337241,-0.054476,0.170138,0.000000,0.000000,0.921681,0.842348,0.295345,-0.178075,0.291984,0.000077,-0.000062,-0.459130,-0.622566,0.054216,-0.005982,-0.423535,0.000058,-0.000001
0.032479,-0.031937,0.761362,-0.024431,-0.011935,-0.020636,0.999417,-0.368527,0.030487,-0.011535,0.981373,-0.194261,-0.023729,-0.063390,0.073082,-0.129757,0.461918,-0.349858,-0.063542,0.185824,0.000000,0.000000,0.921701,0.823858,0.343376,-0.236853,0.299454,0.000079,-0.000059,-0.490504,-0.603214,0.069861,0.022258,-0.424834,0.000057,-0.000007
0.031994,-0.032194,0.758378,-0.030063,-0.013598,-0.018939,0.999276,-0.351595,0.041797,-0.021019,0.967787,-0.237188,-0.037748,-0.061680,0.087715,-0.134247,0.468761,-0.367413,-0.073055,0.199511,0.000000,0.000000,0.917645,0.804498,0.389045,-0.309174,0.306183,0.000080,-0.000060,-0.521650,-0.580124,0.072326,0.053361,-0.426096,0.000055,-0.000014
0.031588,-0.032558,0.755553,-0.035654,-0.014360,-0.015852,0.999135,-0.339568,0.051192,-0.033767,0.957439,-0.279033,-0.052507,-0.063855,0.101497,-0.140414,0.479636,-0.384101,-0.081055,0.211446,0.000000,0.000000,0.903649,0.786467,0.424918,-0.394363,0.301729,0.000079,-0.000058,-0.549482,-0.552665,0.060904,0.091380,-0.423338,0.000052,-0.000022
0.031048,-0.033102,0.753422,-0.040871,-0.014433,-0.011468,0.998994,-0.335619,0.057493,-0.050993,0.954134,-0.308447,-0.064885,-0.068969,0.113619,-0.147734,0.492113,-0.396086,-0.083983,0.221444,0.000000,0.000000,0.888073,0.776608,0.446010,-0.474606,0.292411,0.000080,-0.000058,-0.572585,-0.522693,0.041371,0.139854,-0.417252,0.000052,-0.000027
0.029997,-0.033370,0.752300,-0.044505,-0.013057,-0.006297,0.998904,-0.342947,0.057964,-0.068049,0.958623,-0.317309,-0.071748,-0.076159,0.120337,-0.156016,0.501109,-0.402621,-0.084567,0.228127,0.000000,0.000000,0.865910,0.777307,0.448961,-0.549951,0.276768,0.000079,-0.000060,-0.592327,-0.494840,0.018419,0.197116,-0.411174,0.000055,-0.000027
0.028554,-0.033478,0.752111,-0.045832,-0.011245,0.000373,0.998886,-0.357995,0.051265,-0.083422,0.968372,-0.306651,-0.074933,-0.081881,0.119874,-0.167134,0.503796,-0.405182,-0.086042,0.232678,0.000000,0.000000,0.841504,0.791379,0.441801,-0.620281,0.262956,0.000078,-0.000061,-0.605348,-0.473044,-0.003550,0.260310,-0.408818,0.000062,-0.000019
0.026919,-0.033627,0.752821,-0.044631,-0.009106,0.008865,0.998923,-0.384631,0.037197,-0.097477,0.989621,-0.265450,-0.077283,-0.084256,0.112195,-0.181032,0.497550,-0.404513,-0.087273,0.236017,0.000000,0.000000,0.811688,0.822074,0.422197,-0.681732,0.249712,0.000077,-0.000065,-0.612048,-0.457387,-0.026193,0.327463,-0.408399,0.000068,-0.000008
0.025624,-0.033978,0.754715,-0.041673,-0.007166,0.018838,0.998928,-0.416833,0.019459,-0.107117,1.014052,-0.201952,-0.076561,-0.080645,0.099246,-0.197657,0.479901,-0.399759,-0.086813,0.239168,0.000000,0.000000,0.769544,0.865195,0.397795,-0.732701,0.241793,0.000076,-0.000069,-0.611752,-0.441122,-0.051377,0.400983,-0.403825,0.000072,0.000001
0.024860,-0.034146,0.757430,-0.036388,-0.006329,0.028283,0.998917,-0.444452,-0.001038,-0.111261,1.035244,-0.142324,-0.083102,-0.070416,0.081195,-0.215342,0.454424,-0.389344,-0.085715,0.242620,0.000000,0.000000,0.718893,0.912090,0.370108,-0.770735,0.238640,0.000076,-0.000072,-0.603222,-0.428372,-0.077259,0.484038,-0.409174,0.000075,0.000001
0.024716,-0.033998,0.760200,-0.031376,-0.005483,0.035713,0.998854,-0.467949,-0.017413,-0.109905,1.052691,-0.093127,-0.095549,-0.058571,0.064557,-0.231389,0.426997,-0.376008,-0.084712,0.245675,0.000000,0.000000,0.656897,0.954597,0.340510,-0.798683,0.235863,0.000076,-0.000072,-0.591405,-0.413028,-0.103112,0.573912,-0.417424,0.000076,-0.000002
0.024983,-0.033633,0.762779,-0.026393,-0.005071,0.041218,0.998789,-0.485164,-0.029547,-0.102718,1.065270,-0.056696,-0.106580,-0.045349,0.049167,-0.244193,0.400225,-0.363066,-0.083720,0.248254,0.000000,0.000000,0.587999,0.987980,0.307280,-0.818799,0.229311,0.000075,-0.000072,-0.577190,-0.394576,-0.129061,0.669404,-0.427215,0.000077,-0.000007
0.025712,-0.033000,0.764944,-0.021524,-0.004776,0.044646,0.998760,-0.494890,-0.037456,-0.090423,1.070541,-0.032712,-0.112079,-0.032960,0.035004,-0.252560,0.377179,-0.352490,-0.082157,0.249955,0.000000,0.000000,0.515968,1.011112,0.273823,-0.831557,0.225110,0.000073,-0.000070,-0.559920,-0.370687,-0.155193,0.767723,-0.435023,0.000079,-0.000010
0.026993,-0.031734,0.766563,-0.016281,-0.004978,0.046238,0.998785,-0.495676,-0.042602,-0.073170,1.068983,-0.023885,-0.111530,-0.021198,0.020316,-0.256277,0.359368,-0.345437,-0.079595,0.250626,0.000000,0.000000,0.443248,1.020944,0.238975,-0.837123,0.221682,0.000071,-0.000068,-0.534181,-0.347579,-0.170811,0.869228,-0.450535,0.000082,0.000005
0.029032,-0.030036,0.767568,-0.011645,-0.005674,0.046431,0.998838,-0.488103,-0.043000,-0.051840,1.063475,-0.038402,-0.102087,-0.009573,0.007220,-0.256695,0.346360,-0.342528,-0.077064,0.250223,0.000000,0.000000,0.368400,1.016361,0.202382,-0.836944,0.219648,0.000036,-0.000033,-0.502561,-0.313358,-0.198627,0.954407,-0.453569,0.000061,0.000003
0.031729,-0.028026,0.767881,-0.007736,-0.006366,0.046156,0.998884,-0.473564,-0.039410,-0.028950,1.053493,-0.070270,-0.084862,0.001778,-0.004068,-0.255572,0.337395,-0.344098,-0.075037,0.248813,0.000000,0.000000,0.289536,0.993634,0.162789,-0.830068,0.219208,0.000035,-0.000034,-0.456964,-0.274757,-0.232492,1.014175,-0.450274,0.000066,0.000001
0.034746,-0.025739,0.767593,-0.005831,-0.007548,0.046294,0.998882,-0.449276,-0.029017,-0.005276,1.035097,-0.109615,-0.066640,0.014307,-0.010982,-0.253970,0.331391,-0.348484,-0.069142,0.244956,0.000000,0.000000,0.209612,0.955600,0.121332,-0.817122,0.220883,0.000034,-0.000036,-0.397908,-0.238146,-0.259018,1.055319,-0.448680,0.000070,-0.000002
0.037935,-0.023051,0.766298,-0.005998,-0.009924,0.047367,0.998810,-0.417279,-0.014323,0.015765,1.010891,-0.130039,-0.049703,0.027429,-0.013728,-0.253187,0.332778,-0.358654,-0.062095,0.238630,0.000000,0.000000,0.130562,0.903095,0.080481,-0.800418,0.225799,0.000034,-0.000038,-0.326524,-0.210024,-0.268611,1.081283,-0.456569,0.000075,-0.000007
0.041440,-0.019765,0.763685,-0.007777,-0.013882,0.049915,0.998627,-0.376517,-0.006112,0.020196,0.983294,-0.164558,-0.046017,0.041385,-0.013447,-0.254035,0.343977,-0.375408,-0.054899,0.229863,0.000000,0.000000,0.049650,0.839906,0.038081,-0.781445,0.227455,0.000034,-0.000039,-0.246653,-0.188377,-0.266404,1.096642,-0.465053,0.000079,-0.000015
0.044847,-0.016428,0.759976,-0.011910,-0.018299,0.054256,0.998288,-0.332222,-0.001331,0.012118,0.952536,-0.227546,-0.043195,0.051822,-0.008577,-0.256436,0.365710,-0.397613,-0.047385,0.217277,0.000000,0.000000,-0.037307,0.770505,-0.002262,-0.757787,0.229576,0.000035,-0.000039,-0.161510,-0.167895,-0.254546,1.103332,-0.466889,0.000082,-0.000022
0.048344,-0.013051,0.755343,-0.017369,-0.023346,0.060698,0.997732,-0.287984,0.001978,-0.005041,0.921990,-0.303835,-0.050599,0.057340,-0.001610,-0.259801,0.400537,-0.424769,-0.039505,0.199786,0.000000,0.000000,-0.132797,0.696292,-0.038517,-0.727841,0.237411,0.000034,-0.000036,-0.071778,-0.149092,-0.229723,1.108643,-0.459348,0.000085,-0.000028
0.051645,-0.009913,0.750565,-0.023117,-0.027426,0.069726,0.996921,-0.249709,0.003947,-0.024781,0.895018,-0.383221,-0.057228,0.056166,0.004548,-0.264821,0.445262,-0.452194,-0.030915,0.178187,0.000000,0.000000,-0.227383,0.623972,-0.075995,-0.691403,0.247211,0.000034,-0.000032,0.020536,-0.134802,-0.185552,1.111424,-0.448181,0.000086,-0.000030
0.054476,-0.007095,0.746365,-0.027339,-0.029909,0.082098,0.995800,-0.224458,-0.000822,-0.044438,0.876984,-0.442646,-0.046794,0.043211,0.004081,-0.271642,0.507098,-0.473764,-0.020757,0.154655,0.000000,0.000000,-0.318531,0.550851,-0.121277,-0.650252,0.252768,0.000033,-0.000029,0.111695,-0.130949,-0.116006,1.108637,-0.443344,0.000085,-0.000027
0.056884,-0.004950,0.743179,-0.029749,-0.032205,0.096398,0.994377,-0.205785,-0.011943,-0.064119,0.862314,-0.481841,-0.026623,0.017037,-0.004073,-0.276741,0.594722,-0.481435,-0.009207,0.128791,0.000000,0.000000,-0.398657,0.485605,-0.174324,-0.600043,0.257949,0.000032,-0.000031,0.198307,-0.131925,-0.030445,1.097272,-0.440135,0.000082,-0.000022
0.058062,-0.003259,0.741077,-0.028738,-0.033942,0.110267,0.992906,-0.192650,-0.030007,-0.081775,0.849647,-0.503058,-0.010017,-0.033758,-0.024424,-0.274320,0.720695,-0.459234,-0.000600,0.099685,0.000000,0.000000,-0.471785,0.431926,-0.229083,-0.541851,0.265344,0.000031,-0.000039,0.279045,-0.137870,0.056581,1.074150,-0.431298,0.000076,-0.000017
0.058876,-0.000885,0.740114,-0.025040,-0.035252,0.121699,0.991625,-0.183161,-0.052048,-0.093811,0.838198,-0.509656,0.003035,-0.107924,-0.059295,-0.265359,0.877785,-0.399977,0.008056,0.062591,0.000000,0.000000,-0.536891,0.383338,-0.265793,-0.466761,0.280254,0.000030,-0.000043,0.350893,-0.156586,0.142236,1.036866,-0.422270,0.000070,-0.000018
0.059578,0.001800,0.740478,-0.020089,-0.034651,0.131114,0.990558,-0.175375,-0.073970,-0.101906,0.821368,-0.508554,0.013828,-0.199131,-0.101733,-0.250063,1.036190,-0.299039,0.023723,0.021148,0.000000,0.000000,-0.593909,0.336293,-0.289301,-0.383415,0.291786,0.000030,-0.000040,0.418316,-0.184246,0.213057,0.987381,-0.404582,0.000066,-0.000017
0.060560,0.004362,0.741788,-0.014115,-0.032016,0.137975,0.989817,-0.166443,-0.094977,-0.104434,0.794637,-0.500952,0.023014,-0.299526,-0.144276,-0.221533,1.177730,-0.167683,0.066951,-0.021143,0.000000,0.000000,-0.644059,0.295636,-0.301771,-0.299476,0.299215,0.000033,-0.000037,0.478022,-0.217410,0.267530,0.933112,-0.379564,0.000068,-0.000016
0.061797,0.006805,0.743934,-0.007893,-0.028843,0.139833,0.989723,-0.154006,-0.111250,-0.098554,0.759671,-0.488236,0.030112,-0.393795,-0.175330,-0.180771,1.281497,-0.037726,0.096419,-0.064866,0.000000,0.000000,-0.683157,0.261912,-0.305757,-0.217310,0.297192,0.000031,-0.000032,0.530446,-0.256922,0.312477,0.876418,-0.354537,0.000067,-0.000010
0.063595,0.009444,0.746855,-0.002431,-0.025599,0.138740,0.989995,-0.137808,-0.122464,-0.088873,0.718960,-0.472277,0.035488,-0.474730,-0.194638,-0.140791,1.342279,0.055470,0.121488,-0.106928,0.000000,0.000000,-0.715144,0.244133,-0.301921,-0.133379,0.302822,0.000029,-0.000026,0.573608,-0.305952,0.349354,0.820851,-0.342052,0.000064,-0.000009
0.066176,0.012215,0.750250,0.001056,-0.022477,0.135226,0.990559,-0.121087,-0.127096,-0.077695,0.677541,-0.454787,0.038601,-0.542547,-0.202669,-0.108570,1.367143,0.102079,0.158128,-0.145820,0.000000,0.000000,-0.736528,0.227043,-0.292759,-0.053156,0.300570,0.000017,-0.000012,0.612048,-0.358061,0.373024,0.766916,-0.340363,0.000045,-0.000006
0.068978,0.014840,0.753855,0.001807,-0.019199,0.132679,0.990971,-0.105748,-0.125516,-0.069433,0.637134,-0.436862,0.039798,-0.598547,-0.206195,-0.089988,1.367384,0.123344,0.184763,-0.180264,0.000000,0.000000,-0.750994,0.216001,-0.286616,0.021665,0.307185,0.000014,-0.000010,0.647871,-0.402322,0.382389,0.715832,-0.337486,0.000036,-0.000005
0.072089,0.017162,0.757143,0.000701,-0.015394,0.130862,0.991281,-0.092384,-0.122072,-0.067085,0.599928,-0.420007,0.039062,-0.646268,-0.206352,-0.078320,1.349201,0.144082,0.208641,-0.210813,0.000000,0.000000,-0.761686,0.204235,-0.281384,0.088692,0.314900,0.000011,-0.000008,0.680496,-0.435502,0.377276,0.670465,-0.329856,0.000030,-0.000004
0.075160,0.019366,0.760046,-0.002028,-0.011056,0.129172,0.991558,-0.082694,-0.116482,-0.068084,0.568995,-0.405030,0.036533,-0.686013,-0.201466,-0.070129,1.309673,0.178197,0.226748,-0.238504,0.000000,0.000000,-0.770269,0.196490,-0.278710,0.150641,0.327452,0.000024,-0.000030,0.708832,-0.457992,0.359811,0.630068,-0.319248,0.000062,-0.000010
0.078414,0.021387,0.762423,-0.005041,-0.007018,0.127709,0.991774,-0.075216,-0.110017,-0.069512,0.545871,-0.393400,0.033755,-0.712738,-0.197056,-0.067924,1.246607,0.221244,0.249500,-0.262424,0.000000,0.000000,-0.775163,0.183392,-0.261699,0.204065,0.345538,0.000025,-0.000021,0.732588,-0.474528,0.335483,0.594619,-0.308026,0.000062,-0.000009
0.082004,0.022895,0.764091,-0.008112,-0.003305,0.126115,0.991977,-0.068766,-0.102765,-0.068979,0.526793,-0.385064,0.033312,-0.723039,-0.202155,-0.082312,1.167317,0.239722,0.255233,-0.282312,0.000000,0.000000,-0.771951,0.171631,-0.239427,0.241167,0.364941,0.000026,-0.000016,0.751753,-0.486281,0.310277,0.563614,-0.297932,0.000062,-0.000008
0.085988,0.023939,0.765027,-0.010724,0.000209,0.124224,0.992196,-0.062457,-0.096065,-0.066152,0.509563,-0.379912,0.035089,-0.724091,-0.213667,-0.107469,1.084303,0.251167,0.252991,-0.300455,0.000000,0.000000,-0.765791,0.158229,-0.215774,0.267667,0.375835,0.000026,-0.000008,0.767092,-0.495783,0.286878,0.534628,-0.290601,0.000066,-0.000007
0.090206,0.024490,0.765188,-0.012044,0.003870,0.122683,0.992365,-0.057532,-0.092209,-0.062724,0.495886,-0.378662,0.037572,-0.718510,-0.230662,-0.139778,1.004390,0.271480,0.228526,-0.317838,0.000000,0.000000,-0.759672,0.145320,-0.191270,0.284808,0.382153,0.000015,-0.000001,0.779670,-0.505536,0.265227,0.505835,-0.287315,0.000045,-0.000004
0.095031,0.024194,0.764252,-0.011773,0.007173,0.122527,0.992369,-0.052375,-0.092883,-0.061479,0.485261,-0.380535,0.040335,-0.703327,-0.249867,-0.174949,0.928990,0.303920,0.203749,-0.333677,0.000000,0.000000,-0.753581,0.133166,-0.167941,0.296421,0.385693,0.000007,0.000002,0.792619,-0.513744,0.247432,0.476787,-0.286110,0.000030,-0.000002
0.100347,0.022920,0.762005,-0.009084,0.008873,0.122896,0.992338,-0.044341,-0.099315,-0.061375,0.478912,-0.385979,0.043257,-0.682924,-0.269187,-0.208506,0.885065,0.293012,0.150480,-0.347971,0.000000,0.000000,-0.747331,0.125915,-0.149323,0.307544,0.390497,0.000012,0.000001,0.808688,-0.521371,0.233128,0.445671,-0.284618,0.000050,-0.000003
0.105740,0.021174,0.758474,-0.002989,0.008584,0.124113,0.992226,-0.033091,-0.113516,-0.063831,0.481290,-0.399268,0.046100,-0.656709,-0.288559,-0.233190,0.874319,0.233861,0.094198,-0.358782,0.000000,0.000000,-0.744023,0.116782,-0.128600,0.317474,0.393791,0.000012,0.000002,0.832288,-0.535731,0.220802,0.410183,-0.289918,0.000053,0.000002
0.110804,0.019638,0.754613,0.005577,0.006890,0.126028,0.991987,-0.021717,-0.133494,-0.068912,0.492335,-0.417284,0.048165,-0.633439,-0.308522,-0.246716,0.881156,0.151529,0.059950,-0.364142,0.000000,0.000000,-0.745862,0.104838,-0.109969,0.327908,0.397512,0.000013,0.000004,0.860530,-0.560041,0.207193,0.373528,-0.302375,0.000051,0.000012
0.115277,0.018719,0.751602,0.013426,0.005509,0.126850,0.991816,-0.014890,-0.151545,-0.073297,0.508343,-0.434454,0.047997,-0.625164,-0.325782,-0.251552,0.899729,0.102080,0.033900,-0.365950,0.000000,0.000000,-0.751582,0.093990,-0.092069,0.337306,0.400735,0.000012,0.000007,0.889965,-0.586730,0.188076,0.339011,-0.310596,0.000049,0.000018
0.119150,0.018522,0.749991,0.018776,0.005282,0.126053,0.991832,-0.012165,-0.162802,-0.074857,0.522981,-0.448068,0.045655,-0.627534,-0.335256,-0.250218,0.917920,0.083263,0.019607,-0.366045,0.000000,0.000000,-0.759300,0.086356,-0.076026,0.345977,0.403509,0.000011,0.000010,0.916954,-0.613794,0.163721,0.308363,-0.306456,0.000049,0.000019
0.122597,0.018575,0.749458,0.020518,0.005103,0.123991,0.992058,-0.008715,-0.164524,-0.073762,0.531532,-0.456297,0.041388,-0.641162,-0.338244,-0.243932,0.941880,0.106351,0.017393,-0.364927,0.000000,0.000000,-0.765425,0.083012,-0.063941,0.355510,0.406665,0.000011,0.000010,0.939161,-0.647363,0.145429,0.282531,-0.296515,0.000049,0.000021
0.125842,0.018820,0.750097,0.018887,0.005110,0.119800,0.992605,-0.003767,-0.156251,-0.067872,0.532166,-0.457898,0.034406,-0.662715,-0.334727,-0.236745,0.966444,0.162937,0.014951,-0.363670,0.000000,0.000000,-0.768645,0.085142,-0.053486,0.366315,0.408057,0.000011,0.000009,0.952723,-0.691651,0.135174,0.259874,-0.284488,0.000048,0.000026
0.129253,0.019633,0.751738,0.014935,0.004437,0.113879,0.993372,0.004635,-0.140749,-0.057734,0.526507,-0.454914,0.026088,-0.678946,-0.323917,-0.230923,0.982443,0.224980,0.022143,-0.365323,0.000000,0.000000,-0.767786,0.092818,-0.042279,0.380565,0.409492,0.000011,0.000008,0.956131,-0.746436,0.126326,0.239750,-0.273101,0.000046,0.000031
0.133072,0.020016,0.753892,0.009777,0.002987,0.109972,0.993882,0.018458,-0.122497,-0.050389,0.511240,-0.444439,0.018196,-0.691159,-0.313760,-0.227808,0.998086,0.281512,0.035070,-0.367842,0.000000,0.000000,-0.764065,0.099480,-0.036458,0.404028,0.410909,0.000012,0.000008,0.955188,-0.804413,0.119793,0.224393,-0.263431,0.000044,0.000035
0.137140,0.019980,0.755959,0.005215,0.001210,0.107829,0.994155,0.036642,-0.106483,-0.046315,0.488909,-0.429694,0.011579,-0.702503,-0.307287,-0.224570,1.015324,0.331903,0.034236,-0.369897,0.000000,0.000000,-0.758313,0.104497,-0.035648,0.436744,0.412679,0.000014,0.000007,0.951435,-0.858492,0.109717,0.213246,-0.251892,0.000043,0.000034
0.141726,0.019747,0.757519,0.002084,-0.000559,0.106455,0.994315,0.056607,-0.094356,-0.044026,0.465489,-0.415777,0.005754,-0.711015,-0.304527,-0.221932,1.032203,0.371676,0.031173,-0.371008,0.000000,0.000000,-0.750148,0.108635,-0.038603,0.476340,0.415962,0.000017,0.000006,0.945564,-0.908689,0.095764,0.205657,-0.240873,0.000043,0.000031
0.146722,0.019137,0.758550,-0.000126,-0.002030,0.106020,0.994362,0.077646,-0.084368,-0.044472,0.442299,-0.405561,0.000000,-0.713765,-0.302454,-0.220453,1.047497,0.391234,0.046906,-0.370362,0.000000,0.000000,-0.740361,0.110354,-0.046372,0.521756,0.417023,0.000021,0.000002,0.935967,-0.955602,0.082987,0.201688,-0.233741,0.000043,0.000032
0.151910,0.018186,0.759065,-0.002001,-0.003312,0.105378,0.994425,0.099503,-0.074630,-0.045020,0.419064,-0.399536,-0.005601,-0.712850,-0.296886,-0.217137,1.062121,0.390106,0.067943,-0.368119,0.000000,0.000000,-0.728424,0.112845,-0.057636,0.571541,0.418066,0.000026,-0.000002,0.920579,-1.002130,0.072798,0.197326,-0.231307,0.000043,0.000037
0.157369,0.017229,0.759044,-0.002955,-0.004302,0.103427,0.994623,0.121747,-0.066573,-0.042668,0.396000,-0.397375,-0.010720,-0.709062,-0.287779,-0.210927,1.074528,0.373641,0.086023,-0.364432,0.000000,0.000000,-0.714477,0.115032,-0.068733,0.620656,0.417223,0.000029,-0.000005,0.898094,-1.050190,0.063513,0.192008,-0.231679,0.000043,0.000044
0.163261,0.016113,0.758272,-0.003977,-0.005543,0.099844,0.994980,0.145836,-0.057653,-0.036348,0.372934,-0.401088,-0.015224,-0.700062,-0.273513,-0.204944,1.086715,0.334225,0.095089,-0.360281,0.000000,0.000000,-0.694854,0.117270,-0.075428,0.672360,0.410309,0.000030,-0.000004,0.865338,-1.092933,0.052618,0.185186,-0.230179,0.000044,0.000046
0.169665,0.014441,0.755938,-0.005103,-0.006649,0.095281,0.995415,0.171251,-0.048763,-0.027116,0.350719,-0.413604,-0.017938,-0.683558,-0.257699,-0.203269,1.099755,0.259780,0.095978,-0.355946,0.000000,0.000000,-0.668717,0.118752,-0.075725,0.724987,0.394880,0.000028,-0.000001,0.823581,-1.135097,0.045686,0.172150,-0.229733,0.000043,0.000046
0.176488,0.011989,0.751880,-0.004695,-0.007497,0.090612,0.995847,0.197889,-0.043545,-0.016949,0.329151,-0.435650,-0.019638,-0.661887,-0.243367,-0.203243,1.110794,0.170297,0.081756,-0.351210,0.000000,0.000000,-0.638136,0.120015,-0.073827,0.782150,0.374856,0.000027,0.000003,0.769735,-1.174133,0.042033,0.153789,-0.232172,0.000044,0.000049
0.183490,0.009135,0.746684,-0.003351,-0.008898,0.086541,0.996203,0.223361,-0.040016,-0.008726,0.316081,-0.468141,-0.021139,-0.628851,-0.230222,-0.210491,1.110799,0.068830,0.051805,-0.345353,0.000000,0.000000,-0.600281,0.120886,-0.075840,0.845613,0.354584,0.000033,0.000006,0.707272,-1.207435,0.040126,0.131600,-0.239423,0.000048,0.000057
0.190566,0.005820,0.741053,-0.001016,-0.010430,0.082583,0.996529,0.240834,-0.038722,-0.002078,0.322362,-0.504345,-0.022180,-0.585271,-0.217060,-0.223120,1.096683,-0.045980,0.026932,-0.338754,0.000000,0.000000,-0.557639,0.123655,-0.084161,0.912043,0.336512,0.000042,0.000005,0.635540,-1.232819,0.036669,0.103812,-0.252000,0.000049,0.000060
0.197655,0.002615,0.735862,0.001700,-0.012415,0.079569,0.996751,0.244868,-0.038424,0.000288,0.358781,-0.539706,-0.024429,-0.535761,-0.204829,-0.240235,1.075804,-0.170354,-0.001114,-0.331802,0.000000,0.000000,-0.511645,0.127934,-0.101930,0.978088,0.324554,0.000051,0.000001,0.558543,-1.239222,0.023955,0.067206,-0.264465,0.000048,0.000059
0.204692,-0.000017,0.732054,0.004366,-0.015063,0.077741,0.996850,0.235084,-0.038646,-0.004085,0.426127,-0.564879,-0.030601,-0.479531,-0.193043,-0.264369,1.039006,-0.283174,-0.049148,-0.322785,0.000000,0.000000,-0.461620,0.135045,-0.139700,1.040826,0.327484,0.000057,-0.000008,0.477207,-1.223202,0.001358,0.023262,-0.268318,0.000046,0.000052
0.212054,-0.002290,0.730700,0.004757,-0.018674,0.075245,0.996979,0.209191,-0.035583,-0.009972,0.526309,-0.557186,-0.039839,-0.421302,-0.174663,-0.289215,0.985829,-0.361677,-0.098451,-0.308664,0.000000,0.000000,-0.400805,0.139317,-0.173007,1.094246,0.327119,0.000060,-0.000005,0.389957,-1.186219,-0.014878,-0.021639,-0.257714,0.000045,0.000050
0.219402,-0.004193,0.731229,0.003292,-0.021403,0.069969,0.997314,0.160833,-0.029131,-0.010242,0.656731,-0.509438,-0.060846,-0.375217,-0.150310,-0.304599,0.932598,-0.401923,-0.133970,-0.289231,0.000000,0.000000,-0.328895,0.143265,-0.209654,1.129985,0.325191,0.000063,-0.000004,0.291121,-1.141375,-0.018595,-0.061367,-0.250592,0.000044,0.000046
0.226316,-0.005938,0.733927,-0.001440,-0.021766,0.059749,0.997975,0.079120,-0.014667,-0.004744,0.823180,-0.407433,-0.087662,-0.345597,-0.116326,-0.308337,0.880745,-0.402516,-0.151713,-0.264726,0.000000,0.000000,-0.248108,0.153629,-0.249158,1.144687,0.323513,0.000064,-0.000005,0.176986,-1.091360,-0.004084,-0.092285,-0.251492,0.000046,0.000039
0.232467,-0.007811,0.738321,-0.009016,-0.020075,0.045420,0.998726,-0.028482,0.009304,0.004077,1.007928,-0.270491,-0.095103,-0.323987,-0.074212,-0.302689,0.824866,-0.378903,-0.154989,-0.236370,0.000000,0.000000,-0.162890,0.171847,-0.287171,1.140257,0.318027,0.000062,-0.000004,0.050450,-1.034852,0.028272,-0.112873,-0.260666,0.000044,0.000034
0.237847,-0.009772,0.743145,-0.017098,-0.017275,0.029072,0.999282,-0.149476,0.038672,0.014322,1.185777,-0.121416,-0.068141,-0.304173,-0.031303,-0.291702,0.767680,-0.349320,-0.152686,-0.205147,0.000000,0.000000,-0.076102,0.193765,-0.320616,1.114902,0.304055,0.000059,-0.000005,-0.080063,-0.976224,0.066857,-0.122981,-0.273726,0.000041,0.000029
0.242133,-0.011178,0.747335,-0.024703,-0.016447,0.013207,0.999472,-0.270443,0.064948,0.014173,1.319389,0.062787,-0.068313,-0.282052,0.004901,-0.280248,0.719866,-0.326011,-0.150475,-0.175093,0.000000,0.000000,0.013363,0.223518,-0.360415,1.075058,0.292479,0.000056,-0.000006,-0.201520,-0.919357,0.107225,-0.124530,-0.281478,0.000039,0.000025
0.246510,-0.013199,0.751322,-0.028242,-0.014221,0.003062,0.999495,-0.380446,0.069435,0.002701,1.406942,0.155466,-0.079622,-0.260490,0.024688,-0.276085,0.675059,-0.313156,-0.156368,-0.141394,0.000000,0.000000,0.096072,0.256812,-0.406993,1.015343,0.282600,0.000053,-0.000010,-0.304409,-0.869149,0.131952,-0.121116,-0.283830,0.000036,0.000020
0.250738,-0.015225,0.754610,-0.029222,-0.012926,-0.005120,0.999476,-0.483343,0.064845,-0.008104,1.470202,0.181135,-0.110326,-0.238523,0.036987,-0.271198,0.636806,-0.308761,-0.165882,-0.108823,0.000000,0.000000,0.176534,0.298738,-0.454336,0.944804,0.271399,0.000049,-0.000013,-0.392637,-0.822490,0.152834,-0.114793,-0.285300,0.000034,0.000018
0.255389,-0.017278,0.757116,-0.027333,-0.012843,-0.010203,0.999492,-0.572973,0.059577,-0.009060,1.506592,0.166277,-0.127065,-0.215197,0.041357,-0.266947,0.604349,-0.309744,-0.175586,-0.075312,0.000000,0.000000,0.250305,0.351196,-0.506390,0.866159,0.268893,0.000045,-0.000014,-0.469370,-0.777131,0.163124,-0.101598,-0.287983,0.000031,0.000016
0.260523,-0.019341,0.759046,-0.024009,-0.014460,-0.013633,0.999514,-0.647210,0.054505,-0.000985,1.515309,0.148894,-0.110652,-0.191580,0.041099,-0.262649,0.579626,-0.312805,-0.183754,-0.037485,0.000000,0.000000,0.317462,0.411961,-0.556758,0.783105,0.273095,0.000041,-0.000013,-0.536150,-0.733866,0.163782,-0.077042,-0.296215,0.000028,0.000013
0.265799,-0.021008,0.760573,-0.019618,-0.016549,-0.020642,0.999457,-0.703126,0.048588,0.012070,1.487087,0.136519,-0.119773,-0.170968,0.040426,-0.249330,0.561798,-0.314721,-0.188122,0.001184,0.000000,0.000000,0.383034,0.466918,-0.592592,0.704358,0.264999,0.000041,-0.000014,-0.597524,-0.687968,0.161061,-0.048523,-0.306006,0.000026,0.000011
0.271184,-0.022232,0.761810,-0.015602,-0.019318,-0.029529,0.999255,-0.744771,0.046920,0.025435,1.434994,0.145298,-0.150926,-0.150831,0.041548,-0.230111,0.548054,-0.315862,-0.186833,0.037392,0.000000,0.000000,0.445710,0.516504,-0.615959,0.628228,0.253060,0.000040,-0.000015,-0.649387,-0.635354,0.156265,-0.022800,-0.314577,0.000023,0.000007
0.276614,-0.023083,0.762931,-0.012191,-0.022170,-0.039880,0.998884,-0.775454,0.043969,0.033108,1.360734,0.179694,-0.159403,-0.131894,0.043611,-0.207808,0.536908,-0.316163,-0.182866,0.069890,0.000000,0.000000,0.505035,0.559405,-0.627676,0.555992,0.242093,0.000040,-0.000015,-0.693511,-0.578511,0.146491,0.002175,-0.325503,0.000023,0.000003
0.282496,-0.023622,0.763691,-0.009694,-0.024829,-0.050677,0.998359,-0.794339,0.039402,0.035065,1.264654,0.251225,-0.126825,-0.114750,0.046458,-0.185310,0.529351,-0.316715,-0.178384,0.098916,0.000000,0.000000,0.560209,0.593390,-0.627656,0.488810,0.230441,0.000044,-0.000015,-0.731185,-0.512580,0.131450,0.023466,-0.325767,0.000022,-0.000005
0.288445,-0.023936,0.763891,-0.008920,-0.027130,-0.060852,0.997738,-0.797071,0.035011,0.028895,1.150078,0.327081,-0.114447,-0.101044,0.051167,-0.165270,0.528673,-0.319431,-0.174508,0.124257,0.000000,0.000000,0.612905,0.619891,-0.616625,0.428308,0.219160,0.000045,-0.000014,-0.760565,-0.450055,0.107154,0.046199,-0.335692,0.000025,-0.000018
0.294728,-0.024133,0.763610,-0.009347,-0.029443,-0.069189,0.997125,-0.788056,0.030285,0.017389,1.026778,0.427869,-0.090261,-0.088347,0.056227,-0.150029,0.532065,-0.325132,-0.173311,0.146122,0.000000,0.000000,0.660891,0.638408,-0.596043,0.377375,0.209514,0.000046,-0.000013,-0.776568,-0.390061,0.082712,0.061228,-0.337263,0.000025,-0.000024
0.301364,-0.023891,0.762359,-0.010465,-0.032671,-0.075723,0.996539,-0.764026,0.026775,0.006471,0.918081,0.495762,-0.058482,-0.074541,0.061661,-0.137219,0.540163,-0.334366,-0.170947,0.165670,0.000000,0.000000,0.704394,0.649365,-0.570978,0.334692,0.199628,0.000058,-0.000016,-0.781219,-0.332501,0.056284,0.070202,-0.332222,0.000035,-0.000036
0.308313,-0.023236,0.759593,-0.012766,-0.037229,-0.080651,0.995965,-0.735612,0.025195,-0.004969,0.850510,0.522811,-0.018995,-0.059904,0.069093,-0.126081,0.556305,-0.350467,-0.168371,0.183524,0.000000,0.000000,0.744692,0.652032,-0.541271,0.294958,0.180030,0.000062,-0.000013,-0.779706,-0.284844,0.028201,0.072365,-0.333751,0.000032,-0.000038
0.315401,-0.022528,0.755525,-0.016348,-0.043380,-0.084621,0.995334,-0.704426,0.026565,-0.012765,0.822444,0.522848,0.045606,-0.043235,0.079098,-0.115034,0.580255,-0.376904,-0.166874,0.199355,0.000000,0.000000,0.781632,0.652546,-0.511924,0.254400,0.155979,0.000056,-0.000005,-0.773148,-0.241758,-0.001186,0.069264,-0.334186,0.000020,-0.000031
0.322288,-0.021759,0.750257,-0.021248,-0.050501,-0.088192,0.994596,-0.669119,0.030231,-0.022463,0.810562,0.513722,0.081305,-0.026410,0.092271,-0.103540,0.611338,-0.410558,-0.166802,0.212687,0.000000,0.000000,0.813316,0.659159,-0.490341,0.212609,0.138750,0.000076,-0.000009,-0.766355,-0.202471,-0.028296,0.061446,-0.329576,0.000037,-0.000056
0.328596,-0.021035,0.744538,-0.026550,-0.058449,-0.090204,0.993852,-0.637791,0.032756,-0.033978,0.835907,0.410575,0.090615,-0.011245,0.105623,-0.093692,0.649453,-0.447119,-0.166434,0.224401,0.000000,0.000000,0.836506,0.676967,-0.477601,0.172980,0.137363,0.000059,-0.000004,-0.759889,-0.170387,-0.052747,0.050142,-0.316702,0.000016,-0.000031
0.333834,-0.020570,0.739830,-0.031140,-0.064952,-0.090678,0.993272,-0.614834,0.031358,-0.046363,0.860879,0.325051,0.103976,-0.000511,0.115673,-0.087483,0.686797,-0.479156,-0.164038,0.233936,0.000000,0.000000,0.850482,0.697026,-0.469184,0.140628,0.140141,0.000058,-0.000006,-0.755050,-0.143173,-0.076407,0.037924,-0.295921,0.000014,-0.000030
0.337947,-0.020739,0.737197,-0.033897,-0.069106,-0.088333,0.993113,-0.598838,0.026042,-0.054259,0.873604,0.271243,0.111476,0.006779,0.119279,-0.087837,0.714422,-0.501286,-0.158784,0.240384,0.000000,0.000000,0.857318,0.721034,-0.465773,0.116682,0.144209,0.000065,-0.000011,-0.751373,-0.127364,-0.098657,0.029148,-0.279460,0.000018,-0.000040
0.341169,-0.021067,0.736470,-0.034348,-0.071491,-0.082683,0.993415,-0.588592,0.015494,-0.061445,0.877024,0.240982,0.107301,0.015441,0.115707,-0.096020,0.724845,-0.510871,-0.152155,0.242596,0.000000,0.000000,0.862452,0.751169,-0.467982,0.094773,0.147862,0.000070,-0.000019,-0.748041,-0.126446,-0.115981,0.028055,-0.272350,0.000021,-0.000046
0.343544,-0.021438,0.736952,-0.032840,-0.072506,-0.072176,0.994211,-0.582276,0.000123,-0.067247,0.874104,0.225110,0.099878,0.024843,0.105496,-0.114857,0.722098,-0.509575,-0.145542,0.241714,0.000000,0.000000,0.869744,0.789914,-0.475315,0.068628,0.148634,0.000071,-0.000027,-0.744336,-0.141612,-0.129755,0.036958,-0.272135,0.000024,-0.000045
0.344961,-0.022136,0.740027,-0.031061,-0.071279,-0.060079,0.995161,-0.572970,-0.013078,-0.069501,0.848677,0.231131,0.100256,0.030479,0.094149,-0.136608,0.707922,-0.492321,-0.133407,0.237400,0.000000,0.000000,0.875994,0.828167,-0.481629,0.042000,0.142794,0.000072,-0.000033,-0.741510,-0.165238,-0.138358,0.062112,-0.275286,0.000031,-0.000046
0.344690,-0.022715,0.744242,-0.029485,-0.068161,-0.048395,0.996064,-0.562809,-0.025444,-0.074036,0.809307,0.251010,0.102442,0.029185,0.083563,-0.157466,0.693234,-0.462378,-0.115067,0.230958,0.000000,0.000000,0.879362,0.865517,-0.485928,0.012296,0.137887,0.000066,-0.000031,-0.744351,-0.197768,-0.137682,0.097873,-0.278524,0.000031,-0.000040
0.343473,-0.023400,0.748662,-0.028265,-0.064598,-0.038311,0.996775,-0.550484,-0.036398,-0.080338,0.761734,0.275948,0.103463,0.022110,0.073980,-0.174812,0.684310,-0.430907,-0.091770,0.222994,0.000000,0.000000,0.882204,0.902295,-0.484996,-0.020339,0.133835,0.000055,-0.000024,-0.752064,-0.229904,-0.126275,0.143768,-0.280845,0.000024,-0.000027
0.341324,-0.024210,0.752817,-0.026530,-0.061725,-0.029273,0.997311,-0.532844,-0.047745,-0.087383,0.706306,0.299526,0.103115,0.013996,0.063297,-0.189394,0.678569,-0.404599,-0.065821,0.214722,0.000000,0.000000,0.883166,0.939234,-0.480495,-0.055012,0.130733,0.000053,-0.000026,-0.760270,-0.256185,-0.108804,0.198284,-0.278956,0.000027,-0.000024
0.338286,-0.024961,0.756260,-0.023369,-0.060687,-0.021017,0.997662,-0.508448,-0.060841,-0.093790,0.646373,0.315307,0.102741,0.007555,0.049813,-0.201474,0.675815,-0.385524,-0.039273,0.208028,0.000000,0.000000,0.882580,0.976289,-0.476738,-0.091508,0.126354,0.000053,-0.000027,-0.764069,-0.275881,-0.089078,0.261345,-0.272998,0.000031,-0.000022
0.334569,-0.025835,0.758662,-0.019817,-0.060975,-0.014327,0.997840,-0.481281,-0.072346,-0.099096,0.587046,0.323675,0.102971,0.002148,0.037085,-0.209949,0.675847,-0.375189,-0.016859,0.203991,0.000000,0.000000,0.881473,1.013311,-0.472344,-0.132237,0.120472,0.000073,-0.000054,-0.766426,-0.290112,-0.067550,0.331599,-0.268351,0.000059,-0.000038
0.330372,-0.026730,0.759939,-0.016837,-0.061774,-0.008415,0.997913,-0.456682,-0.081527,-0.105426,0.533998,0.329578,0.102526,-0.002901,0.029269,-0.213525,0.675730,-0.369089,-0.006119,0.202430,0.000000,0.000000,0.876437,1.050147,-0.464106,-0.177821,0.117022,0.000064,-0.000048,-0.766952,-0.301339,-0.045429,0.403824,-0.267726,0.000051,-0.000029
0.325206,-0.027587,0.760161,-0.014750,-0.062861,-0.003602,0.997907,-0.438976,-0.087665,-0.112915,0.491653,0.336920,0.098136,-0.009560,0.029668,-0.206387,0.674724,-0.363429,-0.015093,0.202254,0.000000,0.000000,0.864340,1.082891,-0.449412,-0.228446,0.118532,0.000050,-0.000035,-0.765074,-0.306936,-0.024390,0.475494,-0.266057,0.000038,-0.000018
0.319029,-0.028670,0.759804,-0.013837,-0.063987,0.000718,0.997855,-0.429113,-0.091532,-0.123020,0.459643,0.348828,0.089423,-0.015480,0.037566,-0.191716,0.666787,-0.356684,-0.048119,0.203939,0.000000,0.000000,0.841735,1.114667,-0.429661,-0.283218,0.129545,0.000049,-0.000038,-0.756630,-0.307647,-0.005674,0.544135,-0.263823,0.000041,-0.000018
0.311143,-0.029823,0.758348,-0.013900,-0.063753,0.004892,0.997857,-0.432130,-0.094577,-0.135168,0.439659,0.365494,0.076561,-0.022976,0.047306,-0.178749,0.655501,-0.360784,-0.075826,0.207290,0.000000,0.000000,0.803000,1.142330,-0.403140,-0.341489,0.147219,0.000072,-0.000067,-0.744360,-0.301468,0.006031,0.599654,-0.254833,0.000068,-0.000030
0.301272,-0.030744,0.755700,-0.013790,-0.061444,0.010377,0.997961,-0.453131,-0.100670,-0.149810,0.435525,0.385211,0.057233,-0.035831,0.052695,-0.178318,0.644154,-0.376534,-0.091080,0.211112,0.000000,0.000000,0.741545,1.156147,-0.367544,-0.406716,0.168675,0.000046,-0.000042,-0.725839,-0.299332,0.008041,0.637449,-0.256343,0.000042,-0.000013
0.290082,-0.031697,0.753017,-0.014538,-0.057335,0.017089,0.998103,-0.486456,-0.107740,-0.168043,0.441088,0.407209,0.023951,-0.054186,0.057136,-0.188272,0.630813,-0.390203,-0.109333,0.214454,0.000000,0.000000,0.658355,1.151039,-0.324417,-0.468965,0.192183,0.000045,-0.000036,-0.697939,-0.297056,0.000621,0.663127,-0.261308,0.000042,-0.000015
0.278395,-0.032851,0.750285,-0.016814,-0.052088,0.024451,0.998202,-0.530755,-0.111748,-0.182893,0.463543,0.418991,-0.024124,-0.077707,0.063903,-0.202895,0.618995,-0.399614,-0.131195,0.215488,0.000000,0.000000,0.565818,1.132735,-0.294630,-0.522341,0.201598,0.000065,-0.000052,-0.660655,-0.290129,-0.011499,0.680879,-0.266174,0.000062,-0.000036
0.267047,-0.034298,0.747587,-0.020832,-0.047180,0.032809,0.998130,-0.586822,-0.096579,-0.152660,0.535541,0.395301,-0.078996,-0.107242,0.071307,-0.221385,0.619463,-0.406483,-0.150387,0.213068,0.000000,0.000000,0.460802,1.102072,-0.270769,-0.571118,0.207178,0.000078,-0.000059,-0.612397,-0.275572,-0.026791,0.692004,-0.263468,0.000076,-0.000055
0.256553,-0.035652,0.744849,-0.026227,-0.043482,0.039794,0.997917,-0.647250,-0.059375,-0.084162,0.667866,0.334162,-0.113428,-0.141710,0.078940,-0.237977,0.636457,-0.410284,-0.163023,0.209231,0.000000,0.000000,0.352953,1.070515,-0.260420,-0.607907,0.209321,0.000078,-0.000056,-0.555704,-0.252856,-0.046169,0.699807,-0.250858,0.000077,-0.000064
0.247088,-0.036487,0.742695,-0.030883,-0.041025,0.042607,0.997771,-0.697818,-0.026352,-0.034861,0.846518,0.227725,-0.064645,-0.175113,0.084781,-0.246489,0.659525,-0.409120,-0.168329,0.207151,0.000000,0.000000,0.238176,1.036167,-0.261671,-0.632762,0.213757,0.000070,-0.000049,-0.492201,-0.227326,-0.056527,0.706766,-0.241113,0.000071,-0.000062
0.238373,-0.037081,0.741725,-0.033963,-0.038724,0.042476,0.997769,-0.731250,0.000367,-0.007581,1.025444,0.144674,-0.010588,-0.203061,0.088189,-0.249314,0.675508,-0.403958,-0.170324,0.204527,0.000000,0.000000,0.124200,0.993231,-0.272775,-0.641370,0.209459,0.000041,-0.000023,-0.420614,-0.209986,-0.048064,0.710402,-0.246706,0.000047,-0.000037
0.230129,-0.037618,0.742236,-0.035618,-0.035642,0.041049,0.997886,-0.745279,0.033464,0.019896,1.172605,0.132652,0.015721,-0.225370,0.088981,-0.249709,0.679687,-0.393955,-0.170732,0.199586,0.000000,0.000000,0.011446,0.942664,-0.285853,-0.636607,0.208862,0.000040,-0.000022,-0.343415,-0.196059,-0.031602,0.706401,-0.258034,0.000049,-0.000040
0.222541,-0.037989,0.743977,-0.035499,-0.032476,0.039662,0.998054,-0.729961,0.061090,0.037618,1.275232,0.160082,0.030880,-0.239150,0.086753,-0.249194,0.670096,-0.379281,-0.170695,0.193313,0.000000,0.000000,-0.099953,0.877766,-0.297636,-0.615704,0.205117,0.000041,-0.000017,-0.261186,-0.181659,-0.016434,0.700529,-0.266832,0.000052,-0.000044
0.215807,-0.038251,0.747274,-0.033680,-0.030977,0.040041,0.998150,-0.692483,0.075646,0.046491,1.355753,0.188313,0.015523,-0.241205,0.079462,-0.250284,0.647895,-0.359496,-0.168674,0.183918,0.000000,0.000000,-0.199824,0.819681,-0.319709,-0.579207,0.209066,0.000044,-0.000016,-0.174759,-0.165262,-0.002573,0.702100,-0.267360,0.000055,-0.000050
0.209766,-0.037745,0.751000,-0.029978,-0.029581,0.043764,0.998154,-0.639745,0.072365,0.051358,1.406629,0.199488,0.009391,-0.237609,0.065268,-0.254695,0.617853,-0.337027,-0.164491,0.168941,0.000000,0.000000,-0.292531,0.755134,-0.345059,-0.538049,0.215277,0.000062,-0.000030,-0.083935,-0.155092,0.017117,0.699415,-0.263361,0.000073,-0.000071
0.204147,-0.036527,0.754503,-0.025971,-0.028401,0.050181,0.997998,-0.572231,0.064865,0.059160,1.426225,0.190617,0.030042,-0.228667,0.048120,-0.263521,0.582914,-0.316420,-0.160349,0.147898,0.000000,0.000000,-0.362224,0.683968,-0.363764,-0.490950,0.214131,0.000063,-0.000023,0.003834,-0.153335,0.038108,0.696109,-0.261020,0.000073,-0.000070
0.199137,-0.035780,0.757165,-0.022833,-0.026704,0.056315,0.997795,-0.492890,0.065275,0.070699,1.411596,0.169922,0.075319,-0.226714,0.033202,-0.272720,0.556314,-0.297220,-0.156930,0.122199,0.000000,0.000000,-0.419124,0.622883,-0.367635,-0.445422,0.226017,0.000068,-0.000023,0.088554,-0.153268,0.060120,0.690601,-0.261273,0.000077,-0.000075
0.193812,-0.035271,0.759095,-0.019997,-0.023835,0.059924,0.997718,-0.410745,0.071552,0.086787,1.373826,0.134514,0.114008,-0.233742,0.020419,-0.277054,0.540088,-0.280289,-0.153378,0.093179,0.000000,0.000000,-0.461707,0.572065,-0.356451,-0.404774,0.247469,0.000071,-0.000026,0.166948,-0.156154,0.083197,0.682720,-0.259203,0.000081,-0.000080
0.188577,-0.033661,0.760291,-0.016880,-0.021038,0.060809,0.997785,-0.321768,0.075510,0.109866,1.309752,0.097768,0.173905,-0.243619,0.007839,-0.275103,0.532510,-0.267258,-0.148127,0.059864,0.000000,0.000000,-0.488415,0.520343,-0.332701,-0.369599,0.267519,0.000071,-0.000025,0.241009,-0.168572,0.109446,0.668651,-0.256864,0.000082,-0.000081
0.182655,-0.031677,0.760531,-0.014303,-0.019529,0.060312,0.997886,-0.231710,0.067954,0.123312,1.221170,0.064077,0.203516,-0.256521,-0.002988,-0.269528,0.534236,-0.257822,-0.142988,0.022303,0.000000,0.000000,-0.504425,0.464011,-0.303215,-0.338470,0.273473,0.000067,-0.000020,0.308915,-0.191532,0.142875,0.646871,-0.256463,0.000080,-0.000079
0.175915,-0.030195,0.760114,-0.011688,-0.017755,0.060841,0.997921,-0.142901,0.059602,0.135653,1.109833,0.052228,0.226267,-0.276189,-0.014846,-0.264199,0.544244,-0.250350,-0.138646,-0.015363,0.000000,0.000000,-0.517949,0.404914,-0.268299,-0.308708,0.273060,0.000064,-0.000008,0.372110,-0.218273,0.175917,0.617868,-0.255050,0.000076,-0.000074
0.168941,-0.028406,0.758527,-0.007348,-0.016753,0.062758,0.997861,-0.058965,0.039745,0.138689,0.991499,-0.001738,0.198553,-0.301748,-0.033262,-0.257248,0.570220,-0.249910,-0.133296,-0.052227,0.000000,0.000000,-0.532926,0.346091,-0.229641,-0.281216,0.271267,0.000067,0.000006,0.430971,-0.253290,0.206564,0.588807,-0.257122,0.000080,-0.000076
0.161087,-0.026769,0.755582,-0.002966,-0.014879,0.066092,0.997698,0.012996,0.011013,0.127601,0.867744,-0.091660,0.167180,-0.339245,-0.054770,-0.249643,0.611907,-0.253794,-0.126875,-0.086669,0.000000,0.000000,-0.554661,0.298221,-0.194463,-0.253338,0.277758,0.000063,0.000016,0.485421,-0.290456,0.231436,0.559743,-0.259673,0.000080,-0.000073
0.151894,-0.025133,0.751320,0.001968,-0.012607,0.070024,0.997464,0.070596,-0.020211,0.107291,0.742895,-0.155488,0.129422,-0.385511,-0.079716,-0.239386,0.666415,-0.261394,-0.119186,-0.119892,0.000000,0.000000,-0.581480,0.260531,-0.162974,-0.222934,0.291123,0.000059,0.000020,0.538821,-0.328252,0.249093,0.526279,-0.261660,0.000079,-0.000072
0.142243,-0.022669,0.746463,0.008344,-0.008190,0.075810,0.997054,0.105119,-0.053503,0.084933,0.650382,-0.230361,0.119576,-0.436913,-0.110266,-0.228481,0.720000,-0.265786,-0.109407,-0.151715,0.000000,0.000000,-0.606458,0.221058,-0.133344,-0.206666,0.296084,0.000048,0.000024,0.590525,-0.363627,0.252867,0.486541,-0.260239,0.000077,-0.000067
0.131484,-0.020972,0.741191,0.014360,-0.005169,0.083820,0.996364,0.125366,-0.084702,0.064193,0.586060,-0.306919,0.147210,-0.487524,-0.143533,-0.219323,0.776907,-0.266622,-0.096051,-0.182377,0.000000,0.000000,-0.633700,0.186383,-0.108115,-0.186031,0.299988,0.000026,0.000017,0.644276,-0.391473,0.251501,0.447693,-0.257892,0.000064,-0.000048
0.120325,-0.019679,0.736114,0.020375,-0.003799,0.093272,0.995425,0.135913,-0.115271,0.043823,0.543414,-0.373712,0.186592,-0.537533,-0.179718,-0.209591,0.837036,-0.253802,-0.074143,-0.211217,0.000000,0.000000,-0.658382,0.154231,-0.086750,-0.164833,0.303456,0.000017,0.000014,0.698319,-0.413452,0.247032,0.414521,-0.256443,0.000049,-0.000035
0.109279,-0.018502,0.731884,0.026136,-0.003484,0.102901,0.994342,0.137431,-0.142403,0.023933,0.520898,-0.427033,0.212619,-0.588551,-0.215659,-0.196673,0.896336,-0.219569,-0.044720,-0.237718,0.000000,0.000000,-0.679443,0.125909,-0.067446,-0.144624,0.310109,0.000013,0.000012,0.749035,-0.430159,0.239896,0.388794,-0.257375,0.000039,-0.000027
0.098706,-0.017040,0.728843,0.031716,-0.004149,0.112398,0.993148,0.132121,-0.166618,0.001619,0.515380,-0.469962,0.220407,-0.636178,-0.249249,-0.179326,0.946286,-0.166014,-0.007581,-0.261472,0.000000,0.000000,-0.694471,0.099012,-0.050531,-0.125047,0.318607,0.000013,0.000010,0.797780,-0.442346,0.228607,0.371099,-0.259411,0.000038,-0.000024
0.089248,-0.015464,0.727096,0.035654,-0.005665,0.123129,0.991734,0.121378,-0.184760,-0.021141,0.526239,-0.502505,0.224788,-0.676027,-0.277894,-0.160516,0.981549,-0.097833,0.037167,-0.279429,0.000000,0.000000,-0.705215,0.065257,-0.039313,-0.105745,0.319275,0.000018,0.000014,0.846272,-0.447623,0.215352,0.361466,-0.258979,0.000045,-0.000030
0.080973,-0.013890,0.726687,0.037448,-0.007455,0.133034,0.990376,0.107412,-0.196203,-0.037891,0.544659,-0.522739,0.232030,-0.707809,-0.298296,-0.140757,1.002798,-0.021518,0.081121,-0.293523,0.000000,0.000000,-0.712809,0.031715,-0.032740,-0.087529,0.314243,0.000040,0.000034,0.892915,-0.450396,0.205106,0.356584,-0.256467,0.000076,-0.000059
0.073801,-0.012382,0.727708,0.037453,-0.008760,0.141688,0.989164,0.091603,-0.202083,-0.050314,0.563031,-0.529150,0.235785,-0.729880,-0.308671,-0.119774,1.007893,0.055012,0.120739,-0.305059,0.000000,0.000000,-0.717450,0.006389,-0.028852,-0.070916,0.311405,0.000038,0.000038,0.935324,-0.452371,0.199708,0.354979,-0.252897,0.000076,-0.000056
0.067363,-0.010753,0.730935,0.035537,-0.010213,0.147420,0.988383,0.080600,-0.200864,-0.058077,0.570377,-0.519907,0.229677,-0.737375,-0.305408,-0.098668,0.991069,0.130662,0.150951,-0.314048,0.000000,0.000000,-0.714180,-0.008299,-0.026682,-0.053538,0.315127,0.000017,0.000018,0.970235,-0.456944,0.199845,0.356315,-0.249751,0.000043,-0.000025
0.062079,-0.009340,0.735606,0.030609,-0.012004,0.148556,0.988357,0.078433,-0.190362,-0.058576,0.558884,-0.496665,0.219446,-0.731206,-0.288258,-0.080595,0.957463,0.196490,0.175001,-0.322896,0.000000,0.000000,-0.702853,-0.009350,-0.025348,-0.031255,0.326281,0.000012,0.000013,0.998761,-0.465833,0.209910,0.355480,-0.246996,0.000035,-0.000015
0.057659,-0.007883,0.740495,0.025855,-0.013612,0.148075,0.988544,0.082309,-0.178642,-0.055567,0.535447,-0.467844,0.211785,-0.715526,-0.267073,-0.062928,0.912390,0.245559,0.192692,-0.329962,0.000000,0.000000,-0.692150,-0.007346,-0.026393,-0.005473,0.340067,0.000014,0.000012,1.024575,-0.482618,0.224920,0.348887,-0.245871,0.000036,-0.000011
0.053856,-0.006418,0.744890,0.020874,-0.014934,0.146613,0.988861,0.086503,-0.166465,-0.050370,0.511646,-0.439486,0.206087,-0.693428,-0.242423,-0.044338,0.860884,0.276222,0.202854,-0.335518,0.000000,0.000000,-0.681162,-0.008310,-0.025970,0.020861,0.349655,0.000015,0.000011,1.048917,-0.502095,0.239322,0.337017,-0.243370,0.000034,-0.000008
0.050404,-0.005314,0.748293,0.015552,-0.015727,0.145113,0.989168,0.088016,-0.154426,-0.045236,0.492592,-0.416517,0.203855,-0.666286,-0.217718,-0.027522,0.806548,0.281809,0.206228,-0.339905,0.000000,0.000000,-0.671680,-0.013812,-0.025029,0.048621,0.352979,0.000014,0.000010,1.071155,-0.522086,0.252639,0.322803,-0.240121,0.000033,-0.000004
0.047058,-0.004746,0.750478,0.010953,-0.016316,0.144556,0.989301,0.087082,-0.145119,-0.042886,0.481046,-0.401100,0.204393,-0.630022,-0.199566,-0.019738,0.746185,0.254996,0.201418,-0.343211,0.000000,0.000000,-0.664809,-0.024019,-0.022987,0.082819,0.351249,0.000016,0.000010,1.090794,-0.542626,0.264808,0.307499,-0.238612,0.000035,-0.000001
0.043563,-0.004668,0.751498,0.007896,-0.017562,0.145326,0.989196,0.085487,-0.140188,-0.044560,0.476660,-0.392754,0.205436,-0.586493,-0.191027,-0.023557,0.682474,0.211156,0.192423,-0.346353,0.000000,0.000000,-0.660219,-0.037406,-0.018467,0.128460,0.345972,0.000017,0.000011,1.108809,-0.565576,0.276645,0.289404,-0.235701,0.000037,0.000008
0.039486,-0.004905,0.751453,0.006869,-0.019589,0.147607,0.988828,0.082027,-0.140860,-0.050365,0.481567,-0.391834,0.204082,-0.542917,-0.194029,-0.043505,0.622141,0.164517,0.175994,-0.348763,0.000000,0.000000,-0.659829,-0.050064,-0.012811,0.186446,0.339472,0.000015,0.000015,1.125172,-0.597781,0.285547,0.268250,-0.235772,0.000037,0.000017
0.034491,-0.005176,0.750479,0.007512,-0.021965,0.150534,0.988332,0.074107,-0.146811,-0.058113,0.496990,-0.398945,0.202004,-0.508692,-0.202252,-0.066852,0.572623,0.129636,0.152685,-0.350565,0.000000,0.000000,-0.661990,-0.063737,-0.004787,0.255658,0.326664,0.000012,0.000020,1.139410,-0.632096,0.281126,0.244060,-0.229488,0.000037,0.000025
0.027738,-0.005170,0.748321,0.009375,-0.024431,0.153131,0.987859,0.058509,-0.157585,-0.065426,0.528977,-0.416571,0.200846,-0.486105,-0.211539,-0.083828,0.535701,0.106971,0.129944,-0.351870,0.000000,0.000000,-0.666716,-0.079478,0.008585,0.336174,0.303857,0.000009,0.000027,1.149697,-0.671212,0.262365,0.216183,-0.218869,0.000041,0.000034
0.019180,-0.004769,0.745391,0.011328,-0.026641,0.154116,0.987629,0.031107,-0.170745,-0.067958,0.578918,-0.437735,0.197844,-0.479928,-0.219289,-0.090284,0.513872,0.102288,0.116513,-0.352261,0.000000,0.000000,-0.672161,-0.090915,0.021287,0.433733,0.278805,0.000009,0.000033,1.154195,-0.722446,0.231249,0.181468,-0.209382,0.000045,0.000042
0.008647,-0.004108,0.742179,0.012001,-0.029465,0.152038,0.987862,-0.002241,-0.181098,-0.062444,0.635486,-0.455260,0.193771,-0.486603,-0.221298,-0.085603,0.503119,0.117212,0.115135,-0.351657,0.000000,0.000000,-0.674895,-0.092314,0.027735,0.547772,0.257112,0.000030,0.000069,1.149801,-0.790873,0.189930,0.137178,-0.206004,0.000080,0.000079
-0.003072,-0.003036,0.739069,0.011933,-0.031872,0.145774,0.988732,-0.033069,-0.188007,-0.047358,0.678854,-0.467063,0.192662,-0.504914,-0.217439,-0.067498,0.500015,0.149478,0.128191,-0.350338,0.000000,0.000000,-0.671026,-0.082073,0.028525,0.671173,0.238533,0.000041,0.000068,1.127985,-0.884008,0.140716,0.086093,-0.215812,0.000082,0.000081
-0.015110,-0.001694,0.736564,0.011686,-0.033650,0.136558,0.989991,-0.059367,-0.191260,-0.025501,0.706144,-0.474137,0.194215,-0.534321,-0.208121,-0.034730,0.505697,0.202834,0.164722,-0.348760,0.000000,0.000000,-0.656566,-0.060509,0.022041,0.787535,0.228273,0.000040,0.000054,1.086001,-0.988435,0.083479,0.035979,-0.239592,0.000072,0.000068
-0.027098,-0.000527,0.734653,0.011532,-0.034392,0.126480,0.991306,-0.081841,-0.192802,-0.001938,0.718210,-0.476688,0.200359,-0.572183,-0.194716,0.012758,0.518976,0.265977,0.222711,-0.346930,0.000000,0.000000,-0.628872,-0.023433,0.004060,0.885673,0.236755,0.000047,0.000056,1.019613,-1.093171,0.023713,-0.008332,-0.271657,0.000073,0.000068
-0.038109,0.000633,0.733526,0.013037,-0.034152,0.114910,0.992703,-0.102869,-0.195116,0.024794,0.721919,-0.474435,0.208289,-0.616302,-0.191825,0.032249,0.545969,0.327369,0.258163,-0.343129,0.000000,0.000000,-0.584623,0.011813,-0.014222,0.960201,0.238662,0.000036,0.000042,0.929384,-1.179188,-0.035870,-0.045505,-0.290733,0.000060,0.000047
-0.047707,0.001900,0.733354,0.015663,-0.033111,0.103153,0.993991,-0.125040,-0.197329,0.051382,0.725421,-0.467182,0.210634,-0.666883,-0.208433,0.007636,0.630062,0.335575,0.261671,-0.339252,0.000000,0.000000,-0.524969,0.040677,-0.029163,1.012000,0.229636,0.000028,0.000034,0.820898,-1.237076,-0.091843,-0.076471,-0.293540,0.000052,0.000034
-0.055531,0.002891,0.733976,0.016157,-0.032066,0.095588,0.994773,-0.143470,-0.195564,0.067905,0.728053,-0.458329,0.207668,-0.715205,-0.210020,0.019792,0.769019,0.255319,0.261500,-0.341166,0.000000,0.000000,-0.451891,0.066038,-0.047835,1.039361,0.219055,0.000038,0.000044,0.698496,-1.266545,-0.133121,-0.102881,-0.282789,0.000063,0.000043
-0.062288,0.004127,0.735878,0.016097,-0.030110,0.091010,0.995265,-0.157944,-0.193409,0.077515,0.723812,-0.447219,0.202975,-0.753802,-0.203267,0.042410,0.919771,0.167704,0.252789,-0.342920,0.000000,0.000000,-0.374321,0.084464,-0.068831,1.051589,0.204854,0.000064,0.000073,0.569424,-1.275669,-0.159773,-0.126683,-0.265595,0.000085,0.000072
-0.068342,0.005447,0.739015,0.014872,-0.027008,0.086835,0.995746,-0.169009,-0.188289,0.084663,0.709377,-0.432333,0.197818,-0.776527,-0.197593,0.046852,1.056953,0.089062,0.215964,-0.341368,0.000000,0.000000,-0.296964,0.105106,-0.097305,1.057866,0.196150,0.000057,0.000068,0.433881,-1.272557,-0.170328,-0.148726,-0.253988,0.000080,0.000064
-0.073681,0.006885,0.742813,0.012111,-0.022483,0.082362,0.996275,-0.180473,-0.179315,0.090569,0.690591,-0.414143,0.189933,-0.784033,-0.195551,0.035774,1.174336,0.038280,0.175103,-0.337421,0.000000,0.000000,-0.220646,0.129598,-0.133597,1.055202,0.194101,0.000051,0.000067,0.292001,-1.265105,-0.164284,-0.171997,-0.245359,0.000076,0.000058
-0.077999,0.008172,0.747033,0.007516,-0.016747,0.078797,0.996722,-0.190157,-0.166350,0.095199,0.666083,-0.393749,0.187260,-0.776732,-0.197955,0.016685,1.271781,0.027762,0.158673,-0.330888,0.000000,0.000000,-0.138464,0.146149,-0.167717,1.039181,0.176320,0.000053,0.000060,0.154153,-1.249407,-0.147008,-0.194972,-0.233743,0.000075,0.000056
-0.081615,0.008809,0.750973,0.001825,-0.010800,0.076568,0.997004,-0.199356,-0.152410,0.095128,0.642402,-0.372812,0.182979,-0.754145,-0.197941,-0.002414,1.333222,0.078927,0.184376,-0.317715,0.000000,0.000000,-0.055582,0.170548,-0.210286,1.004391,0.167926,0.000054,0.000053,0.026866,-1.223585,-0.122172,-0.210993,-0.222493,0.000074,0.000052
-0.084502,0.009036,0.754379,-0.002848,-0.005549,0.074729,0.997184,-0.206091,-0.140641,0.094696,0.620392,-0.353444,0.176501,-0.714765,-0.192692,-0.021550,1.375331,0.121880,0.191451,-0.298546,0.000000,0.000000,0.027936,0.200747,-0.251527,0.953751,0.160300,0.000056,0.000050,-0.093277,-1.191186,-0.091996,-0.223178,-0.210757,0.000071,0.000048
-0.086868,0.008810,0.757053,-0.006220,-0.000904,0.073253,0.997294,-0.213272,-0.130997,0.094790,0.603546,-0.335976,0.167435,-0.658824,-0.192191,-0.047168,1.391862,0.116206,0.193637,-0.273321,0.000000,0.000000,0.109505,0.237183,-0.293136,0.888519,0.155115,0.000057,0.000048,-0.200428,-1.154905,-0.061457,-0.228994,-0.200992,0.000068,0.000045
-0.088844,0.008013,0.758693,-0.008811,0.002697,0.071531,0.997396,-0.218643,-0.122946,0.095155,0.590641,-0.325630,0.158198,-0.590805,-0.194151,-0.079300,1.392131,0.074455,0.178006,-0.242989,0.000000,0.000000,0.189930,0.282756,-0.337132,0.813800,0.152531,0.000059,0.000044,-0.292253,-1.117952,-0.034728,-0.223715,-0.203415,0.000067,0.000046
-0.090639,0.006977,0.759278,-0.008432,0.006778,0.068813,0.997571,-0.227015,-0.120330,0.099261,0.583885,-0.321652,0.150065,-0.517988,-0.202038,-0.114836,1.372387,0.017699,0.147011,-0.209313,0.000000,0.000000,0.265356,0.335995,-0.377469,0.725732,0.149377,0.000060,0.000039,-0.375634,-1.075226,-0.011780,-0.214575,-0.215009,0.000067,0.000050
-0.092491,0.005440,0.758720,-0.007359,0.010243,0.066569,0.997702,-0.239491,-0.119606,0.103139,0.587094,-0.321597,0.142482,-0.437516,-0.213839,-0.160539,1.329984,-0.051948,0.112916,-0.172329,0.000000,0.000000,0.335688,0.399385,-0.410430,0.632185,0.147478,0.000061,0.000034,-0.445944,-1.022629,-0.001935,-0.199948,-0.229841,0.000067,0.000052
-0.094423,0.003726,0.757322,-0.006202,0.013827,0.064741,0.997787,-0.258463,-0.118807,0.106063,0.602228,-0.326943,0.136062,-0.351115,-0.220249,-0.210248,1.262161,-0.125379,0.102457,-0.134809,0.000000,0.000000,0.402675,0.469497,-0.433531,0.538106,0.144773,0.000065,0.000029,-0.503917,-0.962506,-0.003264,-0.187244,-0.239578,0.000067,0.000054
-0.096431,0.002060,0.755093,-0.005185,0.017008,0.064288,0.997773,-0.283843,-0.117528,0.106392,0.633375,-0.339993,0.131478,-0.258419,-0.220036,-0.263932,1.164000,-0.175232,0.100744,-0.096957,0.000000,0.000000,0.466892,0.541508,-0.446501,0.445371,0.141726,0.000068,0.000023,-0.550791,-0.900181,-0.013134,-0.176929,-0.240273,0.000065,0.000054
-0.098923,0.000244,0.752461,-0.004643,0.019827,0.065080,0.997672,-0.313541,-0.115654,0.103761,0.674113,-0.354414,0.125808,-0.159471,-0.212148,-0.323754,1.036140,-0.237785,0.118197,-0.058724,0.000000,0.000000,0.527062,0.613938,-0.448549,0.351104,0.139438,0.000070,0.000010,-0.590695,-0.831099,-0.031666,-0.168132,-0.230544,0.000062,0.000052
-0.101775,-0.001786,0.749529,-0.004876,0.022525,0.066696,0.997507,-0.346102,-0.112833,0.099098,0.718599,-0.367599,0.120819,-0.059504,-0.196415,-0.389265,0.882235,-0.319656,0.165635,-0.020600,0.000000,0.000000,0.582762,0.686850,-0.439930,0.257063,0.139018,0.000072,-0.000007,-0.623131,-0.764054,-0.055851,-0.157826,-0.220552,0.000060,0.000051
-0.105393,-0.003960,0.746165,-0.006308,0.024441,0.067336,0.997411,-0.380163,-0.106555,0.094807,0.766069,-0.380045,0.115857,0.022657,-0.170354,-0.445984,0.726408,-0.371136,0.172068,0.016441,0.000000,0.000000,0.635203,0.757856,-0.420279,0.162003,0.138060,0.000073,-0.000029,-0.651201,-0.697048,-0.079850,-0.146007,-0.210202,0.000056,0.000048
-0.109769,-0.005993,0.743049,-0.008677,0.026537,0.065473,0.997464,-0.412025,-0.096913,0.093115,0.806919,-0.390364,0.111221,0.082216,-0.142799,-0.488232,0.598145,-0.412359,0.169189,0.052977,0.000000,0.000000,0.680844,0.826244,-0.393082,0.067341,0.134349,0.000075,-0.000052,-0.675607,-0.630080,-0.102278,-0.128837,-0.205164,0.000053,0.000045
-0.114750,-0.007602,0.740721,-0.011254,0.028754,0.059754,0.997735,-0.438959,-0.084190,0.096215,0.836490,-0.397217,0.107253,0.113663,-0.120222,-0.509588,0.512108,-0.442190,0.161262,0.088832,0.000000,0.000000,0.718878,0.886109,-0.352817,-0.024672,0.142422,0.000075,-0.000063,-0.698517,-0.555794,-0.122435,-0.105649,-0.197057,0.000051,0.000036
-0.119933,-0.008689,0.739673,-0.013976,0.030132,0.049930,0.998200,-0.457879,-0.067791,0.104176,0.852644,-0.398480,0.103641,0.125346,-0.102624,-0.511763,0.459020,-0.457438,0.151453,0.123042,0.000000,0.000000,0.750190,0.925861,-0.302024,-0.104851,0.150464,0.000075,-0.000067,-0.717974,-0.472040,-0.129578,-0.074813,-0.175580,0.000045,0.000026
-0.124775,-0.009494,0.740056,-0.017196,0.030660,0.037769,0.998668,-0.469081,-0.047697,0.115335,0.856332,-0.391136,0.098982,0.128414,-0.087319,-0.500063,0.423038,-0.459407,0.145383,0.153946,0.000000,0.000000,0.774015,0.944943,-0.244633,-0.173380,0.159207,0.000075,-0.000068,-0.725773,-0.390153,-0.135560,-0.027712,-0.164750,0.000046,0.000011
-0.129089,-0.009887,0.742338,-0.020269,0.031467,0.025281,0.998979,-0.474166,-0.027929,0.127765,0.845286,-0.368443,0.089355,0.124959,-0.076754,-0.480350,0.398757,-0.446788,0.149403,0.179935,0.000000,0.000000,0.776764,0.941811,-0.182125,-0.237051,0.178190,0.000076,-0.000062,-0.722824,-0.306544,-0.132650,0.033877,-0.136448,0.000047,0.000004
-0.132523,-0.010707,0.746310,-0.021910,0.031027,0.013992,0.999180,-0.470379,-0.011738,0.140338,0.821581,-0.329944,0.071606,0.120673,-0.072128,-0.458221,0.382338,-0.424192,0.156759,0.202190,0.000000,0.000000,0.765066,0.933737,-0.130545,-0.305730,0.203079,0.000075,-0.000059,-0.703299,-0.221663,-0.127903,0.110413,-0.108098,0.000045,-0.000002
-0.135478,-0.011551,0.750693,-0.021144,0.030794,0.003266,0.999297,-0.468915,-0.002114,0.146620,0.800977,-0.281866,0.047374,0.114312,-0.073413,-0.436406,0.370739,-0.398427,0.161298,0.219720,0.000000,0.000000,0.737884,0.907967,-0.089068,-0.378968,0.213274,0.000075,-0.000050,-0.668086,-0.146721,-0.119139,0.200319,-0.088548,0.000046,-0.000001
-0.138276,-0.012175,0.755136,-0.018537,0.031312,-0.006027,0.999320,-0.473413,-0.004692,0.132627,0.788002,-0.227496,0.024072,0.105425,-0.079600,-0.417717,0.364099,-0.370888,0.168671,0.232609,0.000000,0.000000,0.691895,0.875681,-0.063984,-0.446201,0.220619,0.000074,-0.000039,-0.622443,-0.086871,-0.107856,0.300469,-0.083969,0.000050,-0.000001
-0.140901,-0.012556,0.759156,-0.014905,0.031636,-0.013103,0.999302,-0.481804,-0.023964,0.087155,0.784536,-0.173106,-0.000116,0.096166,-0.088444,-0.402656,0.362016,-0.345344,0.171866,0.241466,0.000000,0.000000,0.626197,0.841122,-0.054659,-0.508613,0.231333,0.000054,-0.000011,-0.568360,-0.038404,-0.094788,0.405520,-0.087284,0.000031,-0.000002
-0.143117,-0.012848,0.762486,-0.011225,0.033042,-0.017951,0.999230,-0.492101,-0.056832,0.012356,0.789516,-0.132682,-0.035215,0.084375,-0.097378,-0.391165,0.363196,-0.323532,0.170733,0.246038,0.000000,0.000000,0.539709,0.800399,-0.067883,-0.557804,0.235490,0.000053,-0.000007,-0.509326,0.002095,-0.083358,0.510312,-0.087670,0.000035,-0.000006
-0.144934,-0.012757,0.764877,-0.007095,0.033830,-0.021200,0.999178,-0.497343,-0.092295,-0.067096,0.800054,-0.105251,-0.071401,0.074632,-0.107722,-0.382153,0.365999,-0.307936,0.168901,0.246689,0.000000,0.000000,0.442730,0.756388,-0.101102,-0.590698,0.231341,0.000048,-0.000002,-0.444754,0.030291,-0.067737,0.618317,-0.094654,0.000037,-0.000005
-0.146279,-0.012286,0.766357,-0.003102,0.034303,-0.023649,0.999127,-0.498846,-0.111922,-0.123593,0.815327,-0.090712,-0.090607,0.065445,-0.118327,-0.373562,0.371448,-0.299504,0.166778,0.243747,0.000000,0.000000,0.334122,0.704758,-0.148761,-0.611624,0.219091,0.000037,0.000002,-0.377429,0.042524,-0.049128,0.728230,-0.119011,0.000040,-0.000004
-0.147141,-0.011256,0.766885,0.000304,0.034600,-0.025350,0.999080,-0.497387,-0.110549,-0.144167,0.835837,-0.098986,-0.060136,0.056505,-0.128455,-0.365682,0.380678,-0.297812,0.162710,0.239510,0.000000,0.000000,0.222626,0.645371,-0.209138,-0.616750,0.200307,0.000035,0.000003,-0.306542,0.032962,-0.026566,0.833607,-0.164850,0.000057,-0.000008
-0.147587,-0.009599,0.766571,0.003676,0.033913,-0.026626,0.999063,-0.490003,-0.102095,-0.148669,0.855790,-0.128289,-0.009934,0.051329,-0.139320,-0.357454,0.391863,-0.301896,0.160979,0.235344,0.000000,0.000000,0.116112,0.577330,-0.275936,-0.604253,0.179363,0.000029,0.000006,-0.227525,0.011506,-0.015757,0.922774,-0.204853,0.000065,-0.000013
-0.148209,-0.008103,0.764880,0.005830,0.031460,-0.029017,0.999067,-0.474689,-0.089630,-0.150399,0.871042,-0.146881,0.014281,0.049110,-0.148766,-0.345348,0.410863,-0.320340,0.159195,0.229280,0.000000,0.000000,0.017040,0.509059,-0.345323,-0.575437,0.158170,0.000011,0.000004,-0.146680,-0.019725,-0.007002,0.993818,-0.242161,0.000036,-0.000004
-0.149106,-0.006175,0.761520,0.007333,0.028060,-0.032179,0.999061,-0.456021,-0.078482,-0.155532,0.885417,-0.147185,0.024614,0.050334,-0.154938,-0.334264,0.429511,-0.350344,0.146703,0.220316,0.000000,0.000000,-0.075846,0.455050,-0.427801,-0.528431,0.141016,0.000008,-0.000002,-0.064105,-0.061146,-0.006408,1.044639,-0.271100,0.000040,0.000001
-0.149522,-0.003219,0.756641,0.008408,0.023728,-0.033912,0.999108,-0.436464,-0.077231,-0.175354,0.902231,-0.174796,-0.015872,0.057197,-0.159264,-0.325514,0.445406,-0.386040,0.138465,0.206404,0.000000,0.000000,-0.148122,0.393582,-0.515364,-0.465951,0.123563,0.000013,-0.000006,0.018439,-0.116738,-0.022162,1.077074,-0.287998,0.000073,0.000010
-0.149717,0.000776,0.751103,0.007177,0.018687,-0.032646,0.999266,-0.415690,-0.080213,-0.203108,0.910771,-0.230007,-0.053276,0.071917,-0.159371,-0.323536,0.454326,-0.421424,0.139415,0.184700,0.000000,0.000000,-0.202381,0.320536,-0.594348,-0.382461,0.108088,0.000016,-0.000001,0.101018,-0.194243,-0.041971,1.084142,-0.305694,0.000096,0.000018
-0.149816,0.005591,0.745366,0.003696,0.013552,-0.027659,0.999519,-0.401553,-0.080055,-0.218717,0.919104,-0.287638,-0.067736,0.090460,-0.157438,-0.328744,0.461411,-0.454115,0.147458,0.152627,0.000000,0.000000,-0.249505,0.257223,-0.670565,-0.270930,0.111258,0.000016,0.000001,0.185264,-0.297383,-0.054662,1.063421,-0.333164,0.000097,0.000024
-0.150138,0.010946,0.739912,-0.000830,0.009444,-0.019071,0.999773,-0.398276,-0.079847,-0.219249,0.934883,-0.335602,-0.048441,0.100676,-0.157080,-0.335781,0.481472,-0.482995,0.160012,0.110842,0.000000,0.000000,-0.282673,0.187330,-0.749732,-0.127257,0.093150,0.000017,-0.000009,0.264568,-0.420398,-0.076995,0.998227,-0.355127,0.000087,0.000027
-0.150290,0.016030,0.735667,-0.005075,0.006242,-0.012499,0.999890,-0.401029,-0.079209,-0.210764,0.953456,-0.367602,-0.025037,0.097574,-0.159359,-0.333714,0.517817,-0.503437,0.170485,0.059311,0.000000,0.000000,-0.301044,0.119728,-0.807910,0.043616,0.080531,0.000016,-0.000012,0.336042,-0.552091,-0.113523,0.912860,-0.363048,0.000077,0.000033
-0.149945,0.020625,0.733042,-0.007889,0.004103,-0.008743,0.999922,-0.403656,-0.076703,-0.194217,0.965007,-0.382091,-0.011512,0.081088,-0.165717,-0.320600,0.568806,-0.510939,0.179730,0.000799,0.000000,0.000000,-0.313392,0.063107,-0.860745,0.241505,0.065992,0.000021,-0.000023,0.385346,-0.675714,-0.182585,0.815827,-0.344160,0.000070,0.000034
-0.148757,0.025055,0.732166,-0.007789,0.001983,-0.007160,0.999942,-0.398371,-0.077826,-0.177034,0.963565,-0.386163,-0.008671,0.051558,-0.178523,-0.296412,0.638646,-0.500775,0.182781,-0.058435,0.000000,0.000000,-0.302338,-0.001840,-0.889267,0.451454,0.036066,0.000033,-0.000035,0.403859,-0.780522,-0.285553,0.723408,-0.302683,0.000071,0.000033
-0.147282,0.029714,0.732680,-0.004463,0.000275,-0.009209,0.999948,-0.386404,-0.084074,-0.156622,0.950360,-0.383647,-0.005944,0.004368,-0.197732,-0.259525,0.728088,-0.473404,0.177867,-0.113585,0.000000,0.000000,-0.294241,-0.058517,-0.904775,0.652523,0.022421,0.000047,-0.000054,0.383170,-0.872737,-0.403176,0.639267,-0.265297,0.000080,0.000026
-0.145777,0.033929,0.735012,0.000638,-0.000076,-0.017560,0.999846,-0.367984,-0.091510,-0.132091,0.920665,-0.372411,-0.000407,-0.064617,-0.217848,-0.205761,0.833458,-0.420811,0.173006,-0.161806,0.000000,0.000000,-0.293756,-0.104167,-0.916898,0.820387,0.037787,0.000064,-0.000085,0.313048,-0.955050,-0.501755,0.555822,-0.257293,0.000087,0.000029
-0.145523,0.038074,0.738643,0.006298,-0.001192,-0.033205,0.999428,-0.339934,-0.094153,-0.099775,0.878242,-0.358916,0.002394,-0.142510,-0.235150,-0.140880,0.939106,-0.348693,0.175481,-0.203056,0.000000,0.000000,-0.313161,-0.122947,-0.929187,0.959452,0.094752,0.000060,-0.000080,0.189509,-1.022031,-0.568656,0.467173,-0.268006,0.000081,0.000008
-0.145677,0.042423,0.743052,0.011576,-0.004298,-0.053770,0.998477,-0.302553,-0.093923,-0.063443,0.826958,-0.342782,0.001008,-0.215873,-0.246246,-0.072171,1.028534,-0.266965,0.183172,-0.235820,0.000000,0.000000,-0.327574,-0.140119,-0.928241,1.073715,0.146460,0.000062,-0.000079,0.026781,-1.061188,-0.598565,0.368990,-0.276608,0.000080,-0.000014
-0.145117,0.046924,0.747288,0.014463,-0.008788,-0.075359,0.997013,-0.263685,-0.088974,-0.028410,0.777965,-0.329479,-0.001294,-0.279552,-0.245490,-0.007261,1.097162,-0.185917,0.199565,-0.259154,0.000000,0.000000,-0.329210,-0.165951,-0.902026,1.177584,0.169184,0.000045,-0.000060,-0.146665,-1.076670,-0.594594,0.272902,-0.284681,0.000064,-0.000012
-0.143814,0.051155,0.751350,0.017352,-0.013256,-0.100414,0.994706,-0.223877,-0.082297,0.012630,0.728194,-0.317609,-0.002936,-0.332826,-0.240091,0.054033,1.139700,-0.118727,0.226724,-0.275741,0.000000,0.000000,-0.334885,-0.193715,-0.860557,1.269074,0.175818,0.000077,-0.000085,-0.319369,-1.069522,-0.572542,0.164711,-0.288243,0.000085,-0.000028
-0.142070,0.054787,0.755105,0.018669,-0.016397,-0.125516,0.991780,-0.188205,-0.074307,0.051802,0.682024,-0.306337,-0.004561,-0.376189,-0.236876,0.094350,1.148190,-0.082075,0.251514,-0.283303,0.000000,0.000000,-0.352753,-0.215530,-0.825481,1.348214,0.183028,0.000073,-0.000076,-0.480222,-1.035350,-0.540364,0.055938,-0.280038,0.000075,-0.000024
-0.139956,0.058049,0.758433,0.018433,-0.019017,-0.149836,0.988356,-0.157425,-0.064697,0.088893,0.642955,-0.295979,-0.007637,-0.414477,-0.237911,0.113710,1.134957,-0.060428,0.260502,-0.283430,0.000000,0.000000,-0.380779,-0.234987,-0.804743,1.411475,0.200486,0.000079,-0.000080,-0.622311,-0.974386,-0.503187,-0.047909,-0.255603,0.000077,-0.000026
-0.137565,0.060863,0.761410,0.016409,-0.020796,-0.173415,0.984493,-0.130488,-0.052030,0.124587,0.609966,-0.287352,-0.012311,-0.445204,-0.240874,0.115511,1.096527,-0.032031,0.261557,-0.278657,0.000000,0.000000,-0.422333,-0.250765,-0.795597,1.456706,0.226383,0.000080,-0.000078,-0.736854,-0.896299,-0.462594,-0.146913,-0.223923,0.000075,-0.000021
-0.134934,0.063348,0.764127,0.013050,-0.021785,-0.195680,0.980339,-0.105938,-0.036615,0.158880,0.581903,-0.281398,-0.016439,-0.463325,-0.246993,0.099337,1.028321,0.008025,0.261718,-0.270364,0.000000,0.000000,-0.473193,-0.264669,-0.783070,1.480489,0.246049,0.000083,-0.000080,-0.824048,-0.811704,-0.422064,-0.240230,-0.198442,0.000076,-0.000018
-0.132206,0.065318,0.766300,0.008043,-0.022847,-0.216492,0.975984,-0.081814,-0.017888,0.191762,0.559525,-0.280829,-0.017572,-0.469723,-0.258997,0.064285,0.939807,0.052199,0.261747,-0.259136,0.000000,0.000000,-0.529585,-0.277342,-0.763467,1.486475,0.256618,0.000085,-0.000080,-0.887105,-0.727657,-0.381062,-0.325676,-0.187761,0.000075,-0.000011
-0.129747,0.066504,0.767411,0.000670,-0.022837,-0.236533,0.971355,-0.062069,0.006449,0.222824,0.546763,-0.288094,-0.016651,-0.464925,-0.279672,-0.005116,0.840285,0.086312,0.261736,-0.244701,0.000000,0.000000,-0.589454,-0.283655,-0.732894,1.475749,0.254900,0.000083,-0.000075,-0.919909,-0.644297,-0.352426,-0.398223,-0.194474,0.000069,-0.000006
-0.127884,0.066805,0.767206,-0.009306,-0.022382,-0.255281,0.966563,-0.045024,0.037083,0.250632,0.543288,-0.305701,-0.011846,-0.449887,-0.302230,-0.106940,0.742600,0.130832,0.261712,-0.227732,0.000000,0.000000,-0.649149,-0.284505,-0.696456,1.451613,0.246305,0.000080,-0.000065,-0.926201,-0.559861,-0.339177,-0.458410,-0.209327,0.000056,-0.000010
-0.126335,0.066840,0.765160,-0.021696,-0.022158,-0.271746,0.961869,-0.034065,0.072867,0.269836,0.557323,-0.337662,-0.005709,-0.425896,-0.318131,-0.225418,0.662198,0.177095,0.261517,-0.209279,0.000000,0.000000,-0.710039,-0.282988,-0.661273,1.412613,0.238721,0.000067,-0.000038,-0.905121,-0.469191,-0.335736,-0.498824,-0.218612,0.000033,-0.000010
-0.125232,0.066684,0.760964,-0.035936,-0.021828,-0.286063,0.957288,-0.034343,0.112973,0.277844,0.598271,-0.382423,-0.002331,-0.401114,-0.319360,-0.333273,0.615682,0.195523,0.261599,-0.192764,0.000000,0.000000,-0.776499,-0.275635,-0.633708,1.357034,0.240505,0.000081,-0.000035,-0.869895,-0.374684,-0.331200,-0.519455,-0.215231,0.000042,-0.000017
-0.124740,0.066218,0.754791,-0.051798,-0.022094,-0.296981,0.953221,-0.041989,0.153675,0.273847,0.657293,-0.433854,0.001665,-0.386711,-0.303158,-0.398734,0.612947,0.187466,0.253742,-0.180251,0.000000,0.000000,-0.849088,-0.268435,-0.616645,1.289022,0.251845,0.000086,-0.000035,-0.827491,-0.279929,-0.321059,-0.513404,-0.200796,0.000042,-0.000012
-0.124896,0.064698,0.747355,-0.067924,-0.022355,-0.306792,0.949087,-0.051379,0.194401,0.262373,0.722400,-0.488736,-0.000536,-0.381742,-0.274043,-0.445903,0.636610,0.151699,0.173216,-0.165411,0.000000,0.000000,-0.918142,-0.252256,-0.581501,1.206830,0.257009,0.000072,-0.000001,-0.773322,-0.183141,-0.324880,-0.470542,-0.194904,0.000019,-0.000004
-0.125221,0.063022,0.739906,-0.083104,-0.022569,-0.317491,0.944343,-0.059185,0.234897,0.252687,0.785655,-0.542641,-0.008840,-0.378149,-0.241114,-0.475937,0.666182,0.095252,0.126985,-0.151598,0.000000,0.000000,-0.989993,-0.223504,-0.552545,1.117769,0.283077,0.000065,0.000018,-0.713468,-0.084871,-0.339855,-0.408260,-0.204382,0.000015,-0.000007
-0.125414,0.061399,0.733182,-0.097062,-0.023156,-0.326513,0.939911,-0.065161,0.274274,0.243154,0.844768,-0.589510,-0.020892,-0.374559,-0.205162,-0.482566,0.690681,0.046518,0.120346,-0.139833,0.000000,0.000000,-1.046075,-0.208107,-0.509131,1.014477,0.295087,0.000097,0.000042,-0.650153,0.010040,-0.358534,-0.320515,-0.221442,0.000025,-0.000017
-0.125300,0.059734,0.727466,-0.109848,-0.023581,-0.333125,0.936165,-0.072955,0.311611,0.232935,0.899813,-0.622496,-0.032022,-0.371347,-0.168398,-0.475574,0.708851,0.007819,0.133226,-0.129316,0.000000,0.000000,-1.092038,-0.197182,-0.462613,0.904652,0.312093,0.000089,0.000057,-0.589490,0.095284,-0.376334,-0.209453,-0.228958,0.000021,-0.000021
-0.124707,0.057580,0.722930,-0.122396,-0.024361,-0.339002,0.932472,-0.077581,0.349094,0.225473,0.946481,-0.643993,-0.041705,-0.367189,-0.130039,-0.463531,0.722385,-0.020800,0.141898,-0.120694,0.000000,0.000000,-1.116671,-0.168357,-0.411337,0.792946,0.323327,0.000098,0.000081,-0.521235,0.154462,-0.410955,-0.086320,-0.211505,0.000018,-0.000027
-0.124313,0.055791,0.720051,-0.132891,-0.024065,-0.344988,0.928840,-0.080080,0.382382,0.222365,0.977728,-0.657076,-0.050210,-0.364710,-0.095354,-0.454988,0.728951,-0.033543,0.141369,-0.117383,0.000000,0.000000,-1.144995,-0.207361,-0.387069,0.682180,0.317237,0.000062,0.000065,-0.484337,0.231218,-0.387741,0.089949,-0.186189,0.000023,-0.000023
-0.123844,0.054237,0.718600,-0.140975,-0.022819,-0.349810,0.925871,-0.081067,0.408214,0.220764,0.994615,-0.664669,-0.055547,-0.363332,-0.068163,-0.450695,0.730645,-0.037027,0.142579,-0.117795,0.000000,0.000000,-1.151351,-0.228466,-0.372090,0.586683,0.304630,0.000043,0.000058,-0.454831,0.270750,-0.384803,0.253870,-0.177218,0.000015,-0.000019
-0.123437,0.053223,0.718384,-0.146465,-0.020986,-0.352376,0.924088,-0.081298,0.424465,0.219188,0.998963,-0.667596,-0.055190,-0.362051,-0.050222,-0.449499,0.728250,-0.034913,0.148700,-0.119847,0.000000,0.000000,-1.159949,-0.236494,-0.360056,0.512725,0.303188,0.000028,0.000054,-0.423716,0.281488,-0.381139,0.400947,-0.180861,0.000020,-0.000025
-0.122812,0.052728,0.719205,-0.148944,-0.019518,-0.352855,0.923541,-0.079237,0.428729,0.216663,0.992055,-0.667272,-0.052417,-0.358484,-0.042252,-0.451319,0.721086,-0.030214,0.152583,-0.122362,0.000000,0.000000,-1.161621,-0.242955,-0.354876,0.465952,0.301356,0.000031,0.000071,-0.395459,0.276961,-0.372356,0.510333,-0.187331,0.000038,-0.000035
-0.122136,0.051819,0.722165,-0.148704,-0.017470,-0.351345,0.924196,-0.074740,0.423455,0.216993,0.968267,-0.656251,-0.047075,-0.354227,-0.042699,-0.456544,0.707393,-0.021655,0.154006,-0.123551,0.000000,0.000000,-1.151509,-0.249848,-0.363900,0.446920,0.294647,0.000019,0.000044,-0.371948,0.270432,-0.361638,0.571974,-0.185256,0.000031,-0.000021
-0.121620,0.051285,0.726663,-0.143262,-0.015172,-0.348257,0.926263,-0.069137,0.407332,0.224932,0.930956,-0.634770,-0.041626,-0.348507,-0.054318,-0.463223,0.682786,-0.010272,0.148939,-0.121969,0.000000,0.000000,-1.136032,-0.256476,-0.381006,0.448118,0.286069,0.000020,0.000047,-0.357668,0.259086,-0.359273,0.583053,-0.175404,0.000034,-0.000020
-0.121266,0.051366,0.731796,-0.134267,-0.013406,-0.344493,0.929041,-0.061385,0.385922,0.240992,0.886781,-0.609764,-0.037370,-0.341327,-0.072669,-0.468773,0.650995,0.004220,0.140615,-0.119349,0.000000,0.000000,-1.109833,-0.261920,-0.403041,0.471498,0.272802,0.000022,0.000058,-0.357906,0.234450,-0.360681,0.566325,-0.172116,0.000048,-0.000023
-0.121071,0.051995,0.737032,-0.123372,-0.012355,-0.341116,0.931808,-0.052263,0.360316,0.261536,0.839700,-0.581892,-0.034658,-0.335457,-0.095042,-0.470872,0.619141,0.022035,0.134095,-0.117700,0.000000,0.000000,-1.073129,-0.268761,-0.426083,0.510425,0.252474,0.000006,0.000022,-0.376024,0.187312,-0.357082,0.529931,-0.180205,0.000021,-0.000009
-0.120860,0.053398,0.741890,-0.110381,-0.011924,-0.338738,0.934308,-0.042279,0.329487,0.286035,0.791754,-0.554100,-0.030824,-0.332433,-0.121399,-0.467313,0.589837,0.041417,0.130502,-0.119174,0.000000,0.000000,-1.026807,-0.278274,-0.440752,0.563667,0.222878,0.000001,0.000036,-0.409480,0.124968,-0.346266,0.490248,-0.188914,0.000051,-0.000017
-0.120702,0.055670,0.745978,-0.096080,-0.011834,-0.336369,0.936741,-0.034559,0.293558,0.309944,0.746071,-0.527606,-0.024957,-0.334474,-0.151808,-0.458465,0.565718,0.060748,0.131930,-0.123309,0.000000,0.000000,-0.977021,-0.289661,-0.446081,0.629575,0.193503,-0.000000,0.000001,-0.454999,0.050837,-0.331077,0.446345,-0.198136,0.000002,-0.000001
-0.120666,0.058431,0.748874,-0.080758,-0.012764,-0.333392,0.939236,-0.029083,0.252770,0.330311,0.706288,-0.504167,-0.019256,-0.341851,-0.187735,-0.445749,0.552432,0.075968,0.134241,-0.129501,0.000000,0.000000,-0.925628,-0.297278,-0.439102,0.705665,0.172350,-0.000021,0.000060,-0.510087,-0.037552,-0.316133,0.392362,-0.208695,0.000092,-0.000033
-0.120677,0.061168,0.750440,-0.064226,-0.014775,-0.329438,0.941874,-0.026331,0.206997,0.345512,0.673455,-0.484451,-0.013091,-0.355314,-0.230040,-0.429678,0.552108,0.082878,0.136236,-0.135561,0.000000,0.000000,-0.874238,-0.305437,-0.424151,0.798738,0.150589,-0.000016,0.000074,-0.573178,-0.138020,-0.298653,0.336839,-0.216185,0.000097,-0.000028
-0.120734,0.063584,0.750700,-0.046689,-0.017463,-0.325777,0.944132,-0.024906,0.158062,0.358657,0.645990,-0.468691,-0.006267,-0.374963,-0.276018,-0.408296,0.563912,0.077795,0.137028,-0.141520,0.000000,0.000000,-0.838760,-0.324931,-0.431314,0.922000,0.140272,0.000002,0.000063,-0.640978,-0.213810,-0.269271,0.270074,-0.222972,0.000090,-0.000024
-0.120700,0.065759,0.749558,-0.027834,-0.020463,-0.322283,0.946013,-0.026417,0.105473,0.369754,0.624061,-0.457744,0.002069,-0.401760,-0.325135,-0.379751,0.585461,0.064144,0.141693,-0.146825,0.000000,0.000000,-0.805470,-0.337753,-0.435079,1.036841,0.129148,0.000016,0.000050,-0.714805,-0.297893,-0.246911,0.200499,-0.228479,0.000083,-0.000023
-0.121184,0.068080,0.747236,-0.008564,-0.022493,-0.318730,0.947540,-0.032821,0.052904,0.377567,0.609108,-0.453048,0.011617,-0.433976,-0.373557,-0.348263,0.611526,0.043471,0.145445,-0.150384,0.000000,0.000000,-0.780832,-0.348777,-0.438454,1.132586,0.122530,0.000014,0.000030,-0.797924,-0.376094,-0.219967,0.125022,-0.234151,0.000053,-0.000016
-0.122229,0.070486,0.743928,0.008813,-0.025745,-0.315668,0.948480,-0.039037,0.004184,0.383625,0.601565,-0.453593,0.022821,-0.467680,-0.418402,-0.314439,0.644319,0.020575,0.143253,-0.153143,0.000000,0.000000,-0.762295,-0.357968,-0.452580,1.222028,0.125033,0.000019,0.000026,-0.885795,-0.439601,-0.186917,0.048651,-0.231710,0.000051,-0.000018
-0.123568,0.072498,0.740488,0.024182,-0.029556,-0.312639,0.949104,-0.043884,-0.038553,0.388572,0.598110,-0.456605,0.032616,-0.499712,-0.458353,-0.282302,0.678356,-0.001759,0.136627,-0.155550,0.000000,0.000000,-0.747063,-0.364864,-0.470564,1.300266,0.132913,0.000025,0.000020,-0.976469,-0.487991,-0.151329,-0.028436,-0.221336,0.000049,-0.000021
-0.124862,0.074085,0.737074,0.036918,-0.034079,-0.310163,0.949355,-0.047331,-0.073312,0.393827,0.600190,-0.461426,0.039249,-0.528442,-0.492174,-0.252200,0.712504,-0.022992,0.130321,-0.159055,0.000000,0.000000,-0.736047,-0.365763,-0.491895,1.367388,0.148492,0.000033,0.000012,-1.063856,-0.520566,-0.113969,-0.106362,-0.206916,0.000045,-0.000024
-0.125865,0.075088,0.733991,0.046604,-0.038737,-0.307949,0.949471,-0.051317,-0.097970,0.398385,0.610357,-0.468810,0.042131,-0.551574,-0.517866,-0.226015,0.742888,-0.041012,0.127005,-0.164322,0.000000,0.000000,-0.728575,-0.363592,-0.516426,1.422931,0.169992,0.000041,0.000004,-1.136580,-0.539727,-0.077644,-0.183894,-0.192303,0.000038,-0.000023
-0.126769,0.075471,0.731508,0.052945,-0.042402,-0.305211,0.949866,-0.056746,-0.112763,0.399291,0.625560,-0.477563,0.042881,-0.568405,-0.535666,-0.207510,0.767518,-0.054020,0.126313,-0.169940,0.000000,0.000000,-0.725801,-0.359583,-0.544497,1.466214,0.197147,0.000061,-0.000019,-1.187855,-0.545876,-0.049086,-0.258312,-0.178770,0.000052,-0.000039
-0.127554,0.075396,0.730049,0.056118,-0.044506,-0.301960,0.950626,-0.063165,-0.119070,0.396024,0.640942,-0.485198,0.042256,-0.577265,-0.546519,-0.200030,0.783136,-0.060308,0.126137,-0.175069,0.000000,0.000000,-0.726381,-0.349228,-0.571520,1.494311,0.226117,0.000074,-0.000048,-1.210183,-0.542250,-0.033347,-0.327446,-0.169083,0.000057,-0.000047
-0.128409,0.074817,0.729512,0.056724,-0.045327,-0.298014,0.951796,-0.068803,-0.118935,0.389128,0.653223,-0.490669,0.040450,-0.579169,-0.552136,-0.201264,0.792393,-0.062567,0.127703,-0.179714,0.000000,0.000000,-0.725655,-0.331604,-0.598372,1.498887,0.255614,0.000073,-0.000058,-1.203724,-0.530551,-0.032279,-0.393152,-0.164446,0.000042,-0.000043
-0.129267,0.073374,0.729847,0.054435,-0.045053,-0.293359,0.953387,-0.073179,-0.111560,0.377878,0.662831,-0.494122,0.036974,-0.573194,-0.552242,-0.212249,0.796501,-0.062198,0.131400,-0.183968,0.000000,0.000000,-0.733045,-0.312306,-0.630920,1.499893,0.290500,0.000086,-0.000079,-1.162147,-0.507331,-0.046044,-0.454855,-0.161974,0.000035,-0.000052
-0.129729,0.071465,0.731864,0.049446,-0.043961,-0.287414,0.955518,-0.074895,-0.097860,0.360025,0.668534,-0.495099,0.030741,-0.553642,-0.546871,-0.238908,0.786889,-0.055365,0.133323,-0.184393,0.000000,0.000000,-0.756375,-0.300417,-0.665425,1.499841,0.327071,0.000086,-0.000086,-1.081013,-0.472319,-0.071673,-0.504969,-0.160596,0.000021,-0.000050
-0.130564,0.069231,0.735270,0.041217,-0.041270,-0.282982,0.957350,-0.072889,-0.075479,0.339671,0.666886,-0.493075,0.021281,-0.523764,-0.530413,-0.278259,0.762323,-0.042881,0.133188,-0.179296,0.000000,0.000000,-0.792319,-0.291570,-0.691548,1.498484,0.355504,0.000072,-0.000076,-0.972771,-0.417231,-0.101271,-0.530992,-0.148825,0.000010,-0.000038
-0.131120,0.066640,0.739080,0.029397,-0.037386,-0.282680,0.958034,-0.068407,-0.043044,0.324729,0.659295,-0.487790,0.010256,-0.490403,-0.500609,-0.321104,0.728611,-0.028404,0.132910,-0.172088,0.000000,0.000000,-0.832944,-0.274617,-0.706534,1.483842,0.372053,0.000076,-0.000078,-0.850011,-0.338101,-0.143939,-0.510123,-0.145003,0.000012,-0.000046
-0.131410,0.063707,0.742781,0.016182,-0.032626,-0.283675,0.958229,-0.064740,-0.005509,0.311752,0.651867,-0.482237,-0.002016,-0.458502,-0.463827,-0.361738,0.692009,-0.011530,0.135280,-0.163650,0.000000,0.000000,-0.875522,-0.253013,-0.716377,1.446654,0.381932,0.000090,-0.000092,-0.728833,-0.245348,-0.187514,-0.452439,-0.139123,0.000010,-0.000053
-0.131560,0.060727,0.746044,0.002098,-0.027414,-0.285690,0.957928,-0.062607,0.035425,0.299877,0.647795,-0.478777,-0.014988,-0.428732,-0.422310,-0.399213,0.654546,0.006150,0.138722,-0.154218,0.000000,0.000000,-0.922802,-0.231174,-0.720034,1.393288,0.387034,0.000096,-0.000095,-0.618955,-0.145502,-0.229383,-0.357532,-0.128640,0.000002,-0.000044
-0.131774,0.057913,0.748685,-0.012138,-0.022580,-0.288102,0.957256,-0.061084,0.076854,0.288061,0.647472,-0.478013,-0.027851,-0.400438,-0.379163,-0.432317,0.618186,0.021762,0.142783,-0.144357,0.000000,0.000000,-0.973777,-0.211186,-0.714261,1.325860,0.386312,0.000097,-0.000087,-0.525458,-0.044583,-0.272211,-0.229786,-0.117120,-0.000006,-0.000043
-0.132044,0.055121,0.750560,-0.027024,-0.018392,-0.290226,0.956400,-0.059925,0.119184,0.274691,0.651772,-0.480200,-0.040547,-0.373390,-0.335312,-0.461927,0.585808,0.033772,0.148381,-0.134167,0.000000,0.000000,-1.024636,-0.196846,-0.699051,1.247788,0.380188,0.000090,-0.000074,-0.455870,0.049283,-0.313884,-0.075200,-0.099657,-0.000016,-0.000032
-0.132312,0.052584,0.751278,-0.042872,-0.015296,-0.292972,0.955037,-0.059394,0.163094,0.260325,0.664206,-0.487276,-0.053247,-0.348796,-0.290038,-0.485404,0.560361,0.039887,0.156548,-0.124846,0.000000,0.000000,-1.076093,-0.181875,-0.672485,1.164196,0.376787,0.000093,-0.000059,-0.403520,0.125286,-0.362854,0.104978,-0.087945,-0.000021,-0.000032
-0.132443,0.050316,0.750763,-0.059930,-0.012581,-0.296098,0.953193,-0.062107,0.209725,0.243355,0.687272,-0.500498,-0.066095,-0.327214,-0.241861,-0.502842,0.540939,0.040715,0.163916,-0.117153,0.000000,0.000000,-1.121774,-0.170769,-0.634127,1.075862,0.371210,0.000084,-0.000038,-0.362945,0.182014,-0.411842,0.291023,-0.079743,-0.000023,-0.000042
-0.132563,0.048289,0.749042,-0.077666,-0.010552,-0.300130,0.950673,-0.066745,0.257737,0.225276,0.719134,-0.518938,-0.078961,-0.309310,-0.191281,-0.511006,0.527734,0.036476,0.169153,-0.112541,0.000000,0.000000,-1.161968,-0.167406,-0.597393,0.990417,0.374328,0.000081,-0.000010,-0.330444,0.226865,-0.440004,0.473241,-0.086962,-0.000008,-0.000036
-0.132773,0.046775,0.746156,-0.094697,-0.008380,-0.304060,0.947898,-0.075678,0.304184,0.205460,0.758604,-0.541416,-0.091339,-0.297293,-0.142091,-0.511792,0.520274,0.029057,0.169715,-0.109807,0.000000,0.000000,-1.192753,-0.168322,-0.546450,0.896431,0.370724,0.000066,0.000012,-0.302520,0.245441,-0.442445,0.637100,-0.120257,0.000003,-0.000033
-0.132947,0.045532,0.742359,-0.111259,-0.006058,-0.306611,0.945291,-0.088240,0.348249,0.181728,0.802473,-0.566166,-0.102703,-0.289535,-0.095612,-0.510326,0.518341,0.017215,0.166014,-0.106439,0.000000,0.000000,-1.214826,-0.183774,-0.489928,0.798477,0.359834,0.000059,0.000034,-0.285731,0.248229,-0.421827,0.782785,-0.163833,0.000013,-0.000033
-0.133144,0.044554,0.738065,-0.126693,-0.004583,-0.309204,0.942508,-0.099015,0.386869,0.158385,0.844311,-0.590620,-0.111333,-0.285799,-0.055781,-0.511178,0.525821,0.000832,0.159306,-0.101781,0.000000,0.000000,-1.229551,-0.209719,-0.445084,0.702183,0.343493,0.000048,0.000050,-0.280112,0.242357,-0.401769,0.893158,-0.207469,0.000024,-0.000043
-0.133338,0.044077,0.733889,-0.140315,-0.003546,-0.311444,0.939841,-0.109436,0.419187,0.136375,0.882323,-0.612699,-0.117222,-0.285047,-0.023777,-0.515577,0.538781,-0.013893,0.150170,-0.097074,0.000000,0.000000,-1.235452,-0.245583,-0.411689,0.613266,0.318748,0.000034,0.000061,-0.281496,0.235230,-0.404329,0.966029,-0.231003,0.000038,-0.000058
-0.133530,0.043757,0.730386,-0.151722,-0.003158,-0.312617,0.937679,-0.117430,0.443856,0.117076,0.912472,-0.630459,-0.120641,-0.286436,-0.000782,-0.521457,0.556542,-0.026570,0.140379,-0.092843,0.000000,0.000000,-1.233449,-0.281736,-0.392039,0.540516,0.293589,0.000018,0.000061,-0.285031,0.229430,-0.424877,1.004232,-0.233160,0.000044,-0.000062
-0.133794,0.043459,0.728003,-0.159851,-0.003219,-0.312486,0.936371,-0.122923,0.459033,0.102383,0.932273,-0.642356,-0.121478,-0.289840,0.011651,-0.527063,0.577012,-0.038161,0.133389,-0.089058,0.000000,0.000000,-1.221701,-0.315893,-0.388232,0.487501,0.268193,0.000007,0.000054,-0.296106,0.220598,-0.444681,1.016063,-0.223745,0.000047,-0.000053
-0.134008,0.043286,0.727025,-0.164213,-0.003935,-0.311498,0.935942,-0.124403,0.465515,0.094735,0.940939,-0.647769,-0.120826,-0.291771,0.015246,-0.531033,0.592643,-0.045943,0.129600,-0.086177,0.000000,0.000000,-1.201310,-0.344618,-0.397553,0.456344,0.243810,0.000004,0.000049,-0.313043,0.196868,-0.450439,0.999200,-0.229622,0.000051,-0.000044
-0.134032,0.043461,0.727440,-0.164087,-0.005208,-0.309816,0.936516,-0.122526,0.461938,0.095448,0.938758,-0.646656,-0.118213,-0.292039,0.009203,-0.531747,0.601832,-0.049410,0.128750,-0.085729,0.000000,0.000000,-1.166333,-0.360563,-0.418270,0.449449,0.226159,0.000001,0.000044,-0.343892,0.155652,-0.428324,0.961634,-0.241552,0.000052,-0.000030
-0.134358,0.044037,0.729782,-0.157045,-0.006520,-0.304955,0.939307,-0.120536,0.442066,0.104062,0.922046,-0.636350,-0.111797,-0.294186,-0.014978,-0.531569,0.607162,-0.048441,0.131168,-0.085242,0.000000,0.000000,-1.127213,-0.371160,-0.449174,0.465543,0.211423,0.000001,0.000037,-0.383580,0.098752,-0.414528,0.918990,-0.238461,0.000051,-0.000027
-0.134740,0.045039,0.733422,-0.144690,-0.008235,-0.300131,0.942825,-0.115844,0.410672,0.123226,0.893251,-0.617819,-0.102386,-0.299125,-0.051365,-0.527413,0.609567,-0.041304,0.133842,-0.087038,0.000000,0.000000,-1.082062,-0.371743,-0.480625,0.501445,0.201031,0.000001,0.000045,-0.427701,0.040750,-0.405638,0.862880,-0.219293,0.000065,-0.000034
-0.134951,0.046605,0.737317,-0.128372,-0.009323,-0.296346,0.946368,-0.110819,0.371337,0.148608,0.858047,-0.595361,-0.091427,-0.308319,-0.093654,-0.518012,0.607249,-0.028502,0.135373,-0.091197,0.000000,0.000000,-1.033086,-0.366849,-0.511340,0.555729,0.189414,-0.000001,0.000045,-0.478778,-0.018471,-0.391424,0.791693,-0.197131,0.000069,-0.000037
-0.135098,0.048792,0.741077,-0.109549,-0.010225,-0.293027,0.949752,-0.105916,0.325334,0.175765,0.818995,-0.570791,-0.079678,-0.319884,-0.139623,-0.504353,0.601665,-0.012834,0.136379,-0.098216,0.000000,0.000000,-0.979664,-0.360167,-0.537884,0.626992,0.177789,-0.000002,0.000035,-0.538137,-0.082978,-0.363590,0.712966,-0.190296,0.000058,-0.000040
-0.134995,0.051668,0.744274,-0.088498,-0.010692,-0.287042,0.953761,-0.104929,0.270837,0.197212,0.779211,-0.545764,-0.066759,-0.333035,-0.193506,-0.492877,0.596112,0.001625,0.138179,-0.107144,0.000000,0.000000,-0.919663,-0.360271,-0.553743,0.704106,0.167713,-0.000002,0.000009,-0.607606,-0.154703,-0.329450,0.625641,-0.197415,0.000015,-0.000016
-0.134929,0.054479,0.746658,-0.067260,-0.011074,-0.279338,0.957770,-0.106426,0.214326,0.213710,0.741616,-0.521717,-0.054041,-0.347086,-0.251386,-0.486223,0.594260,0.011873,0.139970,-0.118966,0.000000,0.000000,-0.853944,-0.359025,-0.569682,0.792840,0.164057,-0.000006,0.000034,-0.686002,-0.212343,-0.297095,0.539035,-0.194527,0.000061,-0.000062
-0.135395,0.056732,0.747956,-0.046571,-0.010629,-0.269244,0.961886,-0.112680,0.158697,0.223706,0.708540,-0.499277,-0.042462,-0.363577,-0.312220,-0.487270,0.598147,0.013041,0.136955,-0.131984,0.000000,0.000000,-0.783189,-0.356425,-0.583714,0.889576,0.167709,-0.000000,0.000008,-0.769976,-0.255702,-0.270412,0.448407,-0.188961,0.000020,-0.000022
-0.135820,0.058663,0.748067,-0.025016,-0.010245,-0.256740,0.966102,-0.121830,0.100200,0.228931,0.680812,-0.479505,-0.031464,-0.380856,-0.378674,-0.489280,0.608202,0.001853,0.130633,-0.147305,0.000000,0.000000,-0.710283,-0.349796,-0.587332,0.981592,0.175880,0.000002,0.000006,-0.855687,-0.290995,-0.236710,0.354633,-0.192653,0.000023,-0.000028
-0.136751,0.060002,0.747014,-0.003886,-0.009669,-0.243046,0.969959,-0.132203,0.043010,0.229863,0.658946,-0.464020,-0.023387,-0.402084,-0.443633,-0.483118,0.624915,-0.017049,0.125675,-0.164021,0.000000,0.000000,-0.633013,-0.333565,-0.578827,1.073575,0.182633,0.000009,0.000008,-0.948095,-0.318445,-0.200401,0.267049,-0.207565,0.000025,-0.000035
-0.138296,0.061169,0.744670,0.016983,-0.009583,-0.227830,0.973506,-0.145245,-0.014032,0.224340,0.648180,-0.455427,-0.017674,-0.428604,-0.507251,-0.465912,0.648632,-0.036811,0.126132,-0.177698,0.000000,0.000000,-0.544997,-0.305930,-0.567764,1.143677,0.188746,0.000021,-0.000006,-1.046236,-0.342435,-0.161906,0.182565,-0.233991,0.000020,-0.000035
-0.140092,0.062186,0.741342,0.036747,-0.009951,-0.213388,0.976225,-0.159900,-0.070052,0.216643,0.643703,-0.449729,-0.010206,-0.461562,-0.567508,-0.434991,0.679894,-0.054257,0.134765,-0.192148,0.000000,0.000000,-0.460331,-0.257534,-0.549968,1.202064,0.205296,0.000031,-0.000009,-1.141344,-0.341261,-0.114848,0.107926,-0.245458,0.000016,-0.000037
-0.141950,0.062794,0.737365,0.055160,-0.010992,-0.198454,0.978495,-0.175565,-0.123913,0.205102,0.646737,-0.447531,-0.001568,-0.497402,-0.624025,-0.396223,0.715952,-0.068125,0.148080,-0.206579,0.000000,0.000000,-0.375637,-0.193409,-0.526057,1.246088,0.224857,0.000035,-0.000011,-1.228684,-0.312907,-0.061413,0.039642,-0.234740,0.000011,-0.000040
-0.143477,0.062827,0.732981,0.072202,-0.012733,-0.183515,0.980279,-0.191501,-0.174100,0.191882,0.657804,-0.449952,0.006324,-0.534230,-0.675322,-0.353691,0.752864,-0.078790,0.161119,-0.219169,0.000000,0.000000,-0.288323,-0.116653,-0.499881,1.268903,0.244673,0.000038,-0.000011,-1.296116,-0.266259,-0.005159,-0.020379,-0.217781,0.000008,-0.000044
-0.145144,0.062517,0.729123,0.088083,-0.014364,-0.168092,0.981723,-0.207169,-0.219946,0.177284,0.673264,-0.455152,0.011808,-0.566266,-0.721382,-0.315729,0.783995,-0.087481,0.171870,-0.227164,0.000000,0.000000,-0.200803,-0.030037,-0.469193,1.263068,0.262716,0.000034,-0.000010,-1.340240,-0.218426,0.059612,-0.067777,-0.212375,0.000007,-0.000045
-0.146901,0.061349,0.726497,0.099690,-0.015027,-0.150854,0.983402,-0.223433,-0.254678,0.157646,0.691418,-0.459318,0.013443,-0.584628,-0.759274,-0.297233,0.806398,-0.095082,0.177741,-0.227887,0.000000,0.000000,-0.108789,0.067165,-0.430603,1.251882,0.272942,0.000042,-0.000016,-1.353719,-0.163663,0.136719,-0.102427,-0.201940,0.000000,-0.000046
-0.147888,0.058496,0.725308,0.106598,-0.015239,-0.129900,0.985663,-0.234614,-0.278673,0.128961,0.707080,-0.460906,0.010761,-0.581856,-0.793208,-0.305677,0.823686,-0.105462,0.180537,-0.218713,0.000000,0.000000,-0.019650,0.180179,-0.388317,1.217826,0.284598,0.000058,-0.000025,-1.327663,-0.116401,0.199645,-0.118594,-0.203531,-0.000005,-0.000059
-0.148104,0.054278,0.725337,0.108568,-0.013718,-0.108046,0.988105,-0.245135,-0.289841,0.095241,0.719982,-0.459351,0.003908,-0.563020,-0.818354,-0.337349,0.835675,-0.117462,0.180593,-0.203391,0.000000,0.000000,0.066209,0.305764,-0.334193,1.165002,0.290420,0.000062,-0.000029,-1.274321,-0.069326,0.254347,-0.114159,-0.203362,-0.000009,-0.000062
-0.147665,0.049031,0.726995,0.104990,-0.011343,-0.086171,0.990668,-0.251739,-0.287850,0.055155,0.726218,-0.453667,-0.006387,-0.525724,-0.828163,-0.387316,0.839562,-0.131492,0.180501,-0.183662,0.000000,0.000000,0.147498,0.441894,-0.267409,1.099291,0.293126,0.000066,-0.000031,-1.196204,-0.021992,0.299417,-0.085204,-0.200136,-0.000011,-0.000063
-0.146451,0.043013,0.730271,0.100402,-0.007251,-0.061386,0.993025,-0.257175,-0.283751,0.006508,0.725535,-0.444605,-0.019702,-0.477839,-0.823757,-0.435885,0.831363,-0.147534,0.184461,-0.158511,0.000000,0.000000,0.216999,0.574737,-0.188588,1.019776,0.292039,0.000065,-0.000028,-1.104290,0.024924,0.331058,-0.031102,-0.194388,-0.000012,-0.000065
-0.145172,0.036271,0.734820,0.093899,-0.000737,-0.034864,0.994971,-0.261371,-0.275389,-0.049716,0.717275,-0.432707,-0.035572,-0.425473,-0.801552,-0.470904,0.808911,-0.157772,0.199873,-0.127041,0.000000,0.000000,0.265344,0.691463,-0.089212,0.927262,0.271631,0.000064,-0.000026,-1.012019,0.059922,0.356221,0.059913,-0.192833,-0.000010,-0.000063
-0.143698,0.029123,0.739951,0.083439,0.004727,-0.007278,0.996475,-0.263870,-0.259839,-0.112127,0.709721,-0.416028,-0.053233,-0.365364,-0.762274,-0.498488,0.774591,-0.162613,0.220067,-0.087525,0.000000,0.000000,0.287322,0.787363,0.016083,0.836618,0.240234,0.000082,-0.000043,-0.922867,0.089281,0.359764,0.168784,-0.185160,-0.000012,-0.000081
-0.142373,0.022077,0.745367,0.069408,0.007829,0.017565,0.997403,-0.265907,-0.234060,-0.169618,0.705379,-0.393236,-0.072139,-0.301522,-0.702533,-0.508500,0.728487,-0.162935,0.240566,-0.049582,0.000000,0.000000,0.292855,0.868171,0.123441,0.750669,0.211748,0.000078,-0.000032,-0.844649,0.127103,0.359883,0.297688,-0.167184,-0.000004,-0.000076
-0.141267,0.015181,0.750285,0.053633,0.010773,0.044360,0.997517,-0.274877,-0.204797,-0.222033,0.706974,-0.366109,-0.090914,-0.240983,-0.634915,-0.506570,0.679214,-0.159672,0.253846,-0.015434,0.000000,0.000000,0.274135,0.938930,0.221181,0.662766,0.196185,0.000079,-0.000027,-0.785616,0.164798,0.350534,0.435500,-0.148661,-0.000003,-0.000075
-0.140176,0.008077,0.754226,0.036909,0.011851,0.072175,0.996638,-0.290311,-0.167712,-0.252653,0.716380,-0.336462,-0.107622,-0.183314,-0.563006,-0.494415,0.630803,-0.157312,0.259526,0.011763,0.000000,0.000000,0.231718,0.999265,0.311491,0.576537,0.194230,0.000078,-0.000014,-0.749234,0.189609,0.345862,0.585635,-0.158587,0.000007,-0.000072
-0.139223,0.000259,0.756817,0.018628,0.010453,0.103883,0.994360,-0.312002,-0.118437,-0.253733,0.731356,-0.307715,-0.121151,-0.127613,-0.488841,-0.479395,0.589064,-0.160222,0.260621,0.035024,0.000000,0.000000,0.159844,1.045006,0.386585,0.481676,0.198768,0.000088,-0.000001,-0.727799,0.210479,0.333193,0.727968,-0.174634,0.000019,-0.000079
-0.138292,-0.007570,0.758122,0.001411,0.008017,0.135949,0.990682,-0.339808,-0.063201,-0.230014,0.749394,-0.283681,-0.131803,-0.076870,-0.417015,-0.462289,0.549939,-0.168238,0.261003,0.054267,0.000000,0.000000,0.067244,1.072151,0.441331,0.374389,0.205534,0.000087,0.000006,-0.712443,0.237470,0.311425,0.860092,-0.184625,0.000032,-0.000077
-0.137535,-0.015653,0.758363,-0.014421,0.005327,0.167140,0.985813,-0.372362,-0.003412,-0.184942,0.768868,-0.265818,-0.135362,-0.031853,-0.348949,-0.444438,0.512695,-0.179214,0.261346,0.069083,0.000000,0.000000,-0.037376,1.079129,0.488684,0.255517,0.213856,0.000087,0.000024,-0.701653,0.269383,0.297478,0.980457,-0.192057,0.000046,-0.000070
-0.137009,-0.024152,0.757489,-0.028981,0.002931,0.197326,0.979905,-0.409122,0.059808,-0.125001,0.791108,-0.255195,-0.130660,0.007385,-0.287068,-0.433018,0.479356,-0.193834,0.261519,0.080671,0.000000,0.000000,-0.154743,1.063442,0.524244,0.124439,0.211760,0.000086,0.000042,-0.695477,0.302743,0.274536,1.086881,-0.192712,0.000060,-0.000061
-0.136247,-0.032516,0.755099,-0.041838,-0.002612,0.226263,0.973164,-0.443846,0.126423,-0.058307,0.823222,-0.251420,-0.121441,0.047003,-0.229994,-0.427666,0.452916,-0.213328,0.261597,0.089517,0.000000,0.000000,-0.277185,1.026117,0.541241,-0.013605,0.199971,0.000086,0.000058,-0.693044,0.331794,0.253552,1.176203,-0.201464,0.000067,-0.000056
-0.135424,-0.040257,0.751242,-0.053232,-0.008783,0.254664,0.965523,-0.482746,0.192081,0.005867,0.862598,-0.252851,-0.101026,0.078541,-0.178824,-0.428900,0.437970,-0.233583,0.261596,0.096773,0.000000,0.000000,-0.398506,0.966275,0.539908,-0.148469,0.184383,0.000086,0.000071,-0.699836,0.347777,0.239612,1.249141,-0.220436,0.000069,-0.000056
-0.134694,-0.048171,0.746834,-0.064001,-0.014883,0.280600,0.957573,-0.520583,0.249686,0.052183,0.898819,-0.254436,-0.080629,0.099363,-0.131805,-0.428583,0.437218,-0.259799,0.261615,0.103915,0.000000,0.000000,-0.509328,0.892486,0.531735,-0.276082,0.170998,0.000085,0.000079,-0.716321,0.358160,0.232619,1.316641,-0.240592,0.000074,-0.000057
-0.133923,-0.055631,0.742029,-0.072141,-0.020651,0.303370,0.949914,-0.555287,0.292176,0.078800,0.931640,-0.257914,-0.063414,0.112595,-0.093835,-0.429162,0.446615,-0.292442,0.261618,0.111669,0.000000,0.000000,-0.596401,0.805277,0.510326,-0.395338,0.150075,0.000083,0.000082,-0.734700,0.365981,0.218110,1.369902,-0.248559,0.000077,-0.000055
-0.133208,-0.062522,0.737225,-0.077693,-0.025828,0.321266,0.943443,-0.585089,0.318474,0.084128,0.960228,-0.264261,-0.057194,0.119119,-0.065839,-0.431494,0.464081,-0.328182,0.261591,0.118131,0.000000,0.000000,-0.650821,0.717841,0.481541,-0.499973,0.128211,0.000081,0.000084,-0.756321,0.370358,0.203032,1.405606,-0.252761,0.000079,-0.000054
-0.132837,-0.068900,0.732888,-0.081352,-0.029889,0.333337,0.938816,-0.608834,0.332348,0.073348,0.983964,-0.272638,-0.061472,0.119885,-0.046629,-0.436135,0.486884,-0.363789,0.261543,0.120634,0.000000,0.000000,-0.673988,0.638289,0.454691,-0.584062,0.115801,0.000078,0.000084,-0.784096,0.371955,0.192861,1.422507,-0.259014,0.000080,-0.000057
-0.132979,-0.074181,0.729559,-0.081244,-0.034403,0.341137,0.935864,-0.619812,0.335799,0.060605,1.001775,-0.280710,-0.069392,0.123478,-0.039270,-0.445175,0.507864,-0.394418,0.261395,0.118927,0.000000,0.000000,-0.654412,0.567127,0.434534,-0.635946,0.120726,0.000076,0.000084,-0.812907,0.374033,0.179637,1.421094,-0.257507,0.000079,-0.000058
-0.132977,-0.078495,0.727727,-0.079243,-0.038129,0.346300,0.933993,-0.622828,0.335041,0.053887,1.010196,-0.281870,-0.075304,0.127480,-0.038478,-0.453277,0.523375,-0.416185,0.261079,0.114503,0.000000,0.000000,-0.605616,0.499162,0.418776,-0.663425,0.133350,0.000073,0.000082,-0.849389,0.369763,0.166887,1.401419,-0.253929,0.000077,-0.000059
-0.132872,-0.081938,0.727211,-0.075330,-0.040625,0.349022,0.933198,-0.619506,0.331047,0.053897,1.010305,-0.276965,-0.081328,0.131175,-0.043061,-0.457667,0.532652,-0.430132,0.259548,0.108411,0.000000,0.000000,-0.527705,0.431374,0.401721,-0.663674,0.146391,0.000065,0.000075,-0.890820,0.364701,0.156495,1.371920,-0.247259,0.000072,-0.000053
-0.132627,-0.084580,0.728134,-0.069546,-0.042397,0.350568,0.932989,-0.608828,0.322773,0.059295,1.001587,-0.266826,-0.091030,0.136733,-0.052564,-0.460194,0.535066,-0.437066,0.257511,0.102301,0.000000,0.000000,-0.425764,0.361712,0.369715,-0.627855,0.148145,0.000058,0.000069,-0.932694,0.360182,0.151550,1.334238,-0.240324,0.000066,-0.000050
-0.131985,-0.086605,0.731350,-0.061114,-0.041928,0.350508,0.933623,-0.588752,0.307623,0.074199,0.976285,-0.245485,-0.104804,0.145602,-0.069874,-0.463217,0.523761,-0.437313,0.255029,0.096608,0.000000,0.000000,-0.322167,0.280854,0.335175,-0.552434,0.144570,0.000056,0.000067,-0.972655,0.357092,0.152437,1.290596,-0.232024,0.000065,-0.000049
-0.131618,-0.087517,0.735729,-0.050137,-0.037215,0.349365,0.934904,-0.568944,0.283372,0.091746,0.940946,-0.216150,-0.128014,0.150508,-0.096053,-0.467555,0.502425,-0.427643,0.251170,0.093429,0.000000,0.000000,-0.229543,0.198760,0.305396,-0.433931,0.143588,0.000050,0.000069,-1.015600,0.351701,0.162199,1.246989,-0.225492,0.000064,-0.000048
-0.131932,-0.088067,0.740868,-0.038145,-0.029888,0.346849,0.936668,-0.549014,0.253554,0.106596,0.899358,-0.184166,-0.159374,0.151912,-0.126756,-0.470908,0.475563,-0.409910,0.247088,0.093727,0.000000,0.000000,-0.160753,0.126099,0.282395,-0.287568,0.147774,0.000039,0.000079,-1.062847,0.345876,0.173880,1.202516,-0.216982,0.000066,-0.000056
-0.132360,-0.088401,0.746138,-0.024420,-0.021954,0.342375,0.938989,-0.524296,0.216172,0.113576,0.852672,-0.153633,-0.195929,0.152593,-0.162552,-0.470743,0.448736,-0.391582,0.242445,0.098001,0.000000,0.000000,-0.109702,0.062366,0.259410,-0.118814,0.149275,0.000018,0.000060,-1.112479,0.342489,0.186738,1.162669,-0.204238,0.000043,-0.000040
-0.132585,-0.088288,0.750968,-0.009210,-0.014872,0.336167,0.941640,-0.494190,0.165795,0.098247,0.803383,-0.129285,-0.233783,0.154270,-0.201999,-0.466746,0.424444,-0.376061,0.239576,0.106526,0.000000,0.000000,-0.072284,0.011042,0.230705,0.068592,0.144867,0.000024,0.000067,-1.159384,0.339158,0.204810,1.110852,-0.195888,0.000047,-0.000054
-0.132686,-0.087920,0.754966,0.006222,-0.008100,0.327822,0.944684,-0.462349,0.102478,0.055188,0.753891,-0.114904,-0.259926,0.153789,-0.241962,-0.458051,0.403947,-0.364870,0.235436,0.116598,0.000000,0.000000,-0.048693,-0.040336,0.211007,0.252703,0.137279,0.000023,0.000058,-1.201895,0.340119,0.228692,1.053542,-0.192992,0.000042,-0.000052
-0.132711,-0.087269,0.757753,0.020857,-0.001623,0.317718,0.947954,-0.427512,0.026346,-0.023918,0.703403,-0.110658,-0.261692,0.150146,-0.280011,-0.444829,0.388306,-0.360104,0.228881,0.125035,0.000000,0.000000,-0.030526,-0.095413,0.203516,0.415958,0.128956,0.000033,0.000059,-1.245893,0.346808,0.258180,0.996392,-0.195341,0.000046,-0.000060
-0.132921,-0.086264,0.759245,0.033809,0.004951,0.306940,0.951115,-0.393722,-0.043714,-0.110190,0.659077,-0.118677,-0.261599,0.142235,-0.314669,-0.429071,0.378308,-0.363176,0.219391,0.129090,0.000000,0.000000,-0.012893,-0.146356,0.213457,0.549803,0.124976,0.000027,0.000041,-1.294538,0.354511,0.288743,0.942002,-0.202880,0.000035,-0.000051
-0.133462,-0.084949,0.759449,0.044819,0.011970,0.297058,0.953732,-0.365403,-0.103694,-0.196322,0.621579,-0.138943,-0.261427,0.128861,-0.345603,-0.412322,0.374914,-0.372606,0.209536,0.128991,0.000000,0.000000,0.003747,-0.173974,0.208129,0.665619,0.158529,0.000017,0.000013,-1.339025,0.375722,0.313163,0.881445,-0.191965,0.000011,-0.000025
-0.134255,-0.083728,0.758863,0.054785,0.018704,0.287935,0.955899,-0.341413,-0.151749,-0.265797,0.590191,-0.162658,-0.261384,0.112321,-0.375972,-0.392512,0.380241,-0.387367,0.205695,0.125192,0.000000,0.000000,0.012988,-0.190054,0.200192,0.763524,0.204831,0.000021,0.000009,-1.377698,0.400377,0.338027,0.821204,-0.183957,0.000007,-0.000025
-0.135387,-0.082245,0.757453,0.064463,0.024990,0.278916,0.957823,-0.327040,-0.188525,-0.304554,0.570793,-0.181308,-0.261713,0.094219,-0.407625,-0.368379,0.393137,-0.407189,0.207954,0.115772,0.000000,0.000000,0.014174,-0.213086,0.205409,0.842306,0.232629,0.000060,0.000027,-1.407780,0.434642,0.361492,0.764545,-0.170116,0.000013,-0.000063
-0.136567,-0.080689,0.755794,0.073393,0.028567,0.270637,0.959455,-0.317450,-0.210650,-0.305332,0.556402,-0.191516,-0.261467,0.078018,-0.436849,-0.340864,0.411662,-0.427071,0.213090,0.100287,0.000000,0.000000,0.013443,-0.242356,0.223168,0.908512,0.235624,0.000064,0.000015,-1.431715,0.475924,0.387402,0.707923,-0.154688,0.000001,-0.000059
-0.137511,-0.079332,0.754489,0.082557,0.028103,0.264186,0.960521,-0.299371,-0.227272,-0.294574,0.536649,-0.194222,-0.257253,0.073152,-0.464019,-0.317896,0.427823,-0.442340,0.219321,0.084951,0.000000,0.000000,0.015310,-0.263683,0.243269,0.964125,0.238558,0.000062,0.000003,-1.448703,0.513910,0.410020,0.658526,-0.137662,-0.000007,-0.000051
-0.138127,-0.078559,0.753248,0.090238,0.025919,0.258814,0.961354,-0.279026,-0.239771,-0.281303,0.515833,-0.191591,-0.241208,0.072971,-0.485931,-0.298608,0.442054,-0.455654,0.225675,0.069301,0.000000,0.000000,0.014434,-0.269117,0.264872,1.004694,0.247373,0.000071,0.000004,-1.463495,0.544171,0.428248,0.609892,-0.128316,-0.000016,-0.000057
-0.138208,-0.078388,0.751994,0.096786,0.022070,0.254281,0.962022,-0.255996,-0.249301,-0.268673,0.495863,-0.187634,-0.222924,0.076071,-0.503445,-0.281680,0.456916,-0.468281,0.230784,0.053179,0.000000,0.000000,0.011143,-0.258760,0.290148,1.029847,0.257443,0.000077,0.000015,-1.476045,0.567499,0.442074,0.563267,-0.125370,-0.000024,-0.000061
-0.137660,-0.078554,0.750870,0.103000,0.016539,0.252114,0.962058,-0.231286,-0.258031,-0.261928,0.479123,-0.183418,-0.213471,0.081982,-0.518336,-0.269485,0.475176,-0.478620,0.232768,0.039528,0.000000,0.000000,0.006358,-0.234973,0.318853,1.035333,0.265166,0.000078,0.000024,-1.481078,0.579149,0.449670,0.525760,-0.124921,-0.000028,-0.000063
-0.136494,-0.078778,0.750158,0.109222,0.011142,0.252388,0.961378,-0.208852,-0.267356,-0.260424,0.466244,-0.179473,-0.211352,0.088332,-0.531832,-0.262296,0.494538,-0.484729,0.233965,0.030795,0.000000,0.000000,-0.003676,-0.213287,0.362200,1.003842,0.253527,0.000078,0.000035,-1.472551,0.582056,0.452507,0.502181,-0.117892,-0.000029,-0.000063
-0.134836,-0.078794,0.750006,0.114768,0.006473,0.253600,0.960455,-0.190818,-0.275527,-0.260551,0.458851,-0.176047,-0.212356,0.095298,-0.542878,-0.260401,0.510816,-0.486328,0.233606,0.026447,0.000000,0.000000,-0.018382,-0.193764,0.408980,0.953986,0.230307,0.000077,0.000040,-1.447325,0.580170,0.459631,0.489164,-0.106857,-0.000031,-0.000061
-0.133105,-0.078827,0.750447,0.118656,0.002968,0.254938,0.959645,-0.179242,-0.280975,-0.262223,0.457148,-0.170685,-0.215165,0.101105,-0.549381,-0.262150,0.523021,-0.483067,0.229965,0.024728,0.000000,0.000000,-0.038622,-0.177957,0.464485,0.890854,0.191597,0.000076,0.000050,-1.406585,0.573473,0.476892,0.486080,-0.094057,-0.000031,-0.000059
-0.131600,-0.079102,0.751504,0.119678,0.001156,0.255747,0.959307,-0.178152,-0.281428,-0.264235,0.466847,-0.164878,-0.219229,0.103924,-0.547629,-0.266128,0.528288,-0.475375,0.223177,0.024776,0.000000,0.000000,-0.066180,-0.161335,0.516793,0.817073,0.149609,0.000075,0.000057,-1.354233,0.563876,0.503984,0.493039,-0.077385,-0.000027,-0.000057
-0.130369,-0.080159,0.753037,0.116174,0.000174,0.256519,0.959532,-0.188845,-0.273146,-0.268122,0.491521,-0.159809,-0.225203,0.103649,-0.532926,-0.272364,0.527858,-0.464423,0.214982,0.027626,0.000000,0.000000,-0.104664,-0.145501,0.559508,0.734330,0.097842,0.000075,0.000054,-1.293454,0.547996,0.534211,0.505729,-0.062049,-0.000024,-0.000056
-0.129252,-0.082109,0.754376,0.107458,-0.000327,0.257690,0.960233,-0.211419,-0.255153,-0.273681,0.529994,-0.154514,-0.230373,0.100010,-0.504653,-0.278355,0.525345,-0.453660,0.208426,0.032529,0.000000,0.000000,-0.151911,-0.117518,0.592352,0.644615,0.055932,0.000075,0.000056,-1.232051,0.519991,0.565996,0.525635,-0.056239,-0.000022,-0.000057
-0.128319,-0.084344,0.755207,0.095906,-0.000543,0.258305,0.961291,-0.242621,-0.230095,-0.274753,0.578570,-0.149619,-0.234104,0.093788,-0.468601,-0.281989,0.522397,-0.443937,0.202544,0.035825,0.000000,0.000000,-0.200368,-0.083079,0.610382,0.546831,0.022873,0.000075,0.000055,-1.169931,0.490950,0.597985,0.556958,-0.053022,-0.000019,-0.000059
-0.127456,-0.086779,0.755426,0.082079,-0.001351,0.259784,0.962171,-0.277366,-0.197278,-0.271710,0.631151,-0.145568,-0.239756,0.087652,-0.426595,-0.286905,0.520872,-0.436343,0.195278,0.037683,0.000000,0.000000,-0.246050,-0.041013,0.618729,0.441678,0.007518,0.000074,0.000056,-1.111426,0.461307,0.626464,0.603279,-0.050602,-0.000020,-0.000063
-0.126671,-0.089661,0.755075,0.067214,-0.001088,0.255246,0.964536,-0.314349,-0.151073,-0.251602,0.677814,-0.143174,-0.246077,0.074761,-0.381351,-0.279658,0.521184,-0.431805,0.185989,0.026074,0.000000,0.000000,-0.283822,0.013993,0.635020,0.326251,-0.001953,0.000067,0.000055,-1.052818,0.456703,0.658748,0.666426,-0.046685,-0.000023,-0.000062
-0.126022,-0.092930,0.754261,0.051134,-0.001794,0.249945,0.966907,-0.348506,-0.094099,-0.221692,0.717400,-0.142946,-0.250616,0.061374,-0.333164,-0.270613,0.525939,-0.430437,0.175134,0.000271,0.000000,0.000000,-0.313423,0.079878,0.656574,0.211081,-0.009000,0.000067,0.000058,-0.991311,0.470809,0.691909,0.745335,-0.048161,-0.000020,-0.000062
-0.125685,-0.096179,0.752884,0.035102,-0.003437,0.249419,0.967753,-0.381618,-0.032081,-0.182872,0.755143,-0.145707,-0.253393,0.052349,-0.287080,-0.272270,0.534041,-0.431643,0.164177,-0.033088,0.000000,0.000000,-0.348921,0.147757,0.672144,0.095099,-0.020458,0.000076,0.000070,-0.920173,0.490777,0.710108,0.829003,-0.043883,-0.000022,-0.000067
-0.125640,-0.099221,0.750862,0.019222,-0.006383,0.253227,0.967195,-0.415278,0.033310,-0.137984,0.795449,-0.152580,-0.251461,0.048007,-0.242721,-0.283362,0.542980,-0.435056,0.153466,-0.066666,0.000000,0.000000,-0.390861,0.215798,0.674137,-0.017307,-0.029872,0.000075,0.000073,-0.851489,0.504967,0.718526,0.917715,-0.051186,-0.000009,-0.000059
-0.125955,-0.102005,0.748066,0.003411,-0.010875,0.263357,0.964631,-0.449313,0.095992,-0.098854,0.838313,-0.164191,-0.246530,0.048977,-0.200370,-0.307164,0.552363,-0.441394,0.143138,-0.090198,0.000000,0.000000,-0.427524,0.292794,0.653913,-0.119532,-0.006246,0.000076,0.000075,-0.791904,0.500075,0.705856,0.996544,-0.063938,0.000002,-0.000053
-0.125693,-0.104020,0.744245,-0.012567,-0.015576,0.270798,0.962428,-0.482470,0.164741,-0.055321,0.883043,-0.185292,-0.235252,0.047537,-0.157440,-0.325804,0.563599,-0.452653,0.132422,-0.106878,0.000000,0.000000,-0.470814,0.372366,0.629055,-0.215064,0.022017,0.000074,0.000077,-0.734811,0.492208,0.684608,1.066955,-0.078616,0.000011,-0.000048
-0.125771,-0.105469,0.739828,-0.027042,-0.020667,0.277820,0.960030,-0.509735,0.229539,-0.012852,0.922246,-0.214127,-0.217409,0.048481,-0.118655,-0.342539,0.574147,-0.469084,0.122874,-0.116494,0.000000,0.000000,-0.513577,0.446793,0.585522,-0.305057,0.041171,0.000031,0.000035,-0.676788,0.482395,0.652433,1.133661,-0.085454,0.000009,-0.000011
-0.126163,-0.106782,0.735395,-0.039281,-0.025441,0.284336,0.957582,-0.531806,0.277935,0.008543,0.953717,-0.240930,-0.202094,0.051135,-0.086510,-0.358055,0.583887,-0.488804,0.114806,-0.117523,0.000000,0.000000,-0.561375,0.512663,0.525173,-0.387897,0.043042,0.000033,0.000040,-0.632674,0.463075,0.614272,1.194128,-0.099544,0.000018,-0.000009
-0.125940,-0.107156,0.731023,-0.049094,-0.030135,0.289613,0.955409,-0.551802,0.310134,0.010685,0.984551,-0.264614,-0.190363,0.053230,-0.060419,-0.369363,0.596005,-0.508942,0.107971,-0.113154,0.000000,0.000000,-0.598120,0.570727,0.456763,-0.461173,0.039116,0.000036,0.000047,-0.600311,0.435738,0.576117,1.248701,-0.123505,0.000027,-0.000013
-0.125416,-0.106931,0.727477,-0.056640,-0.034243,0.292498,0.953973,-0.565732,0.327321,-0.002891,1.009346,-0.286338,-0.186729,0.055093,-0.039978,-0.374971,0.606938,-0.525533,0.102461,-0.106313,0.000000,0.000000,-0.612913,0.631095,0.387767,-0.525476,0.038012,0.000036,0.000047,-0.572498,0.407676,0.536495,1.293491,-0.146954,0.000033,-0.000019
-0.124684,-0.106285,0.725299,-0.061771,-0.037164,0.293167,0.953340,-0.571039,0.335099,-0.018457,1.023224,-0.305039,-0.189931,0.056024,-0.026214,-0.375471,0.615226,-0.536053,0.099172,-0.098884,0.000000,0.000000,-0.604217,0.693486,0.319237,-0.580459,0.038778,0.000036,0.000044,-0.552956,0.377922,0.495373,1.330312,-0.165989,0.000037,-0.000021
-0.123963,-0.105305,0.724767,-0.064186,-0.038685,0.292888,0.953205,-0.568693,0.335187,-0.027909,1.025935,-0.316068,-0.192760,0.056870,-0.020849,-0.374220,0.619331,-0.539404,0.099491,-0.089503,0.000000,0.000000,-0.573921,0.753592,0.252979,-0.631027,0.045484,0.000035,0.000040,-0.539912,0.346450,0.442308,1.354020,-0.172151,0.000043,-0.000024
-0.123212,-0.102779,0.725987,-0.061354,-0.038169,0.289715,0.954382,-0.554822,0.326593,-0.019979,1.017789,-0.319659,-0.191280,0.057700,-0.031251,-0.366548,0.619332,-0.536038,0.105026,-0.077077,0.000000,0.000000,-0.512596,0.793953,0.195092,-0.670883,0.055371,0.000037,0.000039,-0.539609,0.312368,0.395584,1.373085,-0.178674,0.000049,-0.000024
-0.122004,-0.100099,0.730130,-0.053946,-0.035847,0.283888,0.956667,-0.524819,0.311900,0.006765,0.986775,-0.311118,-0.187524,0.060295,-0.054368,-0.353954,0.610075,-0.522371,0.115944,-0.060829,0.000000,0.000000,-0.428073,0.813622,0.135779,-0.698352,0.067236,0.000038,0.000038,-0.551858,0.279152,0.366115,1.394913,-0.193330,0.000055,-0.000019
-0.121455,-0.097140,0.735464,-0.044895,-0.031796,0.275507,0.959723,-0.492761,0.297510,0.042462,0.947199,-0.291160,-0.187485,0.061711,-0.081210,-0.336720,0.591724,-0.495931,0.129055,-0.042236,0.000000,0.000000,-0.332087,0.814038,0.071785,-0.707273,0.078472,0.000034,0.000034,-0.583073,0.246254,0.345424,1.406670,-0.212136,0.000057,-0.000017
-0.120963,-0.094313,0.741286,-0.035094,-0.027096,0.266052,0.962939,-0.461950,0.281874,0.080163,0.903966,-0.260254,-0.194783,0.060838,-0.109804,-0.317302,0.571432,-0.464750,0.139796,-0.021942,0.000000,0.000000,-0.232239,0.796479,0.003764,-0.687445,0.092311,0.000031,0.000029,-0.632094,0.221785,0.333970,1.414619,-0.232018,0.000055,-0.000012
-0.120583,-0.091752,0.747247,-0.024235,-0.021646,0.255977,0.966137,-0.433109,0.262620,0.116357,0.858430,-0.221887,-0.208213,0.056643,-0.141274,-0.296692,0.552176,-0.432509,0.148305,-0.000724,0.000000,0.000000,-0.135877,0.763312,-0.068433,-0.636606,0.106194,0.000031,0.000029,-0.692270,0.204865,0.318854,1.418465,-0.241099,0.000057,-0.000011
-0.119976,-0.089736,0.752785,-0.011936,-0.016008,0.244380,0.969474,-0.405335,0.237730,0.144941,0.811293,-0.178525,-0.225001,0.049104,-0.174939,-0.272059,0.536658,-0.403570,0.155190,0.019427,0.000000,0.000000,-0.047258,0.706541,-0.142534,-0.547122,0.105732,0.000035,0.000034,-0.761991,0.197417,0.304729,1.426250,-0.241531,0.000060,-0.000015
-0.119401,-0.088366,0.757517,0.001666,-0.009799,0.232947,0.972439,-0.380096,0.200770,0.149034,0.762906,-0.136090,-0.241733,0.039013,-0.210456,-0.246233,0.524158,-0.380547,0.161549,0.040349,0.000000,0.000000,0.031213,0.630392,-0.206750,-0.429782,0.098312,0.000063,0.000066,-0.841240,0.195195,0.293399,1.438586,-0.236664,0.000083,-0.000036
-0.118576,-0.087318,0.761195,0.016651,-0.004399,0.222253,0.974837,-0.355346,0.144532,0.109365,0.716096,-0.102812,-0.255390,0.029716,-0.247249,-0.221028,0.514483,-0.363816,0.167299,0.063272,0.000000,0.000000,0.096917,0.551403,-0.268215,-0.286008,0.098862,0.000057,0.000058,-0.923831,0.195194,0.290540,1.452359,-0.232436,0.000077,-0.000041
-0.117667,-0.086522,0.763682,0.031498,0.000163,0.215654,0.975962,-0.330609,0.070291,0.018858,0.671780,-0.080000,-0.261070,0.022454,-0.283793,-0.204522,0.508056,-0.353665,0.172789,0.093382,0.000000,0.000000,0.136742,0.478632,-0.327618,-0.113818,0.118597,0.000065,0.000061,-1.008150,0.191003,0.291879,1.461593,-0.226227,0.000084,-0.000054
-0.116978,-0.086028,0.765086,0.045768,0.005828,0.208621,0.976908,-0.305939,-0.005406,-0.094617,0.631018,-0.066378,-0.261621,0.011274,-0.318809,-0.188255,0.504618,-0.349596,0.176897,0.127026,0.000000,0.000000,0.151802,0.397829,-0.377345,0.072108,0.139286,0.000062,0.000054,-1.097682,0.194378,0.312359,1.466365,-0.229879,0.000087,-0.000044
-0.116166,-0.086376,0.765185,0.058702,0.012049,0.194493,0.979072,-0.279205,-0.065814,-0.202849,0.593361,-0.059362,-0.261675,-0.005575,-0.347682,-0.158703,0.502308,-0.359449,0.176125,0.153832,0.000000,0.000000,0.165190,0.318609,-0.377984,0.280066,0.170458,0.000063,0.000068,-1.196150,0.224100,0.341471,1.464726,-0.231659,0.000086,-0.000039
-0.115175,-0.087712,0.764246,0.070655,0.016753,0.177145,0.981502,-0.250730,-0.111509,-0.294344,0.561327,-0.055179,-0.261697,-0.025401,-0.371410,-0.119390,0.506858,-0.379452,0.179128,0.175784,0.000000,0.000000,0.172107,0.265441,-0.375610,0.477803,0.228482,0.000064,0.000071,-1.302127,0.275326,0.380365,1.463617,-0.232272,0.000084,-0.000027
-0.114007,-0.089477,0.762864,0.082341,0.019319,0.160642,0.983382,-0.222330,-0.148770,-0.367942,0.536777,-0.049834,-0.261493,-0.046044,-0.392347,-0.077708,0.519819,-0.401880,0.181602,0.200306,0.000000,0.000000,0.180835,0.226780,-0.371883,0.661126,0.284803,0.000048,0.000054,-1.407149,0.331376,0.437428,1.459851,-0.242248,0.000063,-0.000006
-0.112560,-0.091259,0.761685,0.093964,0.021854,0.140834,0.985322,-0.197933,-0.175801,-0.411352,0.514917,-0.041582,-0.261364,-0.071896,-0.409589,-0.026433,0.536049,-0.420731,0.181741,0.223805,0.000000,0.000000,0.200797,0.185578,-0.367073,0.813132,0.327241,0.000034,0.000040,-1.503442,0.394555,0.493491,1.443845,-0.243872,0.000044,0.000003
-0.111550,-0.093546,0.761111,0.104062,0.024125,0.119993,0.987011,-0.179650,-0.194397,-0.437344,0.495750,-0.024385,-0.261359,-0.100633,-0.419802,0.029292,0.553102,-0.432682,0.181434,0.245921,0.000000,0.000000,0.234751,0.139447,-0.322280,0.931405,0.332918,0.000035,0.000044,-1.591475,0.460232,0.554177,1.418234,-0.242726,0.000039,0.000005
-0.110680,-0.096797,0.761471,0.111863,0.025390,0.102516,0.988095,-0.165719,-0.206975,-0.461107,0.476591,0.007242,-0.261164,-0.123625,-0.424297,0.076353,0.566292,-0.437719,0.180722,0.268165,0.000000,0.000000,0.275823,0.099712,-0.263286,1.023634,0.321714,0.000044,0.000052,-1.681025,0.506409,0.640035,1.379981,-0.261247,0.000041,0.000016
-0.109737,-0.100145,0.762586,0.119024,0.025893,0.089337,0.988525,-0.157375,-0.219974,-0.485422,0.461928,0.048792,-0.261264,-0.137825,-0.429170,0.110846,0.571468,-0.436776,0.179784,0.288856,0.000000,0.000000,0.313249,0.068878,-0.207513,1.090474,0.310135,0.000076,0.000080,-1.760282,0.533735,0.715307,1.325263,-0.267723,0.000063,0.000043
-0.108925,-0.103205,0.764707,0.125283,0.026318,0.081750,0.988397,-0.154968,-0.235130,-0.514501,0.452450,0.096711,-0.260223,-0.141953,-0.434454,0.128938,0.564751,-0.427001,0.178610,0.306458,0.000000,0.000000,0.343739,0.047841,-0.169855,1.140380,0.313090,0.000079,0.000078,-1.831305,0.542130,0.783635,1.263773,-0.270794,0.000053,0.000043
-0.108000,-0.106113,0.767678,0.129229,0.026288,0.080951,0.987955,-0.157660,-0.247778,-0.541531,0.450563,0.143729,-0.259388,-0.134829,-0.437592,0.127313,0.549603,-0.408197,0.178849,0.319401,0.000000,0.000000,0.363869,0.035564,-0.154369,1.178831,0.331609,0.000082,0.000069,-1.889759,0.536598,0.844070,1.209396,-0.271017,0.000044,0.000042
-0.107111,-0.108812,0.770740,0.129869,0.026560,0.085932,0.987443,-0.169567,-0.255030,-0.558716,0.461312,0.181353,-0.259402,-0.121659,-0.436358,0.108589,0.531485,-0.386603,0.174548,0.325341,0.000000,0.000000,0.375243,0.025785,-0.148620,1.203931,0.353499,0.000082,0.000048,-1.937106,0.520679,0.898928,1.164770,-0.271494,0.000043,0.000036
-0.106942,-0.111204,0.773477,0.127274,0.026838,0.097445,0.986704,-0.192718,-0.258055,-0.562720,0.487182,0.209884,-0.254525,-0.104303,-0.430903,0.075615,0.514421,-0.364295,0.170688,0.323773,0.000000,0.000000,0.378062,0.025128,-0.150684,1.215824,0.383513,0.000074,0.000021,-1.964346,0.496880,0.942129,1.122733,-0.262099,0.000039,0.000026
-0.107041,-0.113531,0.775640,0.122328,0.026484,0.112314,0.985759,-0.225825,-0.251382,-0.531780,0.523046,0.237505,-0.247467,-0.084444,-0.421826,0.035517,0.499168,-0.345599,0.169595,0.315339,0.000000,0.000000,0.376389,0.031350,-0.150576,1.218431,0.412234,0.000082,0.000008,-1.980177,0.467798,0.978808,1.075695,-0.248761,0.000040,0.000022
-0.107441,-0.115752,0.777040,0.115541,0.025391,0.129433,0.984506,-0.270609,-0.225223,-0.447777,0.567308,0.265397,-0.252780,-0.064969,-0.409096,-0.007824,0.489232,-0.330843,0.169109,0.299409,0.000000,0.000000,0.371501,0.040848,-0.144902,1.213557,0.434254,0.000075,0.000002,-1.990562,0.433311,1.012818,1.023252,-0.236525,0.000032,0.000017
-0.108190,-0.118054,0.777499,0.106626,0.023569,0.148231,0.982905,-0.320543,-0.176371,-0.328307,0.614136,0.285261,-0.259231,-0.046736,-0.391075,-0.053423,0.485428,-0.321484,0.166576,0.279133,0.000000,0.000000,0.364805,0.052292,-0.131000,1.204497,0.445346,0.000079,-0.000003,-2.001018,0.389758,1.044860,0.964282,-0.229824,0.000031,0.000013
-0.109113,-0.120486,0.776997,0.096415,0.020819,0.166497,0.981096,-0.366099,-0.108738,-0.196119,0.661972,0.284599,-0.256936,-0.029994,-0.368917,-0.097613,0.486448,-0.318924,0.161281,0.257948,0.000000,0.000000,0.356968,0.065020,-0.112929,1.193825,0.449001,0.000071,-0.000006,-2.014550,0.338068,1.079746,0.902210,-0.236000,0.000025,0.000002
-0.110127,-0.122749,0.775227,0.084952,0.016888,0.183481,0.979200,-0.396947,-0.019252,-0.044310,0.706790,0.250466,-0.239732,-0.015373,-0.342344,-0.138418,0.493174,-0.324101,0.154173,0.236920,0.000000,0.000000,0.348132,0.076559,-0.086389,1.175441,0.441602,0.000072,-0.000007,-2.025886,0.279705,1.110374,0.839090,-0.246452,0.000024,-0.000005
-0.111171,-0.125100,0.772041,0.072566,0.012032,0.199553,0.977122,-0.410003,0.081544,0.117035,0.743810,0.204690,-0.209797,-0.004991,-0.313193,-0.174625,0.510286,-0.338606,0.146718,0.217881,0.000000,0.000000,0.337809,0.087013,-0.058176,1.151834,0.427971,0.000041,-0.000005,-2.028860,0.216802,1.130905,0.777086,-0.249084,0.000011,-0.000003
-0.112101,-0.127457,0.767290,0.059659,0.006793,0.212391,0.975338,-0.404642,0.181395,0.271948,0.767529,0.151576,-0.173252,-0.003010,-0.281843,-0.199519,0.541690,-0.363185,0.139084,0.198928,0.000000,0.000000,0.325347,0.099667,-0.033644,1.125643,0.414160,0.000054,-0.000012,-2.030155,0.154233,1.142905,0.714002,-0.250813,0.000016,-0.000006
-0.112773,-0.129638,0.761388,0.047490,0.001281,0.223278,0.973597,-0.391155,0.269536,0.406081,0.790979,0.082933,-0.129234,-0.005264,-0.250768,-0.217227,0.580195,-0.395105,0.130198,0.179983,0.000000,0.000000,0.314853,0.116106,-0.011838,1.102486,0.403671,0.000085,-0.000021,-2.033185,0.091595,1.150576,0.655665,-0.260014,0.000026,-0.000018
-0.113224,-0.131772,0.754760,0.036043,-0.003670,0.233492,0.971684,-0.376796,0.344818,0.521517,0.812595,0.006115,-0.072651,-0.007363,-0.220967,-0.234811,0.614641,-0.434512,0.119067,0.160505,0.000000,0.000000,0.303749,0.136122,0.003724,1.083057,0.398753,0.000095,-0.000025,-2.036269,0.028518,1.157664,0.604877,-0.268132,0.000026,-0.000026
-0.113559,-0.133589,0.747756,0.024682,-0.007148,0.242215,0.969882,-0.370267,0.406756,0.605270,0.834047,-0.066840,-0.028160,-0.010064,-0.190891,-0.251656,0.641409,-0.477317,0.102646,0.139525,0.000000,0.000000,0.287058,0.160495,0.015870,1.073544,0.399099,0.000091,-0.000017,-2.043633,-0.032532,1.163278,0.562334,-0.277749,0.000021,-0.000028
-0.113929,-0.135617,0.741336,0.014095,-0.009454,0.249550,0.968213,-0.380211,0.451159,0.637792,0.860167,-0.124673,0.000169,-0.014681,-0.162072,-0.265420,0.664770,-0.516317,0.085576,0.118002,0.000000,0.000000,0.276111,0.186151,0.029344,1.054893,0.401505,0.000079,-0.000008,-2.051319,-0.089407,1.166686,0.525986,-0.283332,0.000016,-0.000023
-0.114122,-0.138146,0.736319,0.003874,-0.011145,0.255922,0.966625,-0.403416,0.481015,0.625038,0.886996,-0.161865,0.002017,-0.021482,-0.134158,-0.276352,0.686170,-0.547162,0.071324,0.095901,0.000000,0.000000,0.269663,0.214360,0.044933,1.036534,0.404412,0.000070,0.000000,-2.059853,-0.142810,1.164224,0.493016,-0.285451,0.000013,-0.000017
-0.114126,-0.141006,0.733310,-0.004338,-0.012451,0.261584,0.965091,-0.428027,0.498546,0.594999,0.906297,-0.176189,-0.013925,-0.029018,-0.111431,-0.284915,0.704355,-0.565832,0.061178,0.073696,0.000000,0.000000,0.267242,0.240974,0.059448,1.023400,0.409347,0.000067,0.000004,-2.066216,-0.191166,1.155468,0.459873,-0.284639,0.000010,-0.000015
-0.113917,-0.143888,0.732287,-0.008920,-0.013806,0.266916,0.963580,-0.444918,0.503404,0.566355,0.913636,-0.172418,-0.027587,-0.034669,-0.097993,-0.292132,0.717771,-0.573428,0.055138,0.054401,0.000000,0.000000,0.267421,0.261224,0.071681,1.012422,0.415655,0.000066,0.000004,-2.070187,-0.236344,1.150581,0.427653,-0.285905,0.000008,-0.000014
-0.113555,-0.146902,0.733357,-0.008441,-0.014191,0.270446,0.962593,-0.457701,0.499376,0.543491,0.916699,-0.134685,-0.049287,-0.039633,-0.097525,-0.296312,0.725620,-0.570511,0.053595,0.040981,0.000000,0.000000,0.267915,0.270903,0.085288,0.999237,0.420382,0.000063,0.000002,-2.072405,-0.274833,1.152019,0.399455,-0.284494,0.000007,-0.000012
-0.113019,-0.150128,0.737087,-0.002982,-0.013811,0.272140,0.962154,-0.456287,0.483287,0.529808,0.902853,-0.079256,-0.077169,-0.041825,-0.110212,-0.297173,0.726635,-0.553677,0.060229,0.034550,0.000000,0.000000,0.267242,0.271148,0.100308,0.982437,0.422983,0.000059,-0.000001,-2.066524,-0.304353,1.160897,0.375995,-0.280977,0.000007,-0.000012
-0.112691,-0.152144,0.742256,0.006020,-0.013033,0.270657,0.962569,-0.445214,0.455205,0.509082,0.876238,-0.026507,-0.111005,-0.038048,-0.130303,-0.296380,0.712691,-0.524919,0.064436,0.034966,0.000000,0.000000,0.263630,0.259238,0.117475,0.965955,0.424247,0.000055,-0.000003,-2.057640,-0.324576,1.182264,0.356504,-0.275317,0.000007,-0.000012
-0.112487,-0.153590,0.747877,0.015486,-0.011450,0.266153,0.963738,-0.430106,0.412625,0.466911,0.835910,0.013290,-0.146274,-0.034149,-0.152359,-0.293422,0.693219,-0.492354,0.069127,0.040122,0.000000,0.000000,0.257464,0.239971,0.142614,0.949027,0.422983,0.000046,-0.000001,-2.050092,-0.339739,1.210360,0.337820,-0.269581,0.000006,-0.000011
-0.112109,-0.154768,0.753541,0.023845,-0.009530,0.260914,0.965020,-0.409585,0.360269,0.407272,0.782177,0.038277,-0.181800,-0.030095,-0.172284,-0.290103,0.670883,-0.460576,0.076303,0.047719,0.000000,0.000000,0.251154,0.218053,0.175167,0.932750,0.420066,0.000032,0.000001,-2.045347,-0.356336,1.241160,0.318907,-0.266335,0.000004,-0.000009
-0.111447,-0.155669,0.758686,0.030967,-0.007269,0.255151,0.966378,-0.383587,0.306421,0.341033,0.721142,0.057421,-0.213155,-0.027315,-0.188522,-0.284469,0.648583,-0.431172,0.083853,0.055545,0.000000,0.000000,0.244186,0.193449,0.213803,0.916534,0.414739,0.000034,0.000004,-2.044309,-0.374911,1.272451,0.300698,-0.264554,0.000004,-0.000012
-0.110754,-0.156461,0.762903,0.036425,-0.004719,0.248622,0.967904,-0.354526,0.253693,0.264788,0.656737,0.068557,-0.243151,-0.028005,-0.199903,-0.275165,0.630583,-0.404933,0.089885,0.063042,0.000000,0.000000,0.237731,0.167759,0.258941,0.899751,0.406695,0.000060,0.000014,-2.047632,-0.395043,1.301727,0.281880,-0.259989,0.000009,-0.000024
-0.110186,-0.157150,0.765927,0.040424,-0.002425,0.241492,0.969558,-0.322015,0.209815,0.195440,0.593303,0.070766,-0.259186,-0.031517,-0.206827,-0.263325,0.618402,-0.384695,0.093114,0.069084,0.000000,0.000000,0.233882,0.142479,0.310046,0.883802,0.397269,0.000060,0.000019,-2.054509,-0.415649,1.329066,0.260509,-0.253385,0.000009,-0.000024
-0.109807,-0.157558,0.767642,0.043543,-0.000581,0.233943,0.971275,-0.286724,0.176170,0.138006,0.533699,0.059788,-0.260715,-0.037317,-0.211000,-0.249342,0.613227,-0.371945,0.094156,0.073812,0.000000,0.000000,0.231454,0.117443,0.363813,0.868974,0.388304,0.000033,0.000011,-2.064027,-0.437389,1.355035,0.235973,-0.247955,0.000005,-0.000012
-0.109619,-0.157722,0.768082,0.045556,0.001024,0.226155,0.973025,-0.254552,0.153416,0.090417,0.483511,0.042392,-0.260779,-0.046088,-0.212309,-0.233496,0.615190,-0.367344,0.093781,0.077900,0.000000,0.000000,0.229892,0.095024,0.418108,0.851527,0.384000,0.000027,0.000010,-2.075078,-0.461833,1.379610,0.208631,-0.243885,0.000005,-0.000009
-0.109635,-0.157761,0.767270,0.046521,0.002089,0.218545,0.974715,-0.227981,0.144701,0.068038,0.446290,0.019888,-0.260683,-0.056090,-0.210725,-0.216753,0.623267,-0.371909,0.091950,0.081152,0.000000,0.000000,0.229908,0.077306,0.468341,0.829372,0.385526,0.000035,0.000015,-2.087032,-0.489313,1.403842,0.178988,-0.240472,0.000008,-0.000013
-0.109981,-0.158121,0.764908,0.046878,0.002619,0.210620,0.976440,-0.210798,0.146170,0.069617,0.428235,-0.007967,-0.261170,-0.068353,-0.207240,-0.198163,0.639809,-0.389644,0.085993,0.083321,0.000000,0.000000,0.229481,0.062382,0.517049,0.803295,0.385514,0.000065,0.000030,-2.102249,-0.520375,1.426531,0.146148,-0.236444,0.000018,-0.000029
-0.110818,-0.159218,0.760753,0.047034,0.002328,0.203000,0.978046,-0.207984,0.152411,0.080012,0.439139,-0.042340,-0.258495,-0.083094,-0.202007,-0.177444,0.667304,-0.422991,0.078132,0.084646,0.000000,0.000000,0.227954,0.053083,0.566119,0.775857,0.384931,0.000064,0.000033,-2.124372,-0.561941,1.448466,0.110190,-0.237086,0.000021,-0.000028
-0.112077,-0.160899,0.756099,0.047727,0.001239,0.196021,0.979437,-0.215846,0.159220,0.089961,0.471834,-0.076767,-0.252021,-0.098341,-0.194911,-0.154391,0.700491,-0.457730,0.067946,0.084438,0.000000,0.000000,0.225481,0.049261,0.611666,0.748570,0.384339,0.000064,0.000036,-2.147805,-0.610198,1.470158,0.068367,-0.238739,0.000020,-0.000028
-0.113763,-0.162776,0.751318,0.048722,-0.000504,0.190111,0.980553,-0.234741,0.168029,0.096434,0.526021,-0.110141,-0.249176,-0.111766,-0.185282,-0.132220,0.733086,-0.488099,0.054481,0.081356,0.000000,0.000000,0.221675,0.049030,0.652498,0.723137,0.383138,0.000065,0.000039,-2.173902,-0.661752,1.491604,0.024627,-0.237879,0.000016,-0.000027
-0.116114,-0.165395,0.747038,0.047897,-0.003245,0.189023,0.980798,-0.266355,0.181797,0.092192,0.593291,-0.131370,-0.253453,-0.116025,-0.170873,-0.123138,0.753453,-0.513616,0.037985,0.071626,0.000000,0.000000,0.216292,0.055142,0.686654,0.699270,0.379852,0.000064,0.000041,-2.204273,-0.721312,1.499266,-0.011275,-0.266918,0.000017,-0.000038
-0.118386,-0.168806,0.743819,0.045521,-0.006012,0.192928,0.980138,-0.313207,0.195405,0.075224,0.669328,-0.119137,-0.258046,-0.115785,-0.156463,-0.127397,0.765324,-0.533166,0.023268,0.053620,0.000000,0.000000,0.210133,0.067812,0.715386,0.679309,0.375183,0.000063,0.000042,-2.226180,-0.796462,1.499945,-0.049897,-0.300803,0.000028,-0.000023
-0.120108,-0.172609,0.741857,0.043362,-0.009147,0.201520,0.978481,-0.365418,0.206638,0.058481,0.741786,-0.074398,-0.256465,-0.110846,-0.147999,-0.143292,0.771602,-0.548084,0.012727,0.028669,0.000000,0.000000,0.205336,0.085056,0.738664,0.663748,0.370632,0.000061,0.000044,-2.243324,-0.881121,1.499960,-0.095272,-0.331947,0.000040,-0.000011
-0.120701,-0.176236,0.741091,0.041739,-0.012858,0.214195,0.975814,-0.415852,0.217506,0.050851,0.801616,-0.009818,-0.248553,-0.100254,-0.145037,-0.169904,0.771698,-0.556950,0.005462,-0.000466,0.000000,0.000000,0.203661,0.105635,0.757742,0.653126,0.369996,0.000061,0.000048,-2.246100,-0.976509,1.499964,-0.155776,-0.342429,0.000039,0.000002
-0.120310,-0.179746,0.741417,0.040692,-0.016257,0.229389,0.972348,-0.463471,0.232390,0.060888,0.849184,0.072069,-0.236651,-0.086906,-0.146330,-0.203223,0.766771,-0.559365,0.001595,-0.030434,0.000000,0.000000,0.202251,0.126022,0.773568,0.645690,0.369579,0.000061,0.000051,-2.233801,-1.078367,1.499958,-0.221637,-0.336353,0.000032,0.000010
-0.118782,-0.182776,0.743420,0.041167,-0.020460,0.244536,0.968550,-0.498882,0.257974,0.099589,0.881926,0.159499,-0.228645,-0.066397,-0.151653,-0.238842,0.752121,-0.553474,0.001197,-0.055909,0.000000,0.000000,0.202247,0.142345,0.781301,0.649525,0.368476,0.000061,0.000048,-2.201016,-1.182983,1.499758,-0.283455,-0.336732,0.000025,0.000013
-0.116960,-0.184930,0.746975,0.042881,-0.023120,0.256223,0.965389,-0.521174,0.294676,0.165694,0.901387,0.240436,-0.221199,-0.044039,-0.159254,-0.269826,0.725736,-0.538332,0.003750,-0.075473,0.000000,0.000000,0.201385,0.154287,0.787587,0.659372,0.368221,0.000047,0.000035,-2.146802,-1.284552,1.484576,-0.341667,-0.337742,0.000014,0.000009
-0.115096,-0.186262,0.750972,0.045629,-0.024031,0.263849,0.963184,-0.530200,0.338418,0.247492,0.909300,0.311583,-0.227767,-0.024898,-0.167493,-0.292078,0.696324,-0.515894,0.010093,-0.088662,0.000000,0.000000,0.199903,0.161686,0.790984,0.670995,0.368504,0.000049,0.000032,-2.057281,-1.388304,1.423625,-0.401732,-0.346376,-0.000007,0.000019
-0.113282,-0.186943,0.754945,0.048098,-0.023778,0.267418,0.962086,-0.525385,0.387873,0.338620,0.908286,0.370889,-0.237269,-0.010584,-0.173607,-0.304813,0.668749,-0.489253,0.018520,-0.096401,0.000000,0.000000,0.200703,0.167336,0.792066,0.681034,0.371950,0.000065,0.000042,-1.936488,-1.497285,1.326553,-0.464947,-0.354664,-0.000023,0.000034
-0.111784,-0.187078,0.758474,0.049400,-0.022413,0.267161,0.962124,-0.511426,0.431566,0.418989,0.899262,0.412561,-0.254427,-0.002362,-0.175972,-0.309111,0.645194,-0.462737,0.023859,-0.100879,0.000000,0.000000,0.201742,0.170158,0.796286,0.687886,0.373927,0.000065,0.000042,-1.786909,-1.614403,1.196169,-0.531137,-0.355807,-0.000033,0.000038
-0.110891,-0.186872,0.761239,0.049483,-0.020373,0.265429,0.962644,-0.494487,0.462827,0.483953,0.885122,0.435924,-0.256150,0.002122,-0.174672,-0.309749,0.624335,-0.439173,0.026290,-0.104795,0.000000,0.000000,0.200462,0.169723,0.802470,0.691369,0.373717,0.000066,0.000046,-1.613762,-1.731068,1.035149,-0.590284,-0.345117,-0.000034,0.000031
-0.110503,-0.186609,0.763001,0.048292,-0.018658,0.264035,0.963123,-0.479387,0.479501,0.525248,0.871703,0.430547,-0.252612,0.005533,-0.170120,-0.310540,0.606579,-0.420817,0.027367,-0.109130,0.000000,0.000000,0.196195,0.168129,0.805429,0.692036,0.375381,0.000067,0.000049,-1.433564,-1.840645,0.859533,-0.631919,-0.325780,-0.000028,0.000017
-0.110493,-0.185958,0.763574,0.046003,-0.017937,0.263483,0.963400,-0.460055,0.484354,0.553106,0.855002,0.387021,-0.257875,0.009803,-0.162955,-0.312525,0.592405,-0.409218,0.028137,-0.115355,0.000000,0.000000,0.189793,0.163509,0.805410,0.691895,0.377660,0.000068,0.000050,-1.257650,-1.930716,0.684730,-0.647269,-0.299477,-0.000012,-0.000006
-0.110856,-0.184688,0.762862,0.042402,-0.018190,0.263325,0.963603,-0.440601,0.479771,0.563280,0.836863,0.323408,-0.259707,0.014757,-0.152672,-0.315241,0.581623,-0.404535,0.028285,-0.122765,0.000000,0.000000,0.179991,0.155543,0.802510,0.694210,0.378824,0.000067,0.000051,-1.087913,-1.999106,0.518302,-0.635514,-0.276706,0.000009,-0.000025
-0.111764,-0.182859,0.760516,0.036814,-0.019661,0.262034,0.964156,-0.428083,0.471515,0.545891,0.825994,0.247996,-0.259735,0.018526,-0.136363,-0.315648,0.576083,-0.406472,0.025881,-0.131687,0.000000,0.000000,0.168935,0.147055,0.800924,0.694794,0.382102,0.000065,0.000054,-0.922457,-2.047110,0.357020,-0.601974,-0.263156,0.000030,-0.000033
-0.112812,-0.181304,0.755961,0.029327,-0.021739,0.259373,0.965087,-0.421917,0.456728,0.498370,0.818990,0.161502,-0.242799,0.017815,-0.115500,-0.312048,0.580459,-0.428949,0.017162,-0.141936,0.000000,0.000000,0.158766,0.140133,0.803672,0.689905,0.386037,0.000055,0.000050,-0.758186,-2.058918,0.194843,-0.550950,-0.256920,0.000037,-0.000029
-0.114151,-0.179768,0.750367,0.022270,-0.023481,0.255320,0.966315,-0.413053,0.441952,0.454965,0.812492,0.058734,-0.216836,0.011191,-0.095764,-0.302822,0.594259,-0.465027,0.007712,-0.152569,0.000000,0.000000,0.145784,0.129295,0.814515,0.686150,0.385498,0.000025,0.000027,-0.589738,-2.040214,0.019724,-0.500241,-0.263099,0.000017,-0.000010
-0.115825,-0.178262,0.744434,0.015231,-0.024505,0.247331,0.968501,-0.400629,0.447025,0.440356,0.813403,-0.051533,-0.216005,-0.005207,-0.074504,-0.283619,0.619455,-0.501600,-0.006565,-0.164420,0.000000,0.000000,0.135840,0.116589,0.834572,0.684515,0.383061,0.000025,0.000034,-0.416592,-1.995758,-0.173603,-0.462570,-0.286534,0.000018,-0.000006
-0.117849,-0.177224,0.738979,0.006871,-0.024703,0.235180,0.971614,-0.396209,0.472836,0.449479,0.826967,-0.131453,-0.199159,-0.034293,-0.049134,-0.254502,0.658458,-0.529476,-0.019427,-0.177262,0.000000,0.000000,0.127520,0.105629,0.861279,0.682196,0.377799,0.000032,0.000050,-0.240957,-1.925248,-0.379609,-0.448704,-0.322303,0.000020,-0.000001
-0.119872,-0.177086,0.735070,-0.003165,-0.023620,0.220161,0.975172,-0.406109,0.513003,0.463024,0.853600,-0.166860,-0.177866,-0.070076,-0.018692,-0.221459,0.698511,-0.545373,-0.028486,-0.189603,0.000000,0.000000,0.115038,0.096907,0.889596,0.677006,0.364224,0.000041,0.000066,-0.066128,-1.831171,-0.584025,-0.460899,-0.357741,0.000019,0.000005
-0.121296,-0.178412,0.733398,-0.013317,-0.020981,0.204956,0.978456,-0.422098,0.553717,0.469938,0.877312,-0.166218,-0.175227,-0.104615,0.011475,-0.193172,0.730081,-0.552392,-0.034696,-0.198484,0.000000,0.000000,0.101829,0.095546,0.912323,0.668805,0.351134,0.000042,0.000068,0.093265,-1.722118,-0.772587,-0.497338,-0.391986,0.000016,0.000006
-0.122479,-0.180560,0.733533,-0.019747,-0.018673,0.189077,0.981586,-0.441583,0.593148,0.474154,0.907616,-0.124322,-0.190451,-0.129556,0.034389,-0.166673,0.749126,-0.553672,-0.039520,-0.208422,0.000000,0.000000,0.087726,0.094324,0.932537,0.664481,0.338425,0.000038,0.000060,0.231468,-1.615140,-0.934321,-0.542975,-0.417202,0.000016,0.000006
-0.123319,-0.182855,0.735377,-0.021013,-0.015977,0.175276,0.984165,-0.457851,0.620542,0.479759,0.930769,-0.059166,-0.209273,-0.146337,0.042460,-0.145883,0.757212,-0.550579,-0.041240,-0.217975,0.000000,0.000000,0.068115,0.090119,0.945084,0.663363,0.327455,0.000033,0.000054,0.340414,-1.504607,-1.074571,-0.598398,-0.420664,0.000016,0.000002
-0.123687,-0.184784,0.739013,-0.018702,-0.013570,0.163633,0.986251,-0.463037,0.637133,0.491567,0.938494,0.010944,-0.233801,-0.152884,0.039563,-0.130534,0.749134,-0.540344,-0.040495,-0.225642,0.000000,0.000000,0.044705,0.082366,0.949324,0.662825,0.317787,0.000064,0.000078,0.433805,-1.394408,-1.184844,-0.659114,-0.405135,0.000038,0.000002
-0.123733,-0.185730,0.743755,-0.013741,-0.010551,0.152032,0.988224,-0.458548,0.648254,0.514937,0.937280,0.077276,-0.256569,-0.153264,0.030648,-0.113535,0.726036,-0.521775,-0.038188,-0.231933,0.000000,0.000000,0.017403,0.070647,0.946828,0.663911,0.308879,0.000073,0.000086,0.504079,-1.286491,-1.273678,-0.713849,-0.393135,0.000047,0.000001
-0.123479,-0.186166,0.748961,-0.008015,-0.006853,0.139192,0.990209,-0.444865,0.659143,0.553913,0.928995,0.136991,-0.261449,-0.151622,0.020605,-0.093250,0.695084,-0.497570,-0.034917,-0.238122,0.000000,0.000000,-0.012357,0.057025,0.935047,0.667773,0.300780,0.000065,0.000078,0.537764,-1.175509,-1.335019,-0.762455,-0.367340,0.000042,-0.000016
-0.123193,-0.186184,0.754367,-0.002351,-0.003194,0.125681,0.992063,-0.424818,0.668313,0.597962,0.914764,0.193845,-0.261419,-0.148151,0.010789,-0.071474,0.659420,-0.469705,-0.030931,-0.243483,0.000000,0.000000,-0.033134,0.048449,0.921665,0.671682,0.308500,0.000039,0.000059,0.559626,-1.062688,-1.372781,-0.803199,-0.351558,0.000020,-0.000013
-0.122989,-0.185685,0.759543,0.002834,0.000524,0.111780,0.993729,-0.403105,0.673155,0.637343,0.896073,0.246337,-0.261622,-0.142610,0.001941,-0.049547,0.619826,-0.439721,-0.026441,-0.248541,0.000000,0.000000,-0.055499,0.038614,0.903862,0.672006,0.315184,0.000047,0.000071,0.566387,-0.944736,-1.388585,-0.837102,-0.335007,0.000022,-0.000021
-0.122707,-0.184610,0.764096,0.006107,0.003927,0.097063,0.995252,-0.382084,0.673835,0.664232,0.874171,0.285876,-0.261668,-0.136183,-0.002309,-0.026797,0.580934,-0.408603,-0.019172,-0.255282,0.000000,0.000000,-0.078608,0.029460,0.885938,0.667651,0.316926,0.000051,0.000081,0.557771,-0.819456,-1.385721,-0.863999,-0.317879,0.000024,-0.000032
-0.122148,-0.183169,0.767771,0.009746,0.006636,0.086159,0.996212,-0.366759,0.660618,0.667128,0.850763,0.306466,-0.261692,-0.130028,-0.008295,-0.009089,0.547224,-0.378841,-0.007934,-0.257738,0.000000,0.000000,-0.104615,0.016804,0.860193,0.667261,0.322105,0.000055,0.000095,0.547777,-0.682286,-1.376687,-0.881566,-0.303517,0.000026,-0.000045
-0.121872,-0.181114,0.770264,0.009292,0.009165,0.074314,0.997149,-0.360438,0.645198,0.643528,0.829252,0.306371,-0.261706,-0.126911,-0.005639,0.008564,0.520737,-0.354321,0.005690,-0.261129,0.000000,0.000000,-0.135352,0.000889,0.841296,0.666411,0.316402,0.000052,0.000097,0.531631,-0.536289,-1.352189,-0.885189,-0.284088,0.000023,-0.000051
-0.121880,-0.178552,0.771570,0.007191,0.011206,0.063512,0.997892,-0.361538,0.620501,0.590199,0.810618,0.288823,-0.261709,-0.126247,0.000731,0.025324,0.501703,-0.334818,0.020288,-0.264522,0.000000,0.000000,-0.175814,-0.027763,0.830136,0.667806,0.288417,0.000042,0.000087,0.515074,-0.388065,-1.325400,-0.871864,-0.268243,0.000018,-0.000048
-0.122107,-0.175102,0.771566,0.003361,0.012507,0.054389,0.998436,-0.361744,0.584381,0.510572,0.789073,0.245978,-0.261699,-0.127387,0.009980,0.039487,0.490343,-0.321103,0.035577,-0.265377,0.000000,0.000000,-0.229472,-0.073700,0.823698,0.667135,0.232675,0.000028,0.000074,0.496947,-0.242687,-1.299546,-0.838531,-0.249453,0.000012,-0.000044
-0.122453,-0.170442,0.769847,-0.003513,0.012650,0.045144,0.998894,-0.357581,0.550730,0.419623,0.771680,0.180965,-0.261702,-0.128997,0.026365,0.052571,0.485369,-0.313171,0.048712,-0.265624,0.000000,0.000000,-0.284867,-0.120626,0.809559,0.671854,0.184672,0.000023,0.000083,0.481124,-0.110605,-1.276308,-0.785388,-0.232641,0.000009,-0.000052
-0.123072,-0.165120,0.765995,-0.014378,0.012595,0.034934,0.999207,-0.353235,0.525003,0.316849,0.762547,0.102818,-0.261710,-0.135282,0.053460,0.065142,0.491191,-0.312589,0.054650,-0.265986,0.000000,0.000000,-0.342794,-0.160506,0.773755,0.683058,0.152760,0.000019,0.000089,0.466659,0.007766,-1.255057,-0.714912,-0.221170,0.000009,-0.000058
-0.124028,-0.159442,0.760516,-0.029551,0.010889,0.024388,0.999206,-0.341186,0.518018,0.229878,0.757692,0.018558,-0.261710,-0.144272,0.090731,0.075937,0.510281,-0.320988,0.052793,-0.267176,0.000000,0.000000,-0.398449,-0.184435,0.716796,0.710805,0.149449,0.000020,0.000097,0.454040,0.100519,-1.223369,-0.627065,-0.203405,0.000006,-0.000064
-0.124645,-0.153436,0.753803,-0.048433,0.007970,0.012255,0.998719,-0.323508,0.526474,0.159904,0.756497,-0.074996,-0.261722,-0.153684,0.136879,0.086772,0.536879,-0.338806,0.044563,-0.270489,0.000000,0.000000,-0.459304,-0.212666,0.648546,0.733910,0.149415,0.000017,0.000097,0.442187,0.170599,-1.176863,-0.524427,-0.180053,0.000004,-0.000066
-0.124941,-0.146880,0.746312,-0.068969,0.005366,-0.000728,0.997604,-0.308384,0.541878,0.094086,0.765525,-0.176502,-0.261720,-0.163439,0.186379,0.096194,0.564254,-0.360801,0.029272,-0.274635,0.000000,0.000000,-0.524729,-0.244374,0.577534,0.753506,0.154809,0.000014,0.000097,0.438825,0.220196,-1.118633,-0.412571,-0.162038,0.000004,-0.000064
-0.125220,-0.139364,0.738914,-0.090786,0.001927,-0.014540,0.995762,-0.297487,0.562330,0.032838,0.786251,-0.270621,-0.261731,-0.170054,0.236737,0.105291,0.590630,-0.382460,0.016192,-0.282710,0.000000,0.000000,-0.601040,-0.295819,0.499406,0.762467,0.132932,0.000003,0.000097,0.425285,0.254276,-1.048203,-0.293519,-0.153107,0.000004,-0.000067
-0.125448,-0.131685,0.732818,-0.110475,0.002082,-0.026348,0.993527,-0.298999,0.583343,-0.012547,0.811660,-0.342571,-0.261732,-0.183323,0.279229,0.112565,0.615624,-0.399258,0.012844,-0.292819,0.000000,0.000000,-0.684218,-0.334505,0.399073,0.791283,0.139545,0.000002,0.000097,0.406755,0.286590,-0.980277,-0.188046,-0.136010,0.000005,-0.000065
-0.125735,-0.124337,0.729971,-0.125759,0.003774,-0.035899,0.991404,-0.301430,0.600523,-0.029395,0.827405,-0.386774,-0.261719,-0.197313,0.306849,0.118961,0.635190,-0.408082,0.021060,-0.304757,0.000000,0.000000,-0.764245,-0.370118,0.297024,0.807979,0.142823,-0.000004,0.000097,0.393051,0.317600,-0.921830,-0.101455,-0.132087,0.000006,-0.000065
-0.125828,-0.117471,0.730172,-0.136835,0.005041,-0.045507,0.989535,-0.295939,0.613342,-0.023803,0.831553,-0.406628,-0.261694,-0.207018,0.322916,0.129519,0.647203,-0.407684,0.037831,-0.318506,0.000000,0.000000,-0.834374,-0.392057,0.197631,0.825238,0.155911,-0.000008,0.000097,0.380300,0.338826,-0.860829,-0.020150,-0.141900,0.000003,-0.000057
-0.125788,-0.110976,0.733760,-0.143295,0.005662,-0.056682,0.988039,-0.276236,0.621708,0.004426,0.818595,-0.402521,-0.261653,-0.211812,0.328723,0.147872,0.647603,-0.385697,0.065681,-0.332822,0.000000,0.000000,-0.897499,-0.401722,0.097945,0.839845,0.166491,-0.000017,0.000092,0.370302,0.349432,-0.793979,0.057710,-0.167491,-0.000003,-0.000040
-0.125343,-0.104168,0.740535,-0.143513,0.005964,-0.070107,0.987144,-0.242830,0.623586,0.056992,0.791440,-0.375643,-0.261561,-0.212198,0.321767,0.175671,0.633166,-0.335210,0.098371,-0.344670,0.000000,0.000000,-0.962042,-0.395468,-0.002614,0.861377,0.179553,-0.000018,0.000081,0.363213,0.348436,-0.728133,0.139174,-0.206983,-0.000004,-0.000028
-0.124291,-0.095827,0.748161,-0.138042,0.005691,-0.085353,0.986725,-0.203539,0.615532,0.120706,0.762098,-0.339827,-0.261383,-0.213677,0.302892,0.207159,0.614850,-0.263754,0.130018,-0.350667,0.000000,0.000000,-1.031760,-0.388190,-0.114956,0.884734,0.186737,-0.000017,0.000069,0.355082,0.339853,-0.670428,0.224467,-0.234290,-0.000001,-0.000021
-0.122955,-0.085821,0.755592,-0.129541,0.005114,-0.100424,0.986462,-0.162213,0.592159,0.177974,0.727356,-0.305956,-0.261036,-0.221342,0.272270,0.225907,0.598191,-0.176945,0.161974,-0.344112,0.000000,0.000000,-1.106875,-0.374685,-0.245076,0.901002,0.198285,-0.000015,0.000060,0.343360,0.329988,-0.625163,0.304622,-0.235557,0.000003,-0.000016
-0.121775,-0.075022,0.762303,-0.121031,0.004213,-0.117783,0.985627,-0.119703,0.561270,0.225478,0.689243,-0.275359,-0.261055,-0.234884,0.232546,0.218393,0.584551,-0.085492,0.200236,-0.328614,0.000000,0.000000,-1.177041,-0.354618,-0.374311,0.896126,0.213680,-0.000025,0.000068,0.329221,0.319474,-0.584902,0.378497,-0.217433,0.000011,-0.000018
-0.120505,-0.064129,0.767673,-0.113651,0.003183,-0.137605,0.983940,-0.077358,0.529491,0.267080,0.650183,-0.251126,-0.261056,-0.260633,0.183323,0.169212,0.582894,0.009443,0.240673,-0.305054,0.000000,0.000000,-1.245476,-0.331019,-0.516854,0.878076,0.229239,-0.000040,0.000075,0.312668,0.301472,-0.544696,0.447691,-0.195772,0.000021,-0.000017
-0.119425,-0.053702,0.771534,-0.107796,0.001732,-0.159333,0.981320,-0.035657,0.499622,0.306732,0.612496,-0.234622,-0.259007,-0.295763,0.121197,0.066369,0.596386,0.097756,0.259759,-0.274427,0.000000,0.000000,-1.308698,-0.295662,-0.657675,0.851306,0.244474,-0.000033,0.000060,0.295294,0.274894,-0.502120,0.515335,-0.181639,0.000026,-0.000005
-0.118772,-0.043855,0.773797,-0.103210,-0.000478,-0.181210,0.978013,0.003472,0.472521,0.345329,0.579903,-0.228121,-0.255346,-0.329367,0.042948,-0.079615,0.618826,0.170416,0.261546,-0.241172,0.000000,0.000000,-1.365519,-0.246541,-0.777446,0.808299,0.257399,-0.000030,0.000049,0.278347,0.240051,-0.452798,0.580176,-0.179683,0.000030,0.000005
-0.118011,-0.034669,0.774177,-0.098881,-0.003764,-0.202376,0.974296,0.039739,0.445178,0.382224,0.556421,-0.237261,-0.250941,-0.354028,-0.046784,-0.245577,0.653831,0.218265,0.261568,-0.208131,0.000000,0.000000,-1.412545,-0.190645,-0.871006,0.755464,0.261340,-0.000027,0.000041,0.263595,0.193547,-0.393807,0.639496,-0.196063,0.000035,0.000012
-0.117683,-0.026111,0.772798,-0.093505,-0.007385,-0.221472,0.970645,0.072896,0.415077,0.420587,0.535925,-0.257661,-0.244478,-0.368036,-0.139359,-0.399259,0.693687,0.242912,0.260388,-0.177295,0.000000,0.000000,-1.450910,-0.132633,-0.947402,0.700724,0.249769,-0.000022,0.000035,0.249764,0.141029,-0.329176,0.690363,-0.225228,0.000039,0.000010
-0.117765,-0.018177,0.769398,-0.087380,-0.010733,-0.238049,0.967255,0.095496,0.385887,0.455020,0.529139,-0.290790,-0.238693,-0.369581,-0.227565,-0.542749,0.729674,0.242777,0.235374,-0.148316,0.000000,0.000000,-1.483328,-0.073763,-1.016805,0.645704,0.232527,-0.000018,0.000028,0.237237,0.090591,-0.259754,0.729994,-0.259201,0.000049,0.000013
-0.118264,-0.010803,0.764103,-0.080605,-0.013684,-0.251754,0.964332,0.104070,0.358988,0.480408,0.541971,-0.336333,-0.235954,-0.355633,-0.306179,-0.684178,0.756416,0.199608,0.195693,-0.121195,0.000000,0.000000,-1.516136,-0.013398,-1.083710,0.591368,0.221102,-0.000015,0.000015,0.226028,0.050248,-0.199737,0.755327,-0.285520,0.000057,0.000012
-0.118704,-0.004204,0.757781,-0.073062,-0.016853,-0.260970,0.962431,0.096047,0.334199,0.490484,0.578599,-0.385175,-0.233164,-0.337108,-0.363891,-0.790819,0.771530,0.132611,0.141938,-0.098303,0.000000,0.000000,-1.552920,0.048006,-1.148800,0.537070,0.224456,-0.000009,0.000005,0.215507,0.021323,-0.154567,0.771363,-0.299721,0.000061,0.000010
-0.119330,0.001745,0.750624,-0.065411,-0.020456,-0.263606,0.962193,0.069757,0.312541,0.478429,0.639671,-0.431777,-0.227154,-0.328064,-0.396021,-0.836626,0.778082,0.060429,0.088317,-0.081096,0.000000,0.000000,-1.586566,0.102573,-1.201832,0.479014,0.229824,-0.000002,0.000002,0.209763,0.004889,-0.129495,0.775514,-0.302995,0.000023,0.000004
-0.120877,0.007347,0.743006,-0.059251,-0.023029,-0.258995,0.963785,0.028087,0.296280,0.447955,0.716039,-0.475289,-0.220774,-0.332529,-0.414824,-0.830347,0.790301,-0.017024,0.080216,-0.066629,0.000000,0.000000,-1.613473,0.146951,-1.237589,0.419626,0.228811,-0.000002,0.000004,0.209105,-0.003507,-0.123158,0.773122,-0.298822,0.000022,0.000004
-0.123216,0.013443,0.735238,-0.058344,-0.021724,-0.254074,0.965179,-0.024925,0.293554,0.417007,0.799135,-0.514899,-0.210097,-0.363580,-0.411342,-0.766243,0.818074,-0.074212,0.097069,-0.064431,0.000000,0.000000,-1.633367,0.197934,-1.271298,0.371797,0.230876,-0.000001,0.000005,0.203193,0.001027,-0.117197,0.767478,-0.292593,0.000021,0.000004
-0.125894,0.020057,0.728021,-0.058107,-0.019598,-0.245087,0.967560,-0.078261,0.289049,0.384473,0.874113,-0.550658,-0.194282,-0.414774,-0.398028,-0.658239,0.855053,-0.100750,0.117872,-0.067549,0.000000,0.000000,-1.652108,0.247051,-1.298337,0.328822,0.231633,-0.000000,0.000006,0.196445,0.004219,-0.119116,0.758252,-0.284171,0.000023,0.000004
-0.128504,0.026143,0.721849,-0.060171,-0.019428,-0.233696,0.970252,-0.119376,0.286555,0.353755,0.935233,-0.583738,-0.178344,-0.460672,-0.377181,-0.543126,0.891686,-0.109890,0.157344,-0.072802,0.000000,0.000000,-1.664335,0.292122,-1.325236,0.286853,0.221341,0.000000,0.000006,0.194548,0.006492,-0.123938,0.751053,-0.279848,0.000024,0.000003
-0.130535,0.031729,0.717918,-0.064602,-0.019394,-0.221855,0.972744,-0.151411,0.289428,0.329089,0.978469,-0.609614,-0.155573,-0.495041,-0.345655,-0.432800,0.915380,-0.094499,0.215363,-0.082594,0.000000,0.000000,-1.671483,0.337517,-1.356277,0.256053,0.200599,0.000006,0.000012,0.196889,0.008820,-0.130017,0.744959,-0.281536,0.000061,0.000005
-0.132079,0.036762,0.716015,-0.070529,-0.018643,-0.208449,0.975309,-0.179682,0.293467,0.302454,1.008441,-0.623982,-0.132012,-0.521102,-0.304995,-0.327099,0.927318,-0.057545,0.256600,-0.091786,0.000000,0.000000,-1.689471,0.377777,-1.391212,0.227700,0.193017,0.000013,0.000010,0.205172,0.013610,-0.144227,0.736818,-0.281932,0.000058,0.000004
-0.133174,0.041118,0.716001,-0.076958,-0.017804,-0.194471,0.977723,-0.201723,0.297506,0.275724,1.025547,-0.626855,-0.112151,-0.529768,-0.258262,-0.233753,0.918028,-0.018498,0.261415,-0.097149,0.000000,0.000000,-1.727565,0.411641,-1.433266,0.207399,0.204906,0.000012,0.000005,0.220702,0.024176,-0.171877,0.726084,-0.274758,0.000038,0.000002
-0.133684,0.045091,0.717983,-0.083740,-0.017723,-0.179856,0.979962,-0.213901,0.301376,0.249655,1.028085,-0.621953,-0.097626,-0.517175,-0.210669,-0.151659,0.887033,0.017665,0.261654,-0.097569,0.000000,0.000000,-1.769070,0.437685,-1.470313,0.193391,0.220466,0.000026,0.000003,0.243525,0.039952,-0.212207,0.716002,-0.258877,0.000055,-0.000002
-0.133620,0.047778,0.722426,-0.090288,-0.018567,-0.165616,0.981873,-0.212406,0.301867,0.229933,1.007035,-0.602913,-0.083237,-0.487723,-0.169317,-0.082181,0.839447,0.048488,0.261711,-0.092564,0.000000,0.000000,-1.808860,0.459311,-1.498700,0.189450,0.249823,0.000037,0.000000,0.270318,0.060666,-0.257550,0.709732,-0.239109,0.000054,-0.000005
-0.132741,0.049572,0.728608,-0.094355,-0.020358,-0.154074,0.983333,-0.196966,0.296595,0.219988,0.964506,-0.575820,-0.071187,-0.452700,-0.147670,-0.040165,0.788046,0.085574,0.261751,-0.084543,0.000000,0.000000,-1.837890,0.483552,-1.499882,0.188410,0.280839,0.000052,0.000004,0.296294,0.081793,-0.300957,0.713278,-0.223547,0.000056,-0.000008
-0.131665,0.051226,0.735347,-0.096224,-0.021390,-0.144754,0.984545,-0.178422,0.288637,0.215662,0.914789,-0.545638,-0.062936,-0.422600,-0.140739,-0.023169,0.739936,0.130815,0.261716,-0.076589,0.000000,0.000000,-1.857690,0.516996,-1.499767,0.167048,0.283655,0.000019,-0.000002,0.317199,0.099115,-0.342366,0.723796,-0.212745,0.000026,-0.000005
-0.130525,0.052786,0.742091,-0.096912,-0.022002,-0.137424,0.985514,-0.159212,0.280343,0.215417,0.863458,-0.512371,-0.057003,-0.400527,-0.145962,-0.031074,0.701412,0.181528,0.261726,-0.070444,0.000000,0.000000,-1.876527,0.560575,-1.499828,0.138363,0.288161,0.000016,-0.000004,0.332426,0.109948,-0.373704,0.741494,-0.210704,0.000028,-0.000007
-0.129309,0.054103,0.748494,-0.096879,-0.022494,-0.132275,0.986211,-0.139750,0.272959,0.219099,0.813363,-0.477993,-0.053183,-0.387092,-0.167509,-0.074850,0.673673,0.235652,0.261729,-0.066454,0.000000,0.000000,-1.894429,0.614975,-1.499796,0.102709,0.290066,0.000012,-0.000004,0.343436,0.113707,-0.391001,0.764090,-0.217457,0.000029,-0.000007
-0.128147,0.055099,0.754108,-0.095262,-0.022483,-0.127991,0.986934,-0.122684,0.263605,0.223557,0.767986,-0.445371,-0.052441,-0.380124,-0.208741,-0.159948,0.660076,0.280893,0.261729,-0.063115,0.000000,0.000000,-1.910660,0.682541,-1.499410,0.061773,0.286014,0.000009,-0.000001,0.351508,0.108868,-0.398068,0.790378,-0.230885,0.000030,-0.000007
-0.127319,0.055741,0.758283,-0.092456,-0.021854,-0.124193,0.987700,-0.108708,0.252212,0.227497,0.729561,-0.419285,-0.052445,-0.375406,-0.260888,-0.264215,0.661206,0.314473,0.261730,-0.060581,0.000000,0.000000,-1.926872,0.762319,-1.498653,0.016542,0.282565,0.000023,0.000007,0.354311,0.096616,-0.393985,0.817208,-0.246599,0.000064,-0.000019
-0.126620,0.056235,0.760936,-0.088402,-0.021295,-0.121453,0.988423,-0.096375,0.238013,0.232367,0.698474,-0.400843,-0.051371,-0.370797,-0.318028,-0.369694,0.672904,0.333799,0.261713,-0.058000,0.000000,0.000000,-1.934605,0.846895,-1.490923,-0.029839,0.281921,0.000016,0.000007,0.351795,0.078178,-0.376741,0.841407,-0.264553,0.000066,-0.000016
-0.126059,0.056535,0.762150,-0.083648,-0.020796,-0.120245,0.988995,-0.086614,0.222953,0.237764,0.676283,-0.390453,-0.050391,-0.364014,-0.373745,-0.470292,0.689868,0.337458,0.261715,-0.054679,0.000000,0.000000,-1.939692,0.935651,-1.479232,-0.075885,0.303789,0.000010,-0.000007,0.346034,0.058504,-0.354685,0.860665,-0.276925,0.000072,-0.000013
-0.125625,0.056205,0.761776,-0.078325,-0.020746,-0.119651,0.989504,-0.079064,0.206269,0.242120,0.662629,-0.387448,-0.048651,-0.353599,-0.425631,-0.561031,0.710228,0.319477,0.261324,-0.049900,0.000000,0.000000,-1.936529,1.027329,-1.458899,-0.120064,0.329751,0.000006,-0.000021,0.339377,0.038257,-0.329807,0.875345,-0.288056,0.000078,-0.000011
-0.125722,0.054976,0.759654,-0.071018,-0.022235,-0.120400,0.989932,-0.070597,0.185187,0.247997,0.656532,-0.391396,-0.045796,-0.334858,-0.477431,-0.657563,0.728799,0.275805,0.222024,-0.041577,0.000000,0.000000,-1.923281,1.118870,-1.425236,-0.161970,0.345993,-0.000001,-0.000009,0.331214,0.019225,-0.302479,0.883180,-0.298524,0.000036,-0.000004
-0.126192,0.053551,0.754536,-0.061507,-0.024349,-0.122754,0.990230,-0.070027,0.162157,0.253427,0.672015,-0.416312,-0.041657,-0.308973,-0.523919,-0.762673,0.741890,0.199336,0.156121,-0.028921,0.000000,0.000000,-1.901493,1.207080,-1.377281,-0.200064,0.358347,-0.000009,-0.000019,0.324348,0.002947,-0.275094,0.889601,-0.303281,0.000064,-0.000005
-0.126917,0.052094,0.748020,-0.052099,-0.026929,-0.125492,0.990360,-0.076905,0.140163,0.255966,0.704174,-0.448881,-0.038082,-0.289560,-0.559992,-0.842827,0.756505,0.115038,0.085526,-0.015155,0.000000,0.000000,-1.870447,1.290266,-1.321212,-0.237054,0.372445,-0.000019,-0.000029,0.319885,-0.010621,-0.252702,0.885126,-0.302910,0.000072,-0.000003
-0.127697,0.050843,0.740968,-0.043347,-0.029580,-0.127407,0.990461,-0.090580,0.119846,0.254904,0.748410,-0.481371,-0.034842,-0.285478,-0.588105,-0.880540,0.778950,0.034937,0.028474,-0.001825,0.000000,0.000000,-1.828451,1.369386,-1.252796,-0.275011,0.389063,-0.000028,-0.000034,0.316097,-0.025014,-0.230775,0.877251,-0.304436,0.000073,-0.000001
-0.128424,0.050118,0.734115,-0.035379,-0.031614,-0.126698,0.990806,-0.108541,0.099531,0.248246,0.795560,-0.512490,-0.031385,-0.297647,-0.614477,-0.879151,0.811545,-0.025593,-0.004841,0.012526,0.000000,0.000000,-1.772760,1.445010,-1.172554,-0.322540,0.399687,-0.000040,-0.000038,0.311241,-0.041273,-0.207377,0.870673,-0.309569,0.000077,0.000004
-0.129058,0.050446,0.728609,-0.027968,-0.032495,-0.123455,0.991424,-0.129309,0.079397,0.238567,0.839147,-0.538928,-0.027721,-0.318581,-0.641520,-0.858035,0.846900,-0.058737,-0.007217,0.028238,0.000000,0.000000,-1.702957,1.520430,-1.076606,-0.375735,0.407222,-0.000048,-0.000036,0.307771,-0.058485,-0.194479,0.863319,-0.309830,0.000083,0.000007
-0.129401,0.052239,0.725383,-0.022176,-0.032370,-0.118016,0.992236,-0.149608,0.061528,0.227734,0.872900,-0.557346,-0.023109,-0.342182,-0.670502,-0.830742,0.882803,-0.051905,0.014106,0.041267,0.000000,0.000000,-1.613712,1.595115,-0.966188,-0.431069,0.403249,-0.000054,-0.000026,0.307475,-0.080099,-0.189847,0.855450,-0.308477,0.000091,0.000008
-0.129736,0.054930,0.724265,-0.019221,-0.031731,-0.111798,0.993038,-0.164849,0.048158,0.216534,0.892582,-0.567262,-0.017885,-0.371334,-0.704865,-0.801832,0.925964,0.004712,0.047000,0.050973,0.000000,0.000000,-1.508731,1.674979,-0.843703,-0.483791,0.398169,-0.000052,-0.000013,0.309820,-0.101861,-0.190311,0.845594,-0.306394,0.000097,0.000010
-0.129940,0.057601,0.724671,-0.019418,-0.031009,-0.105602,0.993735,-0.173268,0.042413,0.206740,0.899761,-0.570603,-0.013073,-0.397652,-0.737327,-0.778441,0.963794,0.083008,0.082237,0.059043,0.000000,0.000000,-1.388289,1.754877,-0.716791,-0.534520,0.384453,-0.000052,-0.000007,0.313939,-0.118838,-0.193896,0.836113,-0.302202,0.000098,0.000010
-0.129775,0.060219,0.726989,-0.022090,-0.030196,-0.100334,0.994250,-0.176445,0.046339,0.200515,0.896766,-0.567543,-0.010729,-0.413306,-0.757360,-0.762907,0.982969,0.167867,0.119417,0.063230,0.000000,0.000000,-1.257963,1.826846,-0.587103,-0.568650,0.364297,-0.000040,0.000003,0.320478,-0.132093,-0.200738,0.825533,-0.297019,0.000084,0.000007
-0.129193,0.061679,0.731260,-0.027153,-0.029031,-0.093283,0.994846,-0.172455,0.054825,0.191384,0.876529,-0.553460,-0.010691,-0.417396,-0.764796,-0.751033,0.985701,0.249201,0.156978,0.065462,0.000000,0.000000,-1.125928,1.885036,-0.456554,-0.584557,0.345528,-0.000019,0.000009,0.327993,-0.135662,-0.208543,0.818363,-0.290526,0.000056,0.000004
-0.128383,0.062380,0.736378,-0.032219,-0.027349,-0.085399,0.995450,-0.164165,0.061914,0.180592,0.843673,-0.531356,-0.011720,-0.418144,-0.759330,-0.729670,0.973844,0.318407,0.186954,0.065653,0.000000,0.000000,-0.992824,1.920312,-0.330677,-0.572984,0.322023,-0.000007,0.000011,0.336254,-0.134521,-0.216640,0.816004,-0.287007,0.000043,0.000003
-0.127671,0.062442,0.741644,-0.036298,-0.024879,-0.076083,0.996130,-0.156562,0.065679,0.166615,0.807009,-0.504518,-0.013794,-0.417599,-0.744387,-0.699915,0.951326,0.374536,0.216785,0.066720,0.000000,0.000000,-0.854117,1.945904,-0.210511,-0.543384,0.314071,0.000011,0.000010,0.344279,-0.130897,-0.225507,0.816998,-0.286423,0.000054,0.000004
-0.127013,0.062060,0.746727,-0.039273,-0.022040,-0.066871,0.996745,-0.149893,0.067031,0.152048,0.770572,-0.475096,-0.015861,-0.414326,-0.720657,-0.664961,0.919162,0.416027,0.245990,0.070101,0.000000,0.000000,-0.721175,1.942724,-0.084365,-0.518276,0.317958,0.000029,0.000015,0.350913,-0.126576,-0.231499,0.821558,-0.289940,0.000080,0.000010
-0.126364,0.061587,0.751228,-0.041071,-0.019105,-0.059773,0.997184,-0.144246,0.066915,0.141375,0.736766,-0.446091,-0.016401,-0.409528,-0.691883,-0.628545,0.881456,0.436895,0.259067,0.075420,0.000000,0.000000,-0.585506,1.918944,0.043815,-0.488927,0.330958,0.000044,0.000002,0.356034,-0.122797,-0.237447,0.827977,-0.294329,0.000081,0.000013
-0.125820,0.061054,0.754818,-0.042231,-0.016077,-0.055100,0.997458,-0.140493,0.066946,0.134948,0.708534,-0.420772,-0.015754,-0.403389,-0.661066,-0.594265,0.844569,0.438733,0.261427,0.081834,0.000000,0.000000,-0.445452,1.871364,0.177430,-0.467588,0.348684,0.000054,-0.000013,0.358102,-0.119938,-0.243003,0.834011,-0.298782,0.000081,0.000015
-0.125333,0.060166,0.756958,-0.043184,-0.013771,-0.051861,0.997625,-0.139495,0.067732,0.130214,0.690921,-0.403293,-0.015121,-0.392071,-0.629416,-0.565739,0.812114,0.413086,0.260495,0.088658,0.000000,0.000000,-0.303155,1.796557,0.321652,-0.464516,0.372729,0.000021,-0.000006,0.358336,-0.117303,-0.245086,0.840250,-0.304926,0.000039,0.000005
-0.124950,0.058629,0.757843,-0.044223,-0.011646,-0.049061,0.997748,-0.141611,0.069730,0.125362,0.682550,-0.393595,-0.015193,-0.369963,-0.597297,-0.551445,0.776127,0.361074,0.261176,0.094865,0.000000,0.000000,-0.161431,1.706323,0.468796,-0.482851,0.395949,0.000023,-0.000008,0.356165,-0.112135,-0.244949,0.845835,-0.310672,0.000043,0.000007
-0.124632,0.056347,0.757535,-0.044930,-0.010381,-0.045426,0.997903,-0.144826,0.071184,0.118158,0.681880,-0.392209,-0.016129,-0.336575,-0.568554,-0.553413,0.736914,0.291383,0.261319,0.099892,0.000000,0.000000,-0.029000,1.612288,0.610953,-0.518148,0.420059,0.000022,-0.000008,0.353015,-0.105252,-0.242804,0.850895,-0.317917,0.000044,0.000009
-0.124312,0.053244,0.755570,-0.044502,-0.009309,-0.039867,0.998170,-0.151467,0.069004,0.107120,0.689367,-0.400738,-0.015708,-0.300120,-0.548978,-0.568524,0.704219,0.205875,0.260605,0.103491,0.000000,0.000000,0.088420,1.515820,0.739959,-0.556689,0.422617,0.000020,-0.000007,0.348477,-0.098406,-0.239545,0.858119,-0.329365,0.000042,0.000009
-0.124433,0.050315,0.751105,-0.042166,-0.008721,-0.032882,0.998531,-0.162855,0.061385,0.093494,0.710819,-0.428161,-0.013042,-0.269226,-0.545251,-0.594548,0.690273,0.116330,0.261263,0.105996,0.000000,0.000000,0.181584,1.429508,0.852014,-0.596616,0.412450,0.000055,-0.000015,0.344315,-0.092758,-0.242169,0.862026,-0.337840,0.000081,0.000033
-0.125057,0.048089,0.745515,-0.039072,-0.008453,-0.024602,0.998898,-0.183070,0.050533,0.076157,0.751663,-0.461877,-0.012240,-0.247895,-0.553765,-0.623890,0.696001,0.030232,0.253391,0.106978,0.000000,0.000000,0.250544,1.355430,0.942407,-0.631303,0.405882,0.000056,-0.000010,0.339869,-0.088438,-0.256050,0.862446,-0.339733,0.000081,0.000035
-0.126145,0.046560,0.739718,-0.036221,-0.007888,-0.015663,0.999190,-0.210334,0.038084,0.056983,0.802878,-0.491412,-0.012530,-0.237846,-0.568958,-0.650662,0.715626,-0.041229,0.234517,0.107554,0.000000,0.000000,0.298125,1.285047,1.020938,-0.663718,0.409095,0.000040,-0.000002,0.336260,-0.086989,-0.275727,0.862195,-0.340697,0.000065,0.000025
-0.127780,0.045960,0.734679,-0.033367,-0.006433,-0.006601,0.999401,-0.239429,0.023817,0.038657,0.851189,-0.514590,-0.012715,-0.238097,-0.587920,-0.668714,0.741556,-0.090402,0.220422,0.108294,0.000000,0.000000,0.328405,1.209024,1.089009,-0.693994,0.421790,0.000020,0.000007,0.332098,-0.089557,-0.299690,0.861674,-0.342250,0.000042,0.000010
-0.129512,0.046245,0.731257,-0.030712,-0.004192,0.001192,0.999519,-0.264475,0.010141,0.023927,0.887256,-0.531166,-0.012322,-0.247345,-0.605656,-0.673880,0.766895,-0.111690,0.215259,0.108981,0.000000,0.000000,0.352610,1.117873,1.137131,-0.725776,0.420766,0.000020,0.000011,0.327735,-0.095859,-0.326836,0.861216,-0.343739,0.000043,0.000009
-0.131173,0.046980,0.729762,-0.028376,-0.002265,0.007050,0.999570,-0.279892,-0.000308,0.015863,0.906212,-0.539761,-0.011343,-0.264545,-0.620233,-0.663456,0.790181,-0.103849,0.218614,0.110430,0.000000,0.000000,0.363682,1.004935,1.173671,-0.758572,0.416229,0.000021,0.000015,0.323576,-0.103758,-0.356623,0.861480,-0.344824,0.000042,0.000007
-0.132740,0.048591,0.730382,-0.026928,-0.000881,0.009556,0.999591,-0.285922,-0.005224,0.015792,0.907716,-0.539334,-0.009750,-0.295013,-0.632794,-0.633146,0.818131,-0.055478,0.230930,0.112422,0.000000,0.000000,0.366089,0.866298,1.188661,-0.785673,0.402656,0.000061,0.000055,0.317482,-0.112968,-0.384448,0.863907,-0.347921,0.000082,0.000018
-0.133783,0.050573,0.732785,-0.027331,0.000092,0.009957,0.999577,-0.284797,-0.003748,0.018982,0.895497,-0.531724,-0.008153,-0.322355,-0.638017,-0.601487,0.833782,0.009541,0.252196,0.114183,0.000000,0.000000,0.359117,0.708611,1.176593,-0.804855,0.370980,0.000064,0.000066,0.309372,-0.121052,-0.407515,0.869057,-0.355165,0.000082,0.000015
-0.134149,0.051747,0.737269,-0.029102,0.000544,0.010744,0.999519,-0.274615,0.000670,0.020180,0.864319,-0.512565,-0.007948,-0.337437,-0.635149,-0.579251,0.831193,0.078066,0.260913,0.116174,0.000000,0.000000,0.343359,0.545399,1.132118,-0.813959,0.320624,0.000062,0.000077,0.300568,-0.123053,-0.427931,0.878113,-0.365763,0.000083,0.000012
-0.134148,0.052518,0.742423,-0.030582,0.001618,0.013711,0.999437,-0.262394,0.003039,0.018074,0.824073,-0.486611,-0.008364,-0.345510,-0.627463,-0.555664,0.815535,0.144590,0.260837,0.117404,0.000000,0.000000,0.330341,0.388814,1.062470,-0.806553,0.271719,0.000027,0.000054,0.291280,-0.117540,-0.454827,0.884474,-0.372669,0.000055,0.000003
-0.133724,0.052932,0.747512,-0.031158,0.003179,0.020010,0.999309,-0.250339,0.000984,0.011138,0.780921,-0.457324,-0.009081,-0.346208,-0.614690,-0.522990,0.789798,0.196305,0.261235,0.117822,0.000000,0.000000,0.344176,0.257027,0.976184,-0.777007,0.259621,0.000018,0.000048,0.282564,-0.106266,-0.483692,0.889468,-0.377991,0.000052,-0.000002
-0.133282,0.052322,0.752136,-0.031442,0.005158,0.029938,0.999044,-0.240539,-0.003988,-0.002808,0.739715,-0.424917,-0.012404,-0.338403,-0.594019,-0.478685,0.756307,0.226413,0.261505,0.118096,0.000000,0.000000,0.348035,0.137787,0.875882,-0.728432,0.240072,0.000016,0.000057,0.274142,-0.089079,-0.511185,0.893933,-0.383539,0.000057,-0.000007
-0.133054,0.051234,0.755881,-0.031132,0.007662,0.041445,0.998626,-0.235142,-0.011121,-0.019964,0.705590,-0.394393,-0.016071,-0.327127,-0.567516,-0.423475,0.718833,0.239221,0.261613,0.119161,0.000000,0.000000,0.355729,0.039053,0.766930,-0.661276,0.227209,0.000013,0.000066,0.264858,-0.069116,-0.539740,0.895644,-0.388660,0.000063,-0.000012
-0.133033,0.049723,0.758529,-0.030393,0.010334,0.053515,0.998051,-0.234097,-0.019704,-0.038851,0.680639,-0.369001,-0.019107,-0.312684,-0.536844,-0.359040,0.681771,0.233968,0.261644,0.120841,0.000000,0.000000,0.363503,-0.040969,0.647347,-0.571484,0.207301,0.000010,0.000069,0.253233,-0.046710,-0.567887,0.895886,-0.396436,0.000062,-0.000018
-0.133348,0.047786,0.759997,-0.029137,0.012875,0.066599,0.997271,-0.238831,-0.029845,-0.059977,0.668078,-0.350653,-0.021703,-0.293275,-0.505911,-0.293977,0.647932,0.209725,0.261665,0.122803,0.000000,0.000000,0.369776,-0.098239,0.520618,-0.459149,0.176585,0.000005,0.000073,0.239419,-0.020568,-0.599883,0.895117,-0.405280,0.000062,-0.000024
-0.134007,0.045410,0.760334,-0.027830,0.015350,0.080804,0.996223,-0.249831,-0.040504,-0.083705,0.668408,-0.340925,-0.024746,-0.266881,-0.478064,-0.240887,0.616106,0.169414,0.261673,0.123897,0.000000,0.000000,0.373120,-0.132055,0.389212,-0.322649,0.130762,0.000003,0.000073,0.221733,0.012991,-0.640904,0.894233,-0.407710,0.000060,-0.000033
-0.134636,0.041533,0.758908,-0.027857,0.017360,0.096574,0.994784,-0.265099,-0.049046,-0.111197,0.680616,-0.342954,-0.028118,-0.228024,-0.462629,-0.233934,0.583206,0.116036,0.261672,0.123813,0.000000,0.000000,0.368790,-0.123327,0.260990,-0.166168,0.098179,0.000006,0.000070,0.190950,0.059523,-0.698329,0.896093,-0.393171,0.000059,-0.000053
-0.135516,0.037130,0.754730,-0.027209,0.019419,0.114611,0.992848,-0.288546,-0.061454,-0.139952,0.710098,-0.364424,-0.025475,-0.186691,-0.461615,-0.267623,0.555329,0.061298,0.261696,0.122702,0.000000,0.000000,0.353054,-0.079347,0.126672,0.003661,0.067914,0.000012,0.000065,0.155603,0.104026,-0.750897,0.906313,-0.383295,0.000061,-0.000075
-0.136861,0.032969,0.748803,-0.026607,0.020998,0.134458,0.990339,-0.319774,-0.077022,-0.171086,0.758675,-0.398371,-0.025476,-0.148038,-0.467371,-0.321541,0.541846,-0.000481,0.261704,0.118224,0.000000,0.000000,0.322453,-0.001625,-0.028563,0.172529,0.041357,0.000017,0.000052,0.109085,0.142613,-0.788783,0.926461,-0.383829,0.000062,-0.000091
-0.138455,0.028661,0.742059,-0.026476,0.022787,0.156672,0.987033,-0.359597,-0.096586,-0.207066,0.822646,-0.430036,-0.033072,-0.113452,-0.475793,-0.383707,0.542750,-0.075010,0.261694,0.110479,0.000000,0.000000,0.279867,0.109742,-0.212172,0.329347,0.038573,0.000025,0.000026,0.044540,0.176179,-0.812267,0.956528,-0.389150,0.000064,-0.000097
-0.140373,0.024940,0.735549,-0.026770,0.025976,0.178619,0.983211,-0.403125,-0.119111,-0.242795,0.887191,-0.455855,-0.042333,-0.088321,-0.484702,-0.444963,0.551453,-0.146151,0.261679,0.100551,0.000000,0.000000,0.232811,0.233256,-0.392599,0.448024,0.076390,0.000031,0.000006,-0.042551,0.204143,-0.818966,0.992684,-0.387888,0.000064,-0.000097
-0.142394,0.021992,0.730959,-0.029070,0.028577,0.198400,0.979273,-0.437545,-0.137572,-0.277350,0.936058,-0.473535,-0.051713,-0.067816,-0.486847,-0.498579,0.559635,-0.195818,0.261678,0.088407,0.000000,0.000000,0.200858,0.351377,-0.549711,0.517153,0.107666,0.000039,-0.000015,-0.151586,0.228978,-0.795004,1.036027,-0.374314,0.000066,-0.000097
-0.144498,0.018975,0.728492,-0.032268,0.030652,0.211898,0.976278,-0.459428,-0.147169,-0.303431,0.964173,-0.483427,-0.059725,-0.058604,-0.483606,-0.532144,0.567655,-0.224755,0.261684,0.074896,0.000000,0.000000,0.181390,0.487398,-0.658276,0.552385,0.146993,0.000052,-0.000028,-0.291496,0.256668,-0.741448,1.081676,-0.358656,0.000070,-0.000095
-0.146074,0.016373,0.727972,-0.035089,0.030716,0.216901,0.975079,-0.468128,-0.145478,-0.316622,0.974348,-0.486601,-0.066294,-0.061263,-0.477126,-0.541819,0.576196,-0.233504,0.261679,0.061459,0.000000,0.000000,0.197822,0.612258,-0.706254,0.560162,0.136668,0.000061,-0.000036,-0.441266,0.281566,-0.653727,1.134162,-0.363492,0.000072,-0.000081
-0.147417,0.014396,0.729426,-0.037088,0.030553,0.215640,0.975290,-0.467236,-0.138084,-0.321421,0.967579,-0.482767,-0.070842,-0.077071,-0.470792,-0.531059,0.588643,-0.220457,0.261686,0.050448,0.000000,0.000000,0.235558,0.739965,-0.702586,0.542382,0.108735,0.000069,-0.000041,-0.600022,0.302909,-0.538838,1.191499,-0.386247,0.000077,-0.000062
-0.147865,0.013144,0.734453,-0.038947,0.031139,0.210001,0.976429,-0.454155,-0.125153,-0.322272,0.931860,-0.464752,-0.073431,-0.103626,-0.466939,-0.507809,0.604313,-0.174224,0.261680,0.041604,0.000000,0.000000,0.285325,0.864255,-0.659687,0.514859,0.077003,0.000069,-0.000039,-0.762248,0.327679,-0.417626,1.255379,-0.412392,0.000079,-0.000044
-0.146963,0.012138,0.741659,-0.038395,0.031489,0.200994,0.978333,-0.425731,-0.109006,-0.314377,0.870073,-0.435224,-0.074162,-0.130973,-0.465250,-0.479009,0.611489,-0.111544,0.261702,0.037817,0.000000,0.000000,0.345554,0.975081,-0.588120,0.502143,0.049113,0.000078,-0.000040,-0.921557,0.357935,-0.290875,1.326368,-0.445637,0.000090,-0.000025
-0.145757,0.010984,0.749721,-0.035026,0.031363,0.187764,0.981088,-0.387926,-0.088979,-0.292940,0.792441,-0.398799,-0.074372,-0.153759,-0.463353,-0.441547,0.605220,-0.046106,0.261717,0.032480,0.000000,0.000000,0.411033,1.062834,-0.503497,0.514976,0.025538,0.000087,-0.000045,-1.069590,0.400712,-0.186567,1.400177,-0.461113,0.000096,-0.000014
-0.144112,0.009780,0.757787,-0.030034,0.029582,0.184282,0.981969,-0.341872,-0.080396,-0.283414,0.707512,-0.355156,-0.075512,-0.160569,-0.468188,-0.417924,0.594990,0.015941,0.261717,0.042970,0.000000,0.000000,0.453197,1.133847,-0.412485,0.544634,0.021048,0.000088,-0.000048,-1.173447,0.425364,-0.111790,1.429904,-0.460411,0.000097,-0.000003
-0.142219,0.008475,0.765221,-0.024006,0.029108,0.179658,0.983005,-0.300962,-0.073655,-0.270739,0.625496,-0.304261,-0.081463,-0.166348,-0.471706,-0.387236,0.579399,0.067289,0.261707,0.057750,0.000000,0.000000,0.479699,1.179321,-0.309120,0.591575,0.024458,0.000082,-0.000046,-1.256546,0.447106,-0.054037,1.449879,-0.447228,0.000091,0.000003
-0.139957,0.007023,0.771581,-0.017896,0.028604,0.175097,0.983973,-0.266216,-0.068641,-0.257548,0.552953,-0.250400,-0.092047,-0.169846,-0.472478,-0.352630,0.562859,0.106947,0.261755,0.073449,0.000000,0.000000,0.488490,1.202888,-0.195343,0.651322,0.037130,0.000084,-0.000066,-1.321281,0.468433,-0.009411,1.464566,-0.423318,0.000085,0.000016
-0.137347,0.005241,0.776575,-0.013064,0.027795,0.173485,0.984357,-0.238860,-0.065002,-0.249960,0.494665,-0.200166,-0.103940,-0.164495,-0.467996,-0.324304,0.546414,0.127248,0.261724,0.088700,0.000000,0.000000,0.475079,1.213163,-0.065938,0.713114,0.065199,0.000075,-0.000045,-1.370658,0.485506,0.034850,1.470701,-0.400570,0.000076,0.000024
-0.135115,0.002552,0.780270,-0.009737,0.027542,0.176268,0.983909,-0.218091,-0.062997,-0.252075,0.447135,-0.157405,-0.114514,-0.154559,-0.453366,-0.289166,0.534205,0.117981,0.261762,0.103557,0.000000,0.000000,0.441516,1.210259,0.074920,0.760121,0.089905,0.000086,-0.000029,-1.412217,0.491844,0.086094,1.464033,-0.386016,0.000086,0.000041
-0.133032,-0.000776,0.782651,-0.007480,0.027716,0.179908,0.983264,-0.203087,-0.060465,-0.257665,0.410068,-0.124410,-0.124186,-0.143341,-0.431408,-0.245740,0.526865,0.092855,0.261739,0.116066,0.000000,0.000000,0.390658,1.187647,0.227708,0.784088,0.103755,0.000093,0.000002,-1.445401,0.493790,0.141384,1.448409,-0.375409,0.000086,0.000037
-0.131101,-0.004597,0.783849,-0.005655,0.028204,0.182187,0.982843,-0.191997,-0.056809,-0.261989,0.381218,-0.101784,-0.132711,-0.133549,-0.407653,-0.199286,0.524883,0.073734,0.261720,0.123403,0.000000,0.000000,0.324002,1.135563,0.388321,0.785564,0.095757,0.000094,0.000022,-1.465913,0.498346,0.193730,1.424136,-0.361042,0.000081,0.000033
-0.128766,-0.009076,0.783762,-0.002809,0.027662,0.184610,0.982418,-0.179811,-0.055271,-0.266195,0.358223,-0.088767,-0.139233,-0.119201,-0.387805,-0.164331,0.523007,0.072579,0.261728,0.127911,0.000000,0.000000,0.249216,1.060112,0.547236,0.762133,0.081011,0.000097,0.000037,-1.468937,0.504124,0.236677,1.397167,-0.337352,0.000081,0.000037
-0.126424,-0.014756,0.782075,0.003361,0.025660,0.188590,0.981715,-0.162843,-0.061466,-0.271026,0.337720,-0.083622,-0.142342,-0.095777,-0.384978,-0.148397,0.519794,0.040700,0.261723,0.132121,0.000000,0.000000,0.170176,0.969993,0.682745,0.695366,0.064982,0.000088,0.000038,-1.452149,0.506351,0.270984,1.367309,-0.305678,0.000080,0.000038
-0.123702,-0.021057,0.778771,0.013154,0.023708,0.192793,0.980865,-0.144690,-0.074694,-0.272087,0.318749,-0.088324,-0.141314,-0.072568,-0.396303,-0.139474,0.518892,-0.014229,0.261699,0.135339,0.000000,0.000000,0.090533,0.875494,0.793275,0.606616,0.053151,0.000067,0.000029,-1.420278,0.506946,0.303918,1.327363,-0.271709,0.000065,0.000034
-0.121006,-0.027577,0.773820,0.026648,0.022483,0.196561,0.979872,-0.128717,-0.094088,-0.264703,0.305808,-0.108532,-0.140215,-0.052915,-0.418854,-0.133312,0.523554,-0.078889,0.261640,0.137532,0.000000,0.000000,0.013658,0.778091,0.875859,0.502417,0.041460,0.000049,0.000019,-1.373986,0.504883,0.343701,1.270672,-0.241711,0.000051,0.000033
-0.118608,-0.034570,0.767632,0.043759,0.020609,0.199769,0.978649,-0.115070,-0.122015,-0.254798,0.306540,-0.137528,-0.139232,-0.031617,-0.451678,-0.134902,0.532394,-0.151623,0.261612,0.141417,0.000000,0.000000,-0.052014,0.684693,0.933244,0.389799,0.043326,0.000039,0.000014,-1.319189,0.495615,0.387512,1.199088,-0.213858,0.000041,0.000035
-0.116546,-0.042101,0.761070,0.062038,0.018645,0.203651,0.976898,-0.109540,-0.155370,-0.251128,0.325438,-0.168964,-0.138999,-0.013277,-0.488019,-0.141903,0.548996,-0.230255,0.261623,0.149529,0.000000,0.000000,-0.114259,0.593096,0.968468,0.270601,0.047754,0.000032,0.000013,-1.255996,0.473939,0.423921,1.109352,-0.182894,0.000028,0.000032
-0.115948,-0.049511,0.754899,0.081196,0.018110,0.204899,0.975241,-0.117785,-0.192060,-0.244919,0.363153,-0.200354,-0.141422,-0.009362,-0.526660,-0.139080,0.576569,-0.303891,0.261572,0.157322,0.000000,0.000000,-0.170360,0.498405,0.987063,0.156492,0.040724,0.000024,0.000012,-1.184048,0.452482,0.458089,1.013128,-0.148841,0.000014,0.000026
-0.116559,-0.056554,0.749733,0.097144,0.017113,0.203819,0.974027,-0.133498,-0.221267,-0.236668,0.411615,-0.230687,-0.146145,-0.014104,-0.556779,-0.131909,0.606960,-0.363398,0.261346,0.163936,0.000000,0.000000,-0.215588,0.401600,0.996637,0.054706,0.027710,0.000018,0.000012,-1.106950,0.431037,0.494935,0.920445,-0.115863,0.000006,0.000022
-0.118023,-0.063749,0.745474,0.107301,0.014831,0.206821,0.972364,-0.150374,-0.240247,-0.239201,0.463038,-0.258472,-0.153846,-0.019058,-0.575041,-0.135449,0.639261,-0.411474,0.261382,0.179501,0.000000,0.000000,-0.258558,0.300235,0.988768,-0.033986,0.011939,0.000025,0.000028,-1.029429,0.386125,0.523989,0.824811,-0.092605,0.000005,0.000034
-0.119988,-0.071031,0.742339,0.112855,0.011345,0.211068,0.970868,-0.164952,-0.248709,-0.247440,0.511312,-0.281639,-0.164247,-0.024510,-0.582413,-0.144586,0.670108,-0.448148,0.259311,0.209016,0.000000,0.000000,-0.296254,0.195792,0.965007,-0.105494,-0.001025,0.000024,0.000042,-0.954576,0.317682,0.542002,0.725760,-0.081278,0.000001,0.000036
-0.121457,-0.078419,0.740419,0.113516,0.007276,0.204586,0.972217,-0.180499,-0.236807,-0.240532,0.556552,-0.294851,-0.184757,-0.040820,-0.568574,-0.131846,0.696494,-0.474632,0.242131,0.236325,0.000000,0.000000,-0.309056,0.106855,0.949885,-0.161819,-0.001623,0.000013,0.000046,-0.882471,0.263246,0.563595,0.631654,-0.074517,-0.000005,0.000025
-0.121951,-0.086046,0.739556,0.108455,0.004507,0.190210,0.975724,-0.203187,-0.205281,-0.222783,0.602182,-0.290448,-0.212179,-0.069549,-0.532324,-0.099504,0.722911,-0.490817,0.213585,0.252644,0.000000,0.000000,-0.300717,0.038059,0.954745,-0.203153,0.010063,0.000003,0.000027,-0.811163,0.233470,0.590699,0.552752,-0.058066,-0.000002,0.000011
-0.122153,-0.093566,0.739606,0.100650,0.003151,0.175045,0.979397,-0.235884,-0.167648,-0.205692,0.655538,-0.267989,-0.239151,-0.097658,-0.487373,-0.067626,0.743965,-0.498517,0.187545,0.257268,0.000000,0.000000,-0.289732,-0.026186,0.962722,-0.228878,0.011662,0.000001,0.000052,-0.732817,0.222389,0.615797,0.487838,-0.020751,-0.000003,0.000026
-0.122065,-0.101089,0.740572,0.090178,0.001971,0.162042,0.982653,-0.273642,-0.122895,-0.189186,0.711651,-0.231936,-0.254835,-0.116163,-0.434772,-0.047257,0.752860,-0.498882,0.159780,0.251046,0.000000,0.000000,-0.272818,-0.085823,0.971049,-0.229048,0.013291,-0.000002,0.000051,-0.645709,0.222060,0.635551,0.432523,0.029571,-0.000002,0.000035
-0.121948,-0.108012,0.742150,0.079175,0.000946,0.154497,0.984815,-0.319762,-0.076567,-0.167867,0.774618,-0.178148,-0.260854,-0.122211,-0.384963,-0.043728,0.748535,-0.493415,0.133996,0.236714,0.000000,0.000000,-0.252257,-0.139315,0.979059,-0.199302,0.023534,-0.000005,0.000052,-0.552729,0.215166,0.644733,0.385299,0.079013,-0.000002,0.000038
-0.121826,-0.114744,0.744064,0.067360,-0.000236,0.150997,0.986237,-0.371502,-0.022782,-0.135478,0.838811,-0.113180,-0.261050,-0.116428,-0.337583,-0.053241,0.730569,-0.486045,0.112337,0.214326,0.000000,0.000000,-0.233197,-0.183633,0.989284,-0.135542,0.043272,-0.000001,0.000021,-0.464776,0.189304,0.655978,0.353672,0.107397,0.000000,0.000015
-0.121516,-0.121287,0.745846,0.055435,-0.001950,0.149024,0.987276,-0.424798,0.040461,-0.091203,0.899320,-0.044513,-0.261634,-0.102968,-0.294453,-0.069039,0.702723,-0.481903,0.093086,0.182479,0.000000,0.000000,-0.220328,-0.214837,0.996506,-0.035378,0.058949,0.000003,0.000028,-0.383829,0.146248,0.668954,0.334429,0.102980,0.000000,0.000020
-0.120773,-0.127415,0.747317,0.044943,-0.004895,0.149136,0.987783,-0.470607,0.105835,-0.043828,0.951390,0.016570,-0.261702,-0.087059,-0.258911,-0.087248,0.677960,-0.480470,0.077216,0.149546,0.000000,0.000000,-0.217838,-0.240673,1.005726,0.075436,0.058197,0.000004,0.000038,-0.300590,0.093707,0.677112,0.324566,0.091709,0.000001,0.000021
-0.119654,-0.132475,0.748424,0.037019,-0.008018,0.148288,0.988219,-0.506063,0.170335,0.007097,0.993332,0.069629,-0.261714,-0.075160,-0.230871,-0.098947,0.661300,-0.478767,0.064809,0.119070,0.000000,0.000000,-0.220488,-0.263436,1.011381,0.192908,0.050497,0.000004,0.000047,-0.212102,0.036811,0.674483,0.329266,0.085450,0.000005,0.000009
-0.118390,-0.136548,0.749106,0.031016,-0.010483,0.144081,0.989024,-0.530513,0.237048,0.066030,1.025394,0.114962,-0.261715,-0.071915,-0.206487,-0.098697,0.654570,-0.476471,0.055261,0.092450,0.000000,0.000000,-0.219294,-0.281180,1.007358,0.309721,0.048840,0.000006,0.000049,-0.122469,-0.017822,0.660963,0.353385,0.099313,0.000017,-0.000010
-0.116719,-0.139962,0.748773,0.024948,-0.009943,0.132676,0.990796,-0.548991,0.312430,0.134594,1.050163,0.141806,-0.261720,-0.089888,-0.178023,-0.078180,0.664358,-0.475794,0.046833,0.068767,0.000000,0.000000,-0.203161,-0.286222,0.988274,0.416812,0.080294,0.000010,0.000051,-0.047462,-0.072848,0.656595,0.380544,0.120041,0.000006,-0.000024
-0.116491,-0.143226,0.748692,0.017700,-0.006162,0.112358,0.993491,-0.549342,0.388374,0.209686,1.058831,0.127117,-0.261726,-0.120771,-0.143306,-0.038934,0.680151,-0.474351,0.039667,0.048124,0.000000,0.000000,-0.194483,-0.287484,0.973336,0.503335,0.117585,0.000012,0.000063,-0.007263,-0.143386,0.658919,0.425292,0.118340,0.000005,-0.000047
-0.116573,-0.145152,0.748199,0.012327,-0.003927,0.088920,0.995955,-0.531230,0.445677,0.280718,1.055813,0.074213,-0.261726,-0.145125,-0.111058,0.005173,0.696044,-0.474627,0.033483,0.025965,0.000000,0.000000,-0.193034,-0.290818,0.960126,0.583336,0.147585,0.000011,0.000072,0.017932,-0.226095,0.687363,0.471318,0.122269,0.000004,-0.000052
-0.116160,-0.145385,0.746897,0.008251,-0.003746,0.064663,0.997866,-0.500534,0.484909,0.348227,1.042446,0.038548,-0.261749,-0.163079,-0.081361,0.049912,0.713880,-0.477155,0.028839,-0.001314,0.000000,0.000000,-0.204510,-0.301342,0.942039,0.667278,0.150555,0.000009,0.000076,0.033472,-0.315669,0.728116,0.511958,0.136290,0.000007,-0.000052
-0.115211,-0.143525,0.745091,0.006680,-0.004261,0.042683,0.999057,-0.457113,0.512981,0.415426,1.023002,0.007439,-0.261637,-0.175187,-0.061074,0.090112,0.729947,-0.481194,0.026889,-0.030446,0.000000,0.000000,-0.221602,-0.320114,0.915867,0.756753,0.154192,0.000007,0.000054,0.044313,-0.427510,0.782768,0.542959,0.156531,0.000009,-0.000028
-0.113868,-0.140062,0.743160,0.004356,-0.005027,0.021310,0.999751,-0.403459,0.536757,0.477615,1.000757,-0.048983,-0.252620,-0.183524,-0.043113,0.126868,0.742819,-0.485341,0.027632,-0.059838,0.000000,0.000000,-0.248129,-0.339472,0.879343,0.845374,0.157416,0.000017,0.000081,0.045813,-0.563307,0.847897,0.556664,0.165210,0.000035,-0.000031
-0.112300,-0.135910,0.741287,0.000048,-0.005580,0.003421,0.999979,-0.350522,0.557119,0.550771,0.978742,-0.123272,-0.194373,-0.190289,-0.025462,0.155259,0.752778,-0.488147,0.030695,-0.090120,0.000000,0.000000,-0.286018,-0.354778,0.830482,0.931321,0.162239,0.000009,0.000063,0.039514,-0.716013,0.910567,0.540140,0.155992,0.000022,0.000004
-0.110513,-0.131482,0.740331,-0.003514,-0.005426,-0.011716,0.999910,-0.304848,0.568233,0.608879,0.957862,-0.184413,-0.162591,-0.194900,-0.013740,0.179123,0.756717,-0.487985,0.036392,-0.117610,0.000000,0.000000,-0.334679,-0.373064,0.767465,1.011198,0.163016,0.000018,0.000081,0.033878,-0.870630,0.945036,0.515276,0.156957,0.000030,0.000022
-0.108749,-0.127955,0.741137,-0.007384,-0.005523,-0.024944,0.999646,-0.266988,0.576379,0.646699,0.938956,-0.218297,-0.162552,-0.192929,-0.003304,0.198631,0.748724,-0.479933,0.042025,-0.140853,0.000000,0.000000,-0.389946,-0.387543,0.687597,1.075203,0.172245,0.000024,0.000074,0.031853,-1.011397,0.950339,0.494608,0.162470,0.000031,0.000035
-0.106840,-0.125143,0.744024,-0.010788,-0.005234,-0.037023,0.999242,-0.238442,0.581630,0.671889,0.919851,-0.221690,-0.174650,-0.187451,0.004680,0.215925,0.727710,-0.459123,0.048380,-0.160841,0.000000,0.000000,-0.450178,-0.392852,0.588957,1.125681,0.195837,0.000025,0.000060,0.030824,-1.132941,0.928294,0.484068,0.168450,0.000031,0.000040
-0.105562,-0.123428,0.749451,-0.013045,-0.003305,-0.048510,0.998732,-0.222562,0.581918,0.685993,0.898252,-0.180158,-0.204594,-0.183555,0.007690,0.233029,0.695615,-0.425458,0.057194,-0.176781,0.000000,0.000000,-0.511518,-0.399357,0.497577,1.154036,0.204568,0.000018,0.000039,0.028596,-1.229695,0.883768,0.486279,0.168089,0.000027,0.000037
-0.104526,-0.121683,0.755937,-0.010416,0.000063,-0.060101,0.998138,-0.217945,0.574510,0.693656,0.883429,-0.114551,-0.232992,-0.180982,-0.001062,0.251775,0.655258,-0.382388,0.066684,-0.189899,0.000000,0.000000,-0.567697,-0.413582,0.432384,1.161196,0.184430,0.000051,0.000074,0.018804,-1.305969,0.815338,0.507520,0.161923,0.000068,0.000076
-0.103291,-0.119617,0.762706,-0.006226,0.002975,-0.070512,0.997487,-0.213835,0.566262,0.702912,0.869298,-0.045636,-0.255819,-0.175676,-0.015104,0.267124,0.610308,-0.332876,0.075988,-0.201989,0.000000,0.000000,-0.619170,-0.424535,0.365878,1.160739,0.166701,0.000050,0.000070,0.007971,-1.368336,0.739607,0.538069,0.150877,0.000066,0.000074
-0.102017,-0.117324,0.769187,-0.001311,0.005375,-0.079572,0.996814,-0.209016,0.555103,0.713763,0.853774,0.012804,-0.261330,-0.169668,-0.031985,0.277920,0.564846,-0.280394,0.086666,-0.212560,0.000000,0.000000,-0.668233,-0.430861,0.288734,1.155595,0.158049,0.000035,0.000050,-0.000096,-1.421919,0.662635,0.574471,0.132387,0.000050,0.000059
-0.100567,-0.114624,0.774980,0.003220,0.007049,-0.088320,0.996062,-0.205046,0.542957,0.716378,0.839492,0.062538,-0.261528,-0.163794,-0.049687,0.279807,0.521374,-0.226981,0.097847,-0.221417,0.000000,0.000000,-0.712940,-0.434079,0.205575,1.144613,0.153766,0.000025,0.000034,-0.007315,-1.462381,0.579075,0.620258,0.104109,0.000039,0.000051
-0.099091,-0.111250,0.779895,0.006362,0.008718,-0.095733,0.995349,-0.205471,0.527789,0.701927,0.826237,0.098868,-0.261672,-0.159810,-0.067613,0.267319,0.481155,-0.174462,0.109213,-0.226962,0.000000,0.000000,-0.752865,-0.437398,0.120737,1.129263,0.149956,0.000032,0.000033,-0.015794,-1.484823,0.480451,0.676685,0.074724,0.000047,0.000063
-0.097782,-0.107616,0.783417,0.007238,0.010579,-0.102077,0.994694,-0.209836,0.511452,0.669565,0.816082,0.116088,-0.261712,-0.159422,-0.081438,0.241653,0.450381,-0.128193,0.117169,-0.227887,0.000000,0.000000,-0.781191,-0.446050,0.053979,1.106899,0.129956,0.000039,0.000035,-0.031889,-1.485737,0.360663,0.741284,0.043066,0.000058,0.000074
-0.096505,-0.103765,0.785639,0.006122,0.012213,-0.108732,0.993977,-0.213824,0.494247,0.624958,0.807676,0.114975,-0.261726,-0.160281,-0.091045,0.207567,0.426357,-0.090669,0.122030,-0.225251,0.000000,0.000000,-0.801368,-0.456526,-0.010540,1.075890,0.103182,0.000045,0.000033,-0.056763,-1.471990,0.223730,0.801487,0.005260,0.000070,0.000077
-0.095271,-0.099684,0.786595,0.003161,0.013158,-0.116068,0.993149,-0.216268,0.473488,0.567176,0.800052,0.098461,-0.261724,-0.161820,-0.097181,0.166453,0.410136,-0.064422,0.123157,-0.219403,0.000000,0.000000,-0.814309,-0.459227,-0.085150,1.039272,0.085751,0.000035,0.000018,-0.088253,-1.443826,0.071605,0.848645,-0.036493,0.000057,0.000051
-0.094000,-0.095182,0.786305,-0.001274,0.013835,-0.124704,0.992097,-0.216316,0.449270,0.501998,0.792948,0.068860,-0.261710,-0.164432,-0.100929,0.120975,0.401327,-0.050596,0.123648,-0.212318,0.000000,0.000000,-0.819988,-0.455821,-0.160415,0.992278,0.072933,0.000023,0.000010,-0.129751,-1.397689,-0.101965,0.863342,-0.074600,0.000049,0.000027
-0.092534,-0.089715,0.784268,-0.007877,0.013883,-0.134902,0.990730,-0.212030,0.429683,0.437069,0.789005,0.024003,-0.261653,-0.167647,-0.099538,0.073134,0.400183,-0.046858,0.121529,-0.206183,0.000000,0.000000,-0.818030,-0.447898,-0.240403,0.928570,0.061491,0.000018,0.000005,-0.176460,-1.329600,-0.294506,0.830722,-0.104660,0.000052,0.000011
-0.091252,-0.083454,0.779877,-0.016525,0.015281,-0.145085,0.989163,-0.207045,0.415956,0.373194,0.787971,-0.035773,-0.261360,-0.176258,-0.093664,0.025810,0.410303,-0.061350,0.117467,-0.199869,0.000000,0.000000,-0.795750,-0.442204,-0.306077,0.845872,0.029557,0.000014,-0.000000,-0.238013,-1.215558,-0.506323,0.730396,-0.101524,0.000056,-0.000013
-0.090163,-0.077081,0.773790,-0.026434,0.015551,-0.154160,0.987570,-0.196846,0.406569,0.321252,0.788648,-0.108640,-0.261690,-0.185151,-0.086628,-0.018302,0.430811,-0.093027,0.112833,-0.192978,0.000000,0.000000,-0.754263,-0.447813,-0.369465,0.750065,-0.025542,0.000019,-0.000018,-0.324455,-1.056393,-0.681039,0.563165,-0.023514,0.000081,-0.000034
-0.089085,-0.070335,0.766487,-0.037486,0.015087,-0.162942,0.985808,-0.183662,0.404788,0.286484,0.793362,-0.186604,-0.261227,-0.194127,-0.076728,-0.053588,0.457875,-0.131982,0.105509,-0.186915,0.000000,0.000000,-0.707149,-0.444765,-0.441602,0.652651,-0.078808,0.000006,-0.000022,-0.404003,-0.905357,-0.778563,0.380788,0.073554,0.000047,-0.000013
-0.088178,-0.063249,0.758281,-0.050178,0.014531,-0.170966,0.983891,-0.173480,0.412643,0.263020,0.809722,-0.271963,-0.261545,-0.205003,-0.061693,-0.074488,0.491346,-0.176053,0.100532,-0.180721,0.000000,0.000000,-0.658450,-0.423330,-0.517925,0.557825,-0.113616,0.000002,-0.000047,-0.452584,-0.785348,-0.820452,0.214069,0.141226,0.000057,0.000001
-0.087479,-0.055770,0.749589,-0.064497,0.014608,-0.178830,0.981655,-0.167923,0.431399,0.252085,0.835823,-0.358782,-0.261616,-0.218606,-0.040333,-0.080706,0.528017,-0.222767,0.099431,-0.173851,0.000000,0.000000,-0.608399,-0.387806,-0.593177,0.468995,-0.135035,-0.000006,-0.000060,-0.464866,-0.701938,-0.841204,0.075025,0.146954,0.000061,-0.000002
-0.087052,-0.048209,0.741481,-0.078973,0.013992,-0.187072,0.979067,-0.160532,0.455670,0.254523,0.860570,-0.439168,-0.258411,-0.233672,-0.015459,-0.072305,0.566962,-0.263498,0.104231,-0.166833,0.000000,0.000000,-0.550544,-0.334949,-0.662140,0.402924,-0.143780,-0.000006,-0.000053,-0.451222,-0.637444,-0.853351,-0.038360,0.112388,0.000050,-0.000007
-0.087263,-0.040041,0.734831,-0.091420,0.013612,-0.193897,0.976658,-0.157562,0.474787,0.260763,0.883906,-0.505809,-0.244090,-0.250061,0.004681,-0.061361,0.603706,-0.289733,0.113763,-0.160204,0.000000,0.000000,-0.492948,-0.272698,-0.730964,0.353055,-0.145258,-0.000003,-0.000060,-0.431920,-0.575398,-0.865914,-0.136648,0.077594,0.000050,-0.000014
-0.088113,-0.031597,0.730192,-0.102028,0.012593,-0.196753,0.975049,-0.163065,0.484717,0.257064,0.909245,-0.551367,-0.225171,-0.266680,0.016721,-0.055355,0.640375,-0.296599,0.126822,-0.153544,0.000000,0.000000,-0.430482,-0.206823,-0.790205,0.321396,-0.145541,-0.000000,-0.000040,-0.412477,-0.505940,-0.872175,-0.225220,0.072173,0.000030,-0.000008
-0.089232,-0.023361,0.727571,-0.109909,0.010530,-0.195463,0.974476,-0.174591,0.484132,0.242630,0.934464,-0.574572,-0.210825,-0.292266,0.016154,-0.057703,0.691994,-0.275516,0.143417,-0.143944,0.000000,0.000000,-0.364097,-0.142489,-0.844197,0.309795,-0.144601,0.000002,-0.000024,-0.396784,-0.426090,-0.872824,-0.304258,0.096623,0.000013,-0.000001
-0.090624,-0.014947,0.726523,-0.113481,0.008355,-0.193033,0.974572,-0.188623,0.474630,0.232816,0.955655,-0.582697,-0.193539,-0.334540,-0.006060,-0.078257,0.764714,-0.220876,0.168874,-0.132383,0.000000,0.000000,-0.299244,-0.078583,-0.888419,0.310953,-0.138609,0.000005,-0.000023,-0.381402,-0.341602,-0.869290,-0.370782,0.123379,0.000009,-0.000000
-0.091948,-0.006379,0.726698,-0.113698,0.005626,-0.190067,0.975149,-0.198804,0.457657,0.230692,0.968705,-0.581430,-0.177767,-0.385213,-0.051891,-0.116457,0.845592,-0.139728,0.200427,-0.121242,0.000000,0.000000,-0.234574,-0.018094,-0.914977,0.317407,-0.135450,0.000007,-0.000027,-0.360887,-0.258341,-0.861580,-0.420357,0.132642,0.000006,0.000001
-0.092954,0.000944,0.728148,-0.111773,0.003211,-0.187768,0.975828,-0.199790,0.439705,0.240706,0.967215,-0.576076,-0.161590,-0.437623,-0.112503,-0.165484,0.922318,-0.048389,0.225831,-0.109941,0.000000,0.000000,-0.163208,0.032575,-0.923508,0.320739,-0.157689,0.000015,-0.000053,-0.334942,-0.175848,-0.851513,-0.453167,0.124111,0.000009,0.000010
-0.093944,0.007244,0.730064,-0.107311,-0.000077,-0.185515,0.976764,-0.190817,0.419748,0.260245,0.954218,-0.571740,-0.146072,-0.481819,-0.188079,-0.224426,0.988473,0.041275,0.247764,-0.097709,0.000000,0.000000,-0.093732,0.077423,-0.926331,0.319054,-0.195285,0.000009,-0.000048,-0.310834,-0.092653,-0.836434,-0.469173,0.111918,0.000002,0.000013
-0.094324,0.013226,0.731464,-0.099128,-0.003209,-0.182472,0.978196,-0.184101,0.391119,0.280324,0.940564,-0.570124,-0.129830,-0.515918,-0.278945,-0.288819,1.041218,0.118976,0.258458,-0.087917,0.000000,0.000000,-0.033982,0.123507,-0.923999,0.318912,-0.213593,0.000009,-0.000039,-0.291031,-0.009337,-0.809122,-0.467575,0.110592,-0.000010,0.000014
-0.094343,0.018094,0.732755,-0.090045,-0.005436,-0.176800,0.980104,-0.178353,0.358581,0.294231,0.922667,-0.570153,-0.114147,-0.533449,-0.375489,-0.360362,1.079023,0.182157,0.260984,-0.080314,0.000000,0.000000,0.016199,0.162961,-0.903106,0.319800,-0.221040,-0.000007,-0.000011,-0.272487,0.077166,-0.782564,-0.447710,0.118657,-0.000022,0.000013
-0.094222,0.021973,0.734175,-0.080716,-0.006758,-0.166100,0.982777,-0.176591,0.321182,0.294921,0.902372,-0.564793,-0.100270,-0.538606,-0.459950,-0.415509,1.106325,0.218189,0.257185,-0.074823,0.000000,0.000000,0.033029,0.237264,-0.898787,0.352104,-0.166351,-0.000004,0.000009,-0.249795,0.162380,-0.748759,-0.402588,0.143752,-0.000021,0.000024
-0.094163,0.025510,0.735335,-0.070779,-0.006863,-0.150809,0.986002,-0.184575,0.280011,0.282913,0.888237,-0.554865,-0.087024,-0.536629,-0.532920,-0.468096,1.125398,0.226510,0.258571,-0.068350,0.000000,0.000000,0.058271,0.294658,-0.893212,0.381930,-0.147127,0.000003,0.000015,-0.228284,0.240625,-0.738044,-0.339427,0.158178,-0.000025,0.000030
-0.094252,0.028322,0.736236,-0.060797,-0.006932,-0.132224,0.989329,-0.196276,0.239248,0.263569,0.880518,-0.543371,-0.076168,-0.532024,-0.584376,-0.509663,1.136110,0.229710,0.261357,-0.059581,0.000000,0.000000,0.086211,0.343223,-0.879915,0.410771,-0.143187,0.000015,0.000021,-0.212691,0.308576,-0.742250,-0.253113,0.169474,-0.000032,0.000031
-0.094354,0.030395,0.736799,-0.050870,-0.006846,-0.112739,0.992298,-0.208687,0.201254,0.243125,0.878034,-0.532688,-0.068433,-0.524521,-0.616626,-0.541497,1.134128,0.239643,0.261552,-0.046414,0.000000,0.000000,0.109101,0.392922,-0.864094,0.435799,-0.132440,0.000011,0.000009,-0.208833,0.358400,-0.753654,-0.137221,0.191859,-0.000017,0.000013
-0.094237,0.031307,0.736829,-0.043731,-0.006068,-0.094364,0.994558,-0.220946,0.173079,0.223011,0.879876,-0.525907,-0.064014,-0.507934,-0.632074,-0.565109,1.124511,0.202183,0.261495,-0.030390,0.000000,0.000000,0.133267,0.454328,-0.840567,0.464320,-0.118181,0.000011,0.000004,-0.227623,0.401111,-0.779054,0.006882,0.227840,-0.000015,0.000009
-0.094200,0.031440,0.736397,-0.039480,-0.004708,-0.078806,0.996097,-0.233429,0.155023,0.205925,0.884504,-0.523566,-0.061059,-0.480695,-0.635808,-0.584957,1.104952,0.145857,0.260586,-0.017280,0.000000,0.000000,0.165260,0.521651,-0.800436,0.501244,-0.125888,0.000043,-0.000004,-0.264382,0.434856,-0.814974,0.188590,0.285959,-0.000043,0.000025
-0.094019,0.030754,0.735645,-0.036254,-0.003329,-0.064320,0.997265,-0.243799,0.141008,0.189861,0.888783,-0.525153,-0.058972,-0.445188,-0.631558,-0.609551,1.074035,0.088919,0.236968,-0.006102,0.000000,0.000000,0.199464,0.598808,-0.743433,0.546539,-0.137277,0.000044,-0.000002,-0.317131,0.461966,-0.850601,0.383162,0.355614,-0.000031,0.000029
-0.094159,0.029063,0.734768,-0.033562,-0.001368,-0.050492,0.998159,-0.254073,0.128864,0.173052,0.891002,-0.528171,-0.057280,-0.404853,-0.623444,-0.644569,1.036981,0.025354,0.198533,0.003796,0.000000,0.000000,0.230969,0.694280,-0.689032,0.589193,-0.139673,0.000035,-0.000005,-0.365371,0.470324,-0.863403,0.586749,0.357157,-0.000015,0.000022
-0.094568,0.026982,0.734191,-0.030654,0.000221,-0.036556,0.998861,-0.262550,0.115336,0.154613,0.889699,-0.530581,-0.054903,-0.368586,-0.620704,-0.675605,1.008931,-0.030874,0.187882,0.011939,0.000000,0.000000,0.263065,0.799348,-0.631421,0.625909,-0.139118,0.000036,-0.000009,-0.409656,0.460970,-0.831028,0.790076,0.279253,-0.000009,0.000014
-0.095063,0.025713,0.734438,-0.026948,0.001681,-0.023025,0.999370,-0.269499,0.098361,0.135947,0.884494,-0.530321,-0.050630,-0.345651,-0.626495,-0.695980,0.993550,-0.058055,0.184599,0.018998,0.000000,0.000000,0.296424,0.901922,-0.570989,0.656027,-0.135542,0.000038,-0.000012,-0.470869,0.445327,-0.759925,0.970850,0.186894,-0.000004,0.000009
-0.095679,0.025140,0.736711,-0.023627,0.004562,-0.010266,0.999658,-0.274115,0.080673,0.118035,0.866663,-0.520290,-0.045694,-0.336297,-0.633312,-0.703870,0.980865,-0.052895,0.190944,0.025604,0.000000,0.000000,0.325916,0.991822,-0.499829,0.677652,-0.131375,0.000040,-0.000014,-0.555986,0.421744,-0.627257,1.129027,0.076059,-0.000000,0.000005
-0.095982,0.024479,0.741499,-0.020951,0.006733,0.002834,0.999754,-0.269232,0.064361,0.100285,0.831641,-0.495536,-0.042812,-0.333062,-0.635493,-0.693712,0.963552,-0.014370,0.203118,0.033473,0.000000,0.000000,0.353531,1.065554,-0.422897,0.692153,-0.127759,0.000038,-0.000018,-0.658801,0.414990,-0.468607,1.257217,-0.016909,0.000005,0.000007
-0.096005,0.023805,0.747566,-0.019847,0.008041,0.015375,0.999652,-0.256255,0.053265,0.084364,0.784698,-0.462066,-0.041212,-0.337273,-0.629276,-0.660076,0.946481,0.042078,0.212521,0.042454,0.000000,0.000000,0.376699,1.123946,-0.339456,0.702121,-0.125025,0.000064,-0.000045,-0.771345,0.426367,-0.319498,1.357368,-0.083714,0.000021,0.000024
-0.095534,0.022695,0.754181,-0.020226,0.009398,0.028140,0.999355,-0.239661,0.047471,0.068711,0.729839,-0.423727,-0.040692,-0.341524,-0.610895,-0.611329,0.924293,0.090396,0.227090,0.052667,0.000000,0.000000,0.389126,1.170086,-0.249131,0.709857,-0.117646,0.000082,-0.000064,-0.884191,0.450380,-0.177060,1.436709,-0.140256,0.000039,0.000039
-0.094556,0.021004,0.760934,-0.021084,0.010828,0.040044,0.998917,-0.222076,0.044500,0.054198,0.672469,-0.377712,-0.042443,-0.343706,-0.582149,-0.548797,0.896040,0.129850,0.249123,0.062634,0.000000,0.000000,0.390297,1.201294,-0.151322,0.722212,-0.102977,0.000081,-0.000069,-0.986402,0.483519,-0.037948,1.494410,-0.194579,0.000062,0.000055
-0.093023,0.018699,0.767192,-0.020651,0.012338,0.051509,0.998383,-0.206638,0.040115,0.040144,0.618357,-0.326476,-0.046221,-0.338543,-0.549184,-0.485502,0.862238,0.152053,0.260913,0.071317,0.000000,0.000000,0.378705,1.217780,-0.049968,0.736162,-0.075633,0.000075,-0.000058,-1.060445,0.509363,0.119313,1.499894,-0.266349,0.000067,0.000051
-0.091066,0.016065,0.772746,-0.018670,0.013817,0.064390,0.997654,-0.194364,0.031778,0.022702,0.570202,-0.274153,-0.050739,-0.326120,-0.516314,-0.422743,0.825484,0.161482,0.260925,0.078960,0.000000,0.000000,0.354623,1.224498,0.052379,0.742593,-0.041319,0.000047,-0.000023,-1.120961,0.535023,0.250261,1.499828,-0.311450,0.000040,0.000031
-0.089198,0.012903,0.777293,-0.015988,0.016618,0.076727,0.996785,-0.187525,0.022278,0.004166,0.528003,-0.225484,-0.056193,-0.311588,-0.481794,-0.358450,0.788200,0.154563,0.261527,0.083093,0.000000,0.000000,0.318500,1.214354,0.160831,0.743724,-0.005145,0.000056,-0.000022,-1.177333,0.555377,0.367760,1.499885,-0.343774,0.000048,0.000042
-0.087382,0.009143,0.780740,-0.013295,0.018552,0.090883,0.995600,-0.181020,0.012046,-0.018977,0.490947,-0.182680,-0.061751,-0.289066,-0.447239,-0.297875,0.751941,0.129264,0.261659,0.085492,0.000000,0.000000,0.272703,1.192193,0.267022,0.730404,0.031931,0.000064,-0.000018,-1.221682,0.568842,0.461020,1.499839,-0.353269,0.000057,0.000054
-0.085244,0.005012,0.783081,-0.009969,0.019596,0.107878,0.993921,-0.171986,-0.000698,-0.047373,0.455830,-0.148353,-0.065058,-0.259174,-0.418038,-0.246739,0.716929,0.098532,0.261754,0.090694,0.000000,0.000000,0.213657,1.154918,0.369396,0.691580,0.069172,0.000082,-0.000025,-1.254779,0.575614,0.527622,1.499907,-0.338999,0.000077,0.000078
-0.082945,0.000584,0.784146,-0.006333,0.020921,0.124555,0.991972,-0.162857,-0.013175,-0.074478,0.422690,-0.123707,-0.065217,-0.226645,-0.391165,-0.199366,0.679716,0.065387,0.261709,0.096582,0.000000,0.000000,0.146444,1.091885,0.470567,0.627903,0.100250,0.000071,-0.000009,-1.277353,0.573849,0.579846,1.487943,-0.312120,0.000059,0.000063
-0.080609,-0.004492,0.784126,-0.002026,0.022765,0.140097,0.989874,-0.154877,-0.025107,-0.097080,0.392756,-0.106193,-0.065207,-0.191842,-0.369692,-0.159547,0.635351,0.037881,0.261694,0.102131,0.000000,0.000000,0.076707,1.005730,0.568513,0.542975,0.119436,0.000071,-0.000002,-1.280067,0.565302,0.626543,1.438464,-0.276293,0.000047,0.000059
-0.078339,-0.010441,0.783010,0.004431,0.024800,0.153749,0.987789,-0.148020,-0.038607,-0.111004,0.367704,-0.094585,-0.065993,-0.157749,-0.363296,-0.135812,0.595567,0.002771,0.261662,0.106762,0.000000,0.000000,0.006189,0.899269,0.659502,0.440142,0.128792,0.000062,0.000002,-1.277149,0.551818,0.673929,1.379102,-0.245315,0.000040,0.000051
-0.075791,-0.016883,0.780455,0.014509,0.026253,0.167172,0.985471,-0.141007,-0.058472,-0.116952,0.349550,-0.089749,-0.066303,-0.124075,-0.374648,-0.129476,0.567325,-0.043885,0.261629,0.111960,0.000000,0.000000,-0.069147,0.773940,0.735398,0.321454,0.122396,0.000056,0.000007,-1.267552,0.529828,0.719468,1.312588,-0.220978,0.000035,0.000042
-0.073097,-0.023333,0.776595,0.027367,0.025815,0.186160,0.981799,-0.132389,-0.086042,-0.124178,0.340507,-0.093998,-0.064825,-0.083289,-0.400601,-0.149127,0.549047,-0.100406,0.261609,0.126033,0.000000,0.000000,-0.157147,0.641605,0.770183,0.187591,0.101022,0.000046,0.000010,-1.245160,0.482693,0.749444,1.228472,-0.196371,0.000029,0.000031
-0.070753,-0.029588,0.771819,0.043230,0.024452,0.205468,0.977403,-0.123322,-0.117744,-0.124586,0.339572,-0.110550,-0.065873,-0.041425,-0.436239,-0.182896,0.540420,-0.161290,0.261560,0.148216,0.000000,0.000000,-0.231297,0.505102,0.770517,0.058657,0.081109,0.000034,0.000010,-1.199096,0.420998,0.757040,1.119191,-0.166857,0.000022,0.000018
-0.069415,-0.035648,0.766538,0.059258,0.023608,0.221541,0.973063,-0.120022,-0.149991,-0.127636,0.350200,-0.137849,-0.067322,-0.006492,-0.472213,-0.220830,0.539678,-0.221262,0.261548,0.173935,0.000000,0.000000,-0.289434,0.373351,0.755920,-0.062433,0.061267,0.000024,0.000008,-1.133949,0.361746,0.753878,0.992288,-0.133613,0.000013,0.000010
-0.069292,-0.041337,0.761188,0.074257,0.023046,0.235058,0.968867,-0.125888,-0.182447,-0.136134,0.377025,-0.171273,-0.066575,0.018753,-0.506145,-0.255805,0.548996,-0.278605,0.261564,0.202309,0.000000,0.000000,-0.329080,0.248460,0.727979,-0.170391,0.043421,0.000016,0.000003,-1.058608,0.306572,0.744264,0.864018,-0.098871,0.000002,0.000008
-0.070480,-0.047014,0.756310,0.086316,0.022875,0.244648,0.965492,-0.142122,-0.209674,-0.144628,0.418483,-0.204397,-0.067275,0.034305,-0.533320,-0.283153,0.562962,-0.331323,0.261326,0.229243,0.000000,0.000000,-0.352269,0.130338,0.699620,-0.258425,0.025163,0.000008,-0.000002,-0.984623,0.260197,0.733038,0.746125,-0.064881,-0.000006,0.000006
-0.072289,-0.053060,0.752151,0.094735,0.021665,0.249243,0.963553,-0.161851,-0.226522,-0.148544,0.464224,-0.231065,-0.073227,0.041205,-0.550696,-0.297485,0.581397,-0.378592,0.261058,0.249858,0.000000,0.000000,-0.357127,0.021609,0.681773,-0.327973,0.011772,0.000005,-0.000003,-0.919246,0.222124,0.727976,0.653416,-0.036911,-0.000009,0.000006
-0.073968,-0.059235,0.749222,0.098064,0.018745,0.249942,0.963100,-0.178914,-0.228061,-0.149748,0.505479,-0.249357,-0.084758,0.040861,-0.553781,-0.300816,0.602701,-0.415453,0.261439,0.262417,0.000000,0.000000,-0.346575,-0.076944,0.677396,-0.374860,0.004220,0.000013,-0.000017,-0.873314,0.188780,0.731413,0.584393,-0.022848,-0.000035,0.000012
-0.075210,-0.065181,0.747282,0.098975,0.015017,0.244892,0.964368,-0.193998,-0.217179,-0.140894,0.543877,-0.263626,-0.098716,0.033047,-0.545839,-0.289137,0.622979,-0.442091,0.258484,0.264078,0.000000,0.000000,-0.323976,-0.160151,0.689653,-0.398355,0.001038,0.000005,-0.000019,-0.829928,0.167948,0.744518,0.533559,-0.011720,-0.000034,0.000012
-0.076051,-0.070705,0.746245,0.097920,0.011449,0.235209,0.966932,-0.211746,-0.196198,-0.122146,0.583978,-0.268926,-0.117562,0.017127,-0.527039,-0.262802,0.641090,-0.458429,0.247480,0.254181,0.000000,0.000000,-0.297638,-0.227904,0.716155,-0.398291,-0.002618,-0.000001,-0.000021,-0.785910,0.159076,0.764203,0.492610,0.001152,-0.000036,0.000011
-0.076581,-0.076105,0.745945,0.094967,0.007887,0.222806,0.970194,-0.234818,-0.166495,-0.093817,0.629877,-0.256704,-0.136081,-0.003010,-0.500268,-0.228459,0.658444,-0.466761,0.229953,0.232853,0.000000,0.000000,-0.274400,-0.279545,0.746902,-0.378143,-0.010933,-0.000003,-0.000010,-0.737634,0.157255,0.787837,0.455473,0.017662,-0.000017,0.000005
-0.076937,-0.081592,0.746526,0.090889,0.003978,0.213378,0.972725,-0.261232,-0.132853,-0.065692,0.679720,-0.227812,-0.154230,-0.018674,-0.471346,-0.202157,0.673266,-0.466793,0.214674,0.206787,0.000000,0.000000,-0.253357,-0.321527,0.776342,-0.335774,-0.016918,-0.000003,-0.000008,-0.674241,0.153030,0.804401,0.421578,0.044383,-0.000014,0.000004
-0.077364,-0.086986,0.748056,0.086557,0.001624,0.208187,0.974250,-0.293351,-0.100169,-0.043495,0.729245,-0.182544,-0.175947,-0.031501,-0.445267,-0.188961,0.683120,-0.457396,0.202281,0.180999,0.000000,0.000000,-0.237357,-0.353540,0.792583,-0.266668,-0.015435,-0.000003,-0.000007,-0.594702,0.134281,0.808553,0.395818,0.073692,-0.000011,0.000004
-0.078108,-0.092469,0.750103,0.081435,0.000080,0.204707,0.975430,-0.328531,-0.062419,-0.017640,0.776467,-0.127005,-0.199880,-0.041126,-0.419549,-0.184903,0.685962,-0.444980,0.187960,0.156228,0.000000,0.000000,-0.228705,-0.378398,0.803254,-0.180717,-0.000989,-0.000003,-0.000011,-0.515953,0.097003,0.813420,0.374755,0.088758,-0.000013,0.000006
-0.078718,-0.098674,0.752255,0.074622,-0.001657,0.201415,0.976658,-0.365209,-0.012409,0.018918,0.821111,-0.062223,-0.227661,-0.048836,-0.390745,-0.185565,0.684359,-0.434501,0.171987,0.132990,0.000000,0.000000,-0.218654,-0.389802,0.800428,-0.084260,0.019532,-0.000008,-0.000024,-0.435743,0.050936,0.810464,0.362093,0.098423,-0.000025,0.000008
-0.079091,-0.104899,0.753983,0.067221,-0.002472,0.194936,0.978507,-0.407001,0.053703,0.076105,0.868935,0.005814,-0.255016,-0.060722,-0.360392,-0.181745,0.682268,-0.428835,0.154908,0.106893,0.000000,0.000000,-0.209161,-0.391846,0.799358,0.015492,0.043041,-0.000010,-0.000018,-0.352658,0.012023,0.798806,0.363115,0.118705,-0.000025,-0.000014
-0.079528,-0.110233,0.755171,0.061055,-0.003229,0.188129,0.980239,-0.449320,0.133400,0.157510,0.921520,0.074385,-0.261529,-0.069140,-0.334484,-0.178070,0.678095,-0.427788,0.140241,0.076117,0.000000,0.000000,-0.200040,-0.389494,0.798702,0.115025,0.065812,-0.000014,-0.000004,-0.273552,-0.034756,0.788537,0.374851,0.126452,-0.000024,-0.000037
-0.079372,-0.114339,0.755587,0.056528,-0.004152,0.180179,0.981999,-0.477705,0.224537,0.254666,0.970238,0.126997,-0.261018,-0.068698,-0.312639,-0.174866,0.665101,-0.434421,0.128191,0.039514,0.000000,0.000000,-0.191640,-0.385000,0.801291,0.213765,0.086628,-0.000004,0.000006,-0.205628,-0.087766,0.781199,0.406905,0.138903,-0.000005,-0.000016
-0.079263,-0.117005,0.755035,0.051285,-0.005041,0.170727,0.983970,-0.493935,0.320764,0.349291,1.016411,0.159123,-0.261357,-0.068216,-0.289029,-0.167411,0.652745,-0.443373,0.118856,-0.001666,0.000000,0.000000,-0.188768,-0.384377,0.815506,0.307185,0.101802,-0.000003,0.000016,-0.145683,-0.143265,0.774034,0.453131,0.155655,-0.000003,-0.000024
-0.079438,-0.119210,0.753406,0.044542,-0.006385,0.161294,0.985880,-0.495476,0.416338,0.434102,1.056146,0.164483,-0.261231,-0.070295,-0.261555,-0.156829,0.648284,-0.455606,0.109223,-0.042137,0.000000,0.000000,-0.193776,-0.388989,0.818645,0.398435,0.096798,-0.000001,0.000022,-0.099419,-0.207058,0.774630,0.490211,0.163445,-0.000006,-0.000027
-0.079624,-0.121112,0.750817,0.034448,-0.007761,0.148015,0.988354,-0.486112,0.506372,0.502666,1.086749,0.144948,-0.260968,-0.082005,-0.224990,-0.134817,0.657267,-0.471157,0.099380,-0.080861,0.000000,0.000000,-0.205769,-0.387385,0.817584,0.489800,0.091371,-0.000000,0.000025,-0.061130,-0.274422,0.791947,0.509913,0.174648,-0.000004,-0.000025
-0.079818,-0.121846,0.747596,0.026112,-0.009233,0.133015,0.990727,-0.465513,0.572006,0.557473,1.098080,0.122809,-0.261132,-0.097449,-0.189745,-0.105233,0.673971,-0.485883,0.088488,-0.116373,0.000000,0.000000,-0.221840,-0.381847,0.790485,0.583033,0.106792,0.000001,0.000026,-0.029955,-0.354577,0.804045,0.519616,0.197425,0.000001,-0.000026
-0.079571,-0.120519,0.744388,0.019375,-0.009526,0.113016,0.993359,-0.429249,0.605822,0.597523,1.083464,0.095948,-0.252334,-0.120631,-0.157450,-0.062852,0.698070,-0.495822,0.084033,-0.147864,0.000000,0.000000,-0.244974,-0.384839,0.757505,0.668041,0.116409,0.000004,0.000066,-0.020152,-0.473570,0.849168,0.503237,0.188128,0.000016,-0.000050
-0.079116,-0.118015,0.741584,0.012487,-0.011005,0.092714,0.995554,-0.379839,0.621218,0.637544,1.058908,0.024534,-0.217230,-0.138035,-0.126926,-0.023582,0.720029,-0.501139,0.080483,-0.179452,0.000000,0.000000,-0.275279,-0.386360,0.707030,0.751431,0.126735,0.000002,0.000036,-0.021261,-0.611081,0.901224,0.463026,0.161128,0.000011,-0.000014
-0.078403,-0.115494,0.739492,0.005459,-0.011935,0.074938,0.997102,-0.333358,0.632526,0.673323,1.037668,-0.060343,-0.217711,-0.152515,-0.100336,0.006857,0.737480,-0.504100,0.076896,-0.209885,0.000000,0.000000,-0.313916,-0.387930,0.642629,0.828962,0.135484,0.000003,0.000034,-0.023381,-0.757093,0.940836,0.402553,0.135118,0.000014,-0.000007
-0.077065,-0.113855,0.738703,-0.000563,-0.011526,0.060260,0.998116,-0.296906,0.645903,0.707961,1.022614,-0.112829,-0.218884,-0.164782,-0.079990,0.028332,0.747973,-0.504777,0.072607,-0.235266,0.000000,0.000000,-0.355777,-0.394409,0.573150,0.890443,0.139640,0.000005,0.000033,-0.015085,-0.896188,0.954617,0.341371,0.134240,0.000018,0.000001
-0.075637,-0.113173,0.739614,-0.004498,-0.011732,0.048633,0.998738,-0.268077,0.657888,0.736534,1.011793,-0.128862,-0.219872,-0.167626,-0.066859,0.042172,0.745810,-0.500757,0.066293,-0.254561,0.000000,0.000000,-0.399913,-0.417613,0.505452,0.931386,0.124683,0.000004,0.000025,0.006850,-1.023557,0.948824,0.288829,0.145287,0.000021,0.000008
-0.074764,-0.113492,0.743397,-0.005168,-0.011116,0.039899,0.999129,-0.248199,0.660544,0.755378,0.995977,-0.100640,-0.233964,-0.160084,-0.065209,0.049567,0.722491,-0.486058,0.060089,-0.269580,0.000000,0.000000,-0.437438,-0.429394,0.431891,0.962441,0.127301,0.000018,0.000063,0.033519,-1.137116,0.921763,0.252486,0.148197,0.000059,0.000039
-0.073641,-0.114002,0.748885,-0.002572,-0.010291,0.032712,0.999409,-0.246963,0.660153,0.758284,0.988930,-0.024786,-0.247230,-0.150046,-0.071512,0.057013,0.686805,-0.457575,0.060587,-0.281739,0.000000,0.000000,-0.474882,-0.443129,0.352920,0.988202,0.126690,0.000020,0.000053,0.067027,-1.237348,0.880492,0.233750,0.146571,0.000058,0.000045
-0.073054,-0.113773,0.754976,0.001643,-0.008853,0.026362,0.999612,-0.251077,0.657225,0.758228,0.981339,0.054115,-0.258309,-0.137334,-0.083239,0.063419,0.641587,-0.421231,0.065471,-0.294196,0.000000,0.000000,-0.509849,-0.455114,0.271520,1.004489,0.126436,0.000025,0.000047,0.103049,-1.322018,0.826323,0.232805,0.148097,0.000059,0.000049
-0.072617,-0.113036,0.761322,0.006438,-0.006640,0.021040,0.999736,-0.255904,0.647173,0.754348,0.968682,0.115782,-0.260515,-0.124842,-0.098073,0.067607,0.593241,-0.378369,0.073718,-0.306322,0.000000,0.000000,-0.545675,-0.471523,0.180869,1.006461,0.117334,0.000012,0.000007,0.138009,-1.389387,0.764213,0.250441,0.150572,0.000031,0.000026
-0.071852,-0.111677,0.767316,0.011326,-0.004328,0.015708,0.999803,-0.259092,0.629042,0.741798,0.949509,0.161794,-0.261010,-0.116291,-0.113103,0.072502,0.551641,-0.331090,0.082440,-0.316754,0.000000,0.000000,-0.570305,-0.491904,0.103412,0.992660,0.092448,0.000007,-0.000011,0.169401,-1.441169,0.696758,0.287399,0.148674,0.000024,0.000024
-0.070795,-0.109358,0.772604,0.015326,-0.002795,0.007987,0.999847,-0.259852,0.599322,0.708017,0.924827,0.186607,-0.261462,-0.111578,-0.124329,0.081955,0.517919,-0.281598,0.089843,-0.323412,0.000000,0.000000,-0.587577,-0.502501,0.016718,0.978084,0.079560,0.000008,-0.000017,0.192292,-1.472769,0.620943,0.347702,0.129465,0.000028,0.000031
-0.070028,-0.106227,0.777149,0.018326,-0.002027,-0.001782,0.999828,-0.256214,0.559291,0.659429,0.893323,0.193582,-0.261584,-0.109522,-0.131884,0.096226,0.490189,-0.233814,0.098705,-0.325240,0.000000,0.000000,-0.603431,-0.513581,-0.088858,0.963348,0.067819,0.000007,-0.000028,0.207779,-1.486388,0.531440,0.423830,0.102908,0.000029,0.000036
-0.069330,-0.102471,0.780585,0.019397,-0.001224,-0.013121,0.999725,-0.254825,0.508497,0.588949,0.860951,0.172450,-0.261635,-0.112711,-0.133797,0.114279,0.470075,-0.190992,0.107418,-0.319764,0.000000,0.000000,-0.610886,-0.520697,-0.195788,0.940013,0.055072,0.000004,-0.000034,0.209865,-1.473818,0.420874,0.519169,0.065968,0.000030,0.000035
-0.068458,-0.097990,0.782672,0.018796,-0.000743,-0.026928,0.999460,-0.251273,0.444329,0.492644,0.828297,0.120540,-0.261678,-0.118575,-0.132488,0.129440,0.456020,-0.156096,0.114620,-0.308393,0.000000,0.000000,-0.615564,-0.514557,-0.314370,0.919271,0.061310,0.000004,-0.000037,0.189149,-1.428041,0.276554,0.626229,0.026787,0.000033,0.000035
-0.067315,-0.092846,0.783349,0.016124,-0.001051,-0.043033,0.998943,-0.237681,0.382796,0.397194,0.798316,0.052703,-0.261681,-0.125279,-0.130712,0.129183,0.446487,-0.129506,0.121334,-0.295113,0.000000,0.000000,-0.608820,-0.510820,-0.415313,0.885179,0.042739,-0.000001,-0.000039,0.130847,-1.344609,0.081491,0.732490,-0.009811,0.000038,0.000031
-0.066114,-0.087435,0.782438,0.010072,-0.001697,-0.059597,0.998170,-0.218529,0.332127,0.308371,0.773631,-0.002623,-0.261705,-0.133940,-0.128931,0.096713,0.446288,-0.113742,0.126262,-0.280118,0.000000,0.000000,-0.589165,-0.506335,-0.527940,0.868760,0.019464,-0.000002,-0.000050,0.034533,-1.235235,-0.165818,0.797708,-0.041666,0.000040,0.000015
-0.064780,-0.081449,0.779515,0.000098,-0.002873,-0.076062,0.997099,-0.196002,0.306435,0.238153,0.759238,-0.057131,-0.261694,-0.142276,-0.123883,0.040194,0.453365,-0.109129,0.126870,-0.265509,0.000000,0.000000,-0.564931,-0.484912,-0.647679,0.856670,0.009134,-0.000002,-0.000060,-0.072053,-1.108073,-0.431956,0.786182,-0.055628,0.000040,-0.000009
-0.063709,-0.075147,0.774662,-0.012854,-0.003879,-0.091385,0.995725,-0.174571,0.308088,0.195603,0.757123,-0.122816,-0.261650,-0.149927,-0.114474,-0.024480,0.467359,-0.120094,0.123203,-0.252914,0.000000,0.000000,-0.534693,-0.444672,-0.759550,0.836870,0.006989,-0.000002,-0.000060,-0.171050,-0.957638,-0.658998,0.696901,-0.042260,0.000033,-0.000020
-0.062654,-0.068873,0.768085,-0.027818,-0.005520,-0.105752,0.993988,-0.154093,0.322241,0.166547,0.763256,-0.194837,-0.261558,-0.154846,-0.101054,-0.085026,0.486506,-0.148950,0.117368,-0.242479,0.000000,0.000000,-0.493940,-0.391609,-0.859150,0.807143,0.002831,-0.000004,-0.000055,-0.261234,-0.801505,-0.804071,0.574550,-0.010886,0.000025,-0.000015
-0.061698,-0.062363,0.760329,-0.044481,-0.007498,-0.119795,0.991773,-0.135205,0.347030,0.154532,0.778916,-0.277105,-0.261557,-0.158348,-0.080940,-0.130627,0.508798,-0.184750,0.107013,-0.237345,0.000000,0.000000,-0.447147,-0.329563,-0.943797,0.766131,-0.009178,-0.000004,-0.000054,-0.327543,-0.671500,-0.871230,0.450707,-0.003411,0.000018,-0.000011
-0.061168,-0.055089,0.751993,-0.062078,-0.009467,-0.132782,0.989154,-0.121606,0.382386,0.158370,0.808366,-0.363822,-0.261515,-0.163492,-0.052300,-0.146317,0.534204,-0.219419,0.098145,-0.238340,0.000000,0.000000,-0.397491,-0.258114,-1.007996,0.712248,-0.027387,-0.000005,-0.000051,-0.369833,-0.568814,-0.889085,0.342453,-0.009471,0.000013,-0.000009
-0.061140,-0.047305,0.743902,-0.080019,-0.011265,-0.144409,0.986213,-0.113727,0.423549,0.167092,0.844694,-0.443815,-0.261521,-0.170170,-0.018583,-0.142292,0.558428,-0.249804,0.097095,-0.240535,0.000000,0.000000,-0.350399,-0.181785,-1.056806,0.657498,-0.044472,-0.000006,-0.000062,-0.398633,-0.477552,-0.890067,0.245202,-0.005683,0.000019,-0.000011
-0.061948,-0.039146,0.737125,-0.096412,-0.012057,-0.153424,0.983372,-0.111244,0.460485,0.175308,0.877193,-0.510130,-0.261551,-0.182084,0.010874,-0.134066,0.583486,-0.269969,0.103292,-0.238274,0.000000,0.000000,-0.310345,-0.104922,-1.097352,0.603584,-0.056477,-0.000009,-0.000084,-0.420185,-0.393164,-0.891374,0.157427,0.016429,0.000029,-0.000017
-0.063761,-0.030593,0.732308,-0.109627,-0.011910,-0.159460,0.981026,-0.115991,0.483786,0.177613,0.904021,-0.557094,-0.259590,-0.198648,0.030370,-0.127451,0.608691,-0.277963,0.112781,-0.229827,0.000000,0.000000,-0.275140,-0.033939,-1.131246,0.549216,-0.070984,-0.000009,-0.000077,-0.433197,-0.317803,-0.896608,0.079075,0.043957,0.000021,-0.000014
-0.066260,-0.022141,0.729515,-0.119707,-0.012705,-0.161701,0.979470,-0.124449,0.490390,0.170632,0.924522,-0.583937,-0.249650,-0.217204,0.038718,-0.122923,0.638409,-0.273085,0.127884,-0.215881,0.000000,0.000000,-0.240102,0.032007,-1.160124,0.500132,-0.086131,-0.000013,-0.000074,-0.435623,-0.248855,-0.906348,0.014319,0.064891,0.000016,-0.000009
-0.069278,-0.013536,0.728895,-0.124735,-0.014995,-0.161678,0.978814,-0.131626,0.478504,0.162939,0.935259,-0.592780,-0.229204,-0.245488,0.029373,-0.121026,0.687504,-0.241157,0.149034,-0.200502,0.000000,0.000000,-0.213349,0.101145,-1.175968,0.465600,-0.078993,-0.000015,-0.000071,-0.434642,-0.185467,-0.920090,-0.029099,0.080539,0.000013,-0.000006
-0.071888,-0.004932,0.729393,-0.125319,-0.018939,-0.160966,0.978788,-0.131006,0.454698,0.163364,0.935822,-0.593376,-0.205594,-0.287767,-0.001614,-0.127574,0.759289,-0.183786,0.186965,-0.181009,0.000000,0.000000,-0.188493,0.168488,-1.183011,0.446995,-0.067767,-0.000000,-0.000050,-0.432057,-0.128497,-0.938903,-0.059079,0.093780,0.000006,0.000001
-0.073773,0.002816,0.730853,-0.122229,-0.023061,-0.163199,0.978721,-0.121276,0.430250,0.181581,0.925458,-0.590021,-0.184889,-0.338982,-0.045363,-0.138793,0.833461,-0.105331,0.230656,-0.159044,0.000000,0.000000,-0.157745,0.234215,-1.169806,0.436673,-0.066297,0.000008,-0.000059,-0.431091,-0.070675,-0.956138,-0.074840,0.109818,0.000006,0.000005
-0.075114,0.010357,0.732540,-0.116096,-0.027177,-0.168030,0.978544,-0.106306,0.406997,0.212857,0.910625,-0.586966,-0.168907,-0.389285,-0.099671,-0.161744,0.897184,-0.022289,0.257889,-0.135952,0.000000,0.000000,-0.127154,0.299146,-1.152109,0.434993,-0.057515,0.000020,-0.000045,-0.430953,-0.014213,-0.969051,-0.075362,0.123259,0.000002,0.000008
-0.076076,0.017353,0.734358,-0.108317,-0.031406,-0.174772,0.978129,-0.087688,0.383451,0.250401,0.891522,-0.583213,-0.156284,-0.431021,-0.166761,-0.205072,0.945906,0.051364,0.261092,-0.114332,0.000000,0.000000,-0.084857,0.359431,-1.132783,0.436556,-0.061783,0.000012,-0.000017,-0.427547,0.040680,-0.973097,-0.061260,0.135075,-0.000001,0.000003
-0.076174,0.023013,0.735810,-0.100043,-0.034442,-0.179124,0.978120,-0.073519,0.360094,0.281328,0.874071,-0.579513,-0.146718,-0.457896,-0.244485,-0.265405,0.980373,0.099600,0.261371,-0.094593,0.000000,0.000000,-0.029660,0.407068,-1.093419,0.438713,-0.086744,0.000012,-0.000016,-0.425709,0.093503,-0.983474,-0.027264,0.141334,-0.000003,0.000002
-0.077144,0.027891,0.737082,-0.092302,-0.035533,-0.179511,0.978771,-0.069571,0.336275,0.300256,0.859503,-0.572679,-0.137027,-0.472750,-0.316114,-0.322080,1.005484,0.112749,0.261307,-0.079580,0.000000,0.000000,0.018781,0.462083,-1.040063,0.454063,-0.096661,0.000011,-0.000011,-0.423957,0.145828,-0.998923,0.027052,0.139833,-0.000003,0.000000
-0.078790,0.031882,0.738044,-0.085227,-0.035386,-0.175257,0.980188,-0.076079,0.312057,0.305288,0.850575,-0.563289,-0.126577,-0.480629,-0.371491,-0.366395,1.022455,0.107802,0.261330,-0.069596,0.000000,0.000000,0.061525,0.527517,-0.983946,0.489296,-0.093583,0.000015,-0.000008,-0.421711,0.194166,-1.016524,0.097705,0.132883,-0.000005,-0.000003
-0.080472,0.035345,0.738618,-0.078418,-0.035122,-0.166832,0.982234,-0.089297,0.285877,0.297939,0.847838,-0.553079,-0.116147,-0.484713,-0.408373,-0.393737,1.029876,0.111634,0.261343,-0.063100,0.000000,0.000000,0.103951,0.590997,-0.926633,0.534764,-0.091736,0.000019,-0.000010,-0.421854,0.240109,-1.036832,0.182466,0.137953,-0.000006,-0.000009
-0.081755,0.038333,0.738653,-0.071238,-0.035607,-0.155417,0.984633,-0.104629,0.256804,0.283037,0.850415,-0.544469,-0.106129,-0.481062,-0.436165,-0.415157,1.023519,0.152224,0.261535,-0.057222,0.000000,0.000000,0.144932,0.654919,-0.864741,0.587948,-0.080984,0.000024,-0.000012,-0.426589,0.281166,-1.055915,0.281832,0.163529,-0.000006,-0.000011
-0.082712,0.040520,0.738104,-0.064274,-0.035972,-0.140652,0.987315,-0.119903,0.228253,0.262505,0.856048,-0.541810,-0.097276,-0.454151,-0.460179,-0.443610,0.996711,0.143851,0.261299,-0.051941,0.000000,0.000000,0.187718,0.725203,-0.793031,0.648342,-0.065665,0.000038,-0.000020,-0.431589,0.315653,-1.071577,0.392291,0.193020,-0.000008,-0.000016
-0.083758,0.041629,0.736962,-0.058551,-0.035747,-0.122427,0.990104,-0.135781,0.203129,0.236303,0.864556,-0.544979,-0.090464,-0.416333,-0.480623,-0.477526,0.966965,0.093080,0.249616,-0.044055,0.000000,0.000000,0.226467,0.803163,-0.706757,0.698122,-0.046060,0.000073,-0.000047,-0.427173,0.342897,-1.058855,0.509079,0.202366,-0.000012,-0.000036
-0.084890,0.041873,0.735281,-0.054150,-0.035759,-0.104593,0.992396,-0.149779,0.183647,0.211292,0.875648,-0.553841,-0.085522,-0.373759,-0.497135,-0.525190,0.935995,0.036146,0.212570,-0.032400,0.000000,0.000000,0.265393,0.892449,-0.609872,0.734386,-0.015379,0.000057,-0.000031,-0.421182,0.366324,-1.017016,0.624209,0.197203,-0.000003,-0.000027
-0.086062,0.041753,0.733563,-0.050670,-0.035154,-0.087740,0.994233,-0.164049,0.167713,0.187885,0.886697,-0.564040,-0.081253,-0.340501,-0.513301,-0.567004,0.916440,-0.009062,0.192365,-0.018205,0.000000,0.000000,0.306355,0.979959,-0.497484,0.752969,0.011164,0.000075,-0.000044,-0.425113,0.385746,-0.935172,0.736713,0.183676,0.000011,-0.000042
-0.087330,0.042066,0.732545,-0.048317,-0.034281,-0.074279,0.995476,-0.177065,0.154534,0.169513,0.893813,-0.569182,-0.074971,-0.327403,-0.528752,-0.582026,0.917337,-0.025947,0.204397,-0.007890,0.000000,0.000000,0.351248,1.055462,-0.366837,0.761218,0.027489,0.000083,-0.000048,-0.446763,0.394739,-0.798026,0.859657,0.138893,0.000025,-0.000040
-0.088671,0.043292,0.732629,-0.044260,-0.033319,-0.059891,0.996666,-0.188140,0.133649,0.149976,0.894115,-0.567622,-0.066532,-0.336715,-0.549504,-0.563900,0.935850,-0.002482,0.237568,0.000851,0.000000,0.000000,0.386941,1.102826,-0.223678,0.753991,0.034543,0.000075,-0.000037,-0.488987,0.387225,-0.625964,0.973837,0.072050,0.000028,-0.000025
-0.090272,0.045042,0.734514,-0.042731,-0.032171,-0.047409,0.997442,-0.194456,0.118565,0.131500,0.884074,-0.560225,-0.059796,-0.361766,-0.559098,-0.521784,0.958071,0.057562,0.259142,0.006658,0.000000,0.000000,0.411172,1.121248,-0.069431,0.743558,0.029579,0.000077,-0.000031,-0.539412,0.397587,-0.448410,1.035582,0.004776,0.000034,-0.000013
-0.091023,0.045698,0.738603,-0.041995,-0.032682,-0.034195,0.997997,-0.187822,0.105302,0.113436,0.854925,-0.541301,-0.055624,-0.376888,-0.563392,-0.483510,0.973422,0.110749,0.261683,0.014134,0.000000,0.000000,0.414883,1.115204,0.088431,0.722463,0.019683,0.000080,-0.000023,-0.588777,0.418357,-0.272139,1.076094,-0.054410,0.000037,0.000026
-0.090597,0.045555,0.743985,-0.039377,-0.034730,-0.019659,0.998427,-0.167847,0.088665,0.099402,0.808370,-0.511150,-0.050271,-0.378951,-0.572592,-0.451317,0.986559,0.144774,0.261558,0.024811,0.000000,0.000000,0.400594,1.092268,0.233810,0.686654,0.016974,0.000046,-0.000005,-0.630476,0.440873,-0.119326,1.101269,-0.092171,0.000015,0.000024
-0.089599,0.043582,0.749553,-0.035708,-0.036203,-0.002941,0.998702,-0.148093,0.072186,0.082963,0.756803,-0.473978,-0.048343,-0.373721,-0.581745,-0.423307,1.001776,0.139945,0.261518,0.038658,0.000000,0.000000,0.373199,1.058241,0.363173,0.637213,0.018583,0.000038,0.000001,-0.671438,0.463540,0.003975,1.121583,-0.105528,0.000011,0.000021
-0.088613,0.041097,0.755244,-0.028718,-0.035690,0.016124,0.998820,-0.132425,0.048541,0.064051,0.701509,-0.429212,-0.048356,-0.363673,-0.593902,-0.397886,1.011820,0.113950,0.261548,0.052963,0.000000,0.000000,0.333991,1.010516,0.463228,0.573775,0.025145,0.000038,0.000001,-0.715451,0.470453,0.106975,1.147704,-0.110387,0.000012,0.000016
-0.087557,0.038498,0.760853,-0.020393,-0.034200,0.035957,0.998560,-0.118165,0.022277,0.041830,0.646006,-0.381784,-0.050103,-0.347643,-0.597632,-0.371811,1.008044,0.088580,0.261648,0.066720,0.000000,0.000000,0.288529,0.949353,0.535122,0.502358,0.028688,0.000045,-0.000004,-0.762035,0.475886,0.212270,1.180084,-0.115221,0.000016,0.000019
-0.085718,0.035559,0.765925,-0.012566,-0.031426,0.055985,0.997858,-0.110684,-0.002260,0.014798,0.598730,-0.334667,-0.054788,-0.327820,-0.590541,-0.346024,0.990599,0.074631,0.261706,0.078079,0.000000,0.000000,0.246533,0.882691,0.595251,0.432384,0.042081,0.000060,-0.000008,-0.800045,0.486258,0.311408,1.210893,-0.109927,0.000022,0.000028
-0.083483,0.031947,0.770401,-0.007030,-0.027347,0.075658,0.996734,-0.106498,-0.021115,-0.015360,0.555746,-0.289235,-0.060741,-0.303693,-0.574206,-0.326287,0.962088,0.070605,0.261723,0.086980,0.000000,0.000000,0.207060,0.817941,0.645498,0.362795,0.062029,0.000071,-0.000012,-0.829914,0.497773,0.414193,1.224098,-0.100864,0.000030,0.000037
-0.081458,0.028208,0.773849,-0.002229,-0.022773,0.095308,0.995185,-0.104617,-0.038221,-0.046864,0.518246,-0.249417,-0.065711,-0.275240,-0.546978,-0.303431,0.917262,0.087836,0.261770,0.093366,0.000000,0.000000,0.169313,0.752905,0.683803,0.294228,0.081030,0.000091,-0.000020,-0.855061,0.504430,0.521197,1.222874,-0.094373,0.000046,0.000056
-0.079288,0.024097,0.775862,0.002333,-0.018404,0.116429,0.993026,-0.102642,-0.055398,-0.082949,0.485032,-0.220327,-0.068573,-0.242756,-0.504791,-0.262961,0.857195,0.117420,0.261774,0.099669,0.000000,0.000000,0.135113,0.688414,0.704948,0.230452,0.103319,0.000098,-0.000034,-0.873429,0.500550,0.620836,1.203245,-0.087348,0.000054,0.000067
-0.076795,0.019153,0.776459,0.005563,-0.014289,0.136976,0.990456,-0.100639,-0.068509,-0.120253,0.455995,-0.201729,-0.070075,-0.209459,-0.462517,-0.221423,0.803047,0.120505,0.261775,0.107167,0.000000,0.000000,0.093810,0.620552,0.722903,0.166975,0.119521,0.000098,-0.000043,-0.888257,0.487461,0.713616,1.164618,-0.085685,0.000057,0.000066
-0.074087,0.013561,0.775604,0.011314,-0.010915,0.157194,0.987443,-0.095894,-0.086332,-0.153683,0.428153,-0.187525,-0.068436,-0.172856,-0.446621,-0.200226,0.767681,0.074225,0.261775,0.115329,0.000000,0.000000,0.046144,0.542492,0.742565,0.104116,0.130186,0.000098,-0.000043,-0.890508,0.467826,0.786930,1.107147,-0.080978,0.000057,0.000065
-0.071147,0.007377,0.773127,0.021656,-0.008634,0.178981,0.983576,-0.088064,-0.112935,-0.181032,0.404235,-0.178906,-0.066222,-0.132873,-0.450725,-0.187597,0.746562,0.006317,0.261774,0.124362,0.000000,0.000000,-0.010885,0.453379,0.754884,0.033670,0.127342,0.000089,-0.000039,-0.880901,0.439692,0.831830,1.042155,-0.076544,0.000055,0.000044
-0.068260,0.000844,0.769524,0.035941,-0.007377,0.202096,0.978678,-0.080470,-0.145542,-0.200236,0.389174,-0.176115,-0.066822,-0.085828,-0.464845,-0.175832,0.727298,-0.071801,0.261771,0.133888,0.000000,0.000000,-0.074827,0.352430,0.754732,-0.042343,0.101712,0.000066,-0.000032,-0.854743,0.408692,0.850852,0.968526,-0.064180,0.000046,0.000027
-0.065220,-0.005931,0.765016,0.052692,-0.007218,0.224978,0.972911,-0.075697,-0.183169,-0.220742,0.389659,-0.180399,-0.069399,-0.030049,-0.489052,-0.183126,0.702660,-0.144597,0.261766,0.146129,0.000000,0.000000,-0.139652,0.245496,0.735406,-0.114108,0.052143,0.000041,-0.000026,-0.796109,0.378956,0.839121,0.869338,-0.032873,0.000022,0.000016
-0.062845,-0.012736,0.760237,0.069725,-0.008097,0.250928,0.965457,-0.074213,-0.225757,-0.254358,0.405033,-0.189472,-0.072173,0.030646,-0.519235,-0.222265,0.682097,-0.208500,0.261657,0.166965,0.000000,0.000000,-0.202089,0.139026,0.691043,-0.172681,0.005798,0.000019,-0.000017,-0.722169,0.338390,0.809377,0.754322,0.001029,0.000007,0.000007
-0.061326,-0.019216,0.755416,0.086492,-0.011125,0.282212,0.955381,-0.073507,-0.273292,-0.300959,0.435546,-0.203272,-0.074943,0.096662,-0.552252,-0.287767,0.671980,-0.267168,0.261633,0.204338,0.000000,0.000000,-0.250195,0.039249,0.620935,-0.206436,-0.013446,0.000014,-0.000024,-0.647632,0.270305,0.768122,0.640071,0.022312,-0.000009,0.000001
-0.060510,-0.025481,0.750897,0.101480,-0.014305,0.306894,0.946210,-0.078123,-0.314319,-0.333737,0.475344,-0.221267,-0.079664,0.155782,-0.578535,-0.350993,0.663647,-0.321316,0.261712,0.245224,0.000000,0.000000,-0.268600,-0.046485,0.562660,-0.216380,0.000019,0.000016,-0.000031,-0.579223,0.202260,0.741012,0.542970,0.038760,-0.000017,0.000000
-0.059951,-0.032313,0.746624,0.112848,-0.015874,0.322590,0.939654,-0.089886,-0.342362,-0.349510,0.515383,-0.240102,-0.087567,0.201127,-0.594772,-0.404423,0.653319,-0.373400,0.261687,0.282468,0.000000,0.000000,-0.265588,-0.111777,0.522410,-0.216351,0.024433,0.000011,-0.000029,-0.521247,0.141918,0.734411,0.474209,0.045302,-0.000015,-0.000004
-0.059545,-0.040097,0.742821,0.120135,-0.015479,0.325306,0.937819,-0.109559,-0.353213,-0.345692,0.553159,-0.259015,-0.099551,0.219590,-0.602067,-0.431332,0.648151,-0.422937,0.261586,0.306942,0.000000,0.000000,-0.254633,-0.159582,0.506815,-0.215570,0.031288,0.000007,-0.000027,-0.481872,0.097961,0.754746,0.428714,0.046142,-0.000011,-0.000007
-0.059239,-0.048458,0.739837,0.124536,-0.014458,0.314882,0.940814,-0.133269,-0.345715,-0.319681,0.585315,-0.276165,-0.114944,0.214659,-0.601414,-0.425108,0.644826,-0.467481,0.261206,0.309080,0.000000,0.000000,-0.237767,-0.194076,0.527177,-0.215686,0.027350,0.000004,-0.000024,-0.453910,0.077390,0.801246,0.399521,0.046058,-0.000008,-0.000007
-0.058604,-0.056588,0.738005,0.125222,-0.016179,0.302927,0.944612,-0.151028,-0.325299,-0.295147,0.614754,-0.289340,-0.133828,0.205783,-0.588282,-0.409430,0.643088,-0.502672,0.261259,0.301388,0.000000,0.000000,-0.219810,-0.224239,0.555951,-0.210423,0.014338,0.000003,-0.000045,-0.428516,0.066743,0.847556,0.380615,0.048336,-0.000016,-0.000018
-0.057977,-0.064713,0.737258,0.123048,-0.018226,0.290330,0.948807,-0.170395,-0.298015,-0.273356,0.645494,-0.290116,-0.157441,0.190032,-0.567133,-0.385395,0.645315,-0.528012,0.260943,0.285214,0.000000,0.000000,-0.202613,-0.250707,0.590044,-0.199947,0.002267,-0.000003,-0.000055,-0.401671,0.060665,0.894579,0.366099,0.056261,-0.000022,-0.000020
-0.057991,-0.072643,0.737383,0.117843,-0.020791,0.285801,0.950788,-0.198024,-0.271874,-0.263667,0.689020,-0.272715,-0.179633,0.173903,-0.539386,-0.372292,0.655358,-0.543460,0.256756,0.272720,0.000000,0.000000,-0.182620,-0.273075,0.606405,-0.175369,0.005249,-0.000005,-0.000046,-0.369890,0.049551,0.916606,0.355076,0.071157,-0.000017,-0.000016
-0.058520,-0.080141,0.738796,0.109453,-0.022543,0.281094,0.953152,-0.241871,-0.232967,-0.235726,0.745409,-0.232073,-0.202410,0.151646,-0.501984,-0.357207,0.664481,-0.541950,0.242245,0.256418,0.000000,0.000000,-0.161741,-0.293862,0.621085,-0.146080,0.015541,-0.000009,-0.000050,-0.337185,0.034694,0.932771,0.349560,0.090147,-0.000015,-0.000017
-0.059234,-0.087589,0.740777,0.099148,-0.023769,0.274668,0.956118,-0.296374,-0.178573,-0.186137,0.808210,-0.170790,-0.228709,0.125535,-0.459599,-0.339054,0.672938,-0.529961,0.223779,0.233685,0.000000,0.000000,-0.142274,-0.317966,0.636374,-0.113183,0.015873,-0.000009,-0.000049,-0.304452,0.015258,0.949893,0.348069,0.100534,-0.000006,-0.000019
-0.059643,-0.094532,0.742867,0.087308,-0.025573,0.267048,0.959379,-0.354394,-0.110665,-0.126228,0.874472,-0.099506,-0.252528,0.101237,-0.414285,-0.322494,0.679501,-0.514619,0.204277,0.207688,0.000000,0.000000,-0.129668,-0.348819,0.651882,-0.075916,-0.000839,-0.000009,-0.000046,-0.270424,-0.007311,0.963364,0.350662,0.107350,0.000002,-0.000022
-0.060045,-0.101472,0.744583,0.074782,-0.026807,0.258960,0.962616,-0.415584,-0.031203,-0.056050,0.940070,-0.027333,-0.261057,0.078212,-0.369562,-0.308276,0.684466,-0.502582,0.184420,0.176518,0.000000,0.000000,-0.125525,-0.379623,0.666225,-0.035432,-0.025739,-0.000014,-0.000049,-0.234702,-0.028378,0.968392,0.355887,0.113175,0.000007,-0.000034
-0.060035,-0.108173,0.745601,0.061454,-0.028391,0.251819,0.965404,-0.477114,0.061839,0.017526,1.005360,0.042783,-0.261078,0.058052,-0.322874,-0.297870,0.687957,-0.495804,0.163841,0.143370,0.000000,0.000000,-0.127196,-0.410218,0.677212,0.012418,-0.061072,-0.000006,-0.000015,-0.196108,-0.052001,0.970080,0.358795,0.114127,-0.000000,-0.000016
-0.060123,-0.113645,0.745817,0.049617,-0.028875,0.242821,0.968371,-0.525337,0.159211,0.088878,1.055238,0.101461,-0.261242,0.040003,-0.280021,-0.284003,0.688275,-0.492780,0.145213,0.108912,0.000000,0.000000,-0.129435,-0.419993,0.672600,0.078249,-0.085287,-0.000007,-0.000018,-0.155660,-0.079503,0.966580,0.367349,0.123199,-0.000002,-0.000018
-0.060177,-0.118229,0.745647,0.040000,-0.030283,0.231537,0.971532,-0.548997,0.251966,0.154798,1.086498,0.133483,-0.261275,0.027300,-0.242151,-0.265726,0.687424,-0.492362,0.128615,0.076391,0.000000,0.000000,-0.131500,-0.419682,0.664640,0.157242,-0.092361,-0.000016,-0.000034,-0.106431,-0.118103,0.954306,0.379171,0.135151,-0.000001,-0.000035
-0.060367,-0.122038,0.745066,0.031368,-0.033031,0.219143,0.974629,-0.555771,0.334860,0.210697,1.109192,0.130589,-0.261578,0.019538,-0.205799,-0.245626,0.685797,-0.492941,0.112487,0.048076,0.000000,0.000000,-0.133762,-0.422138,0.656916,0.245632,-0.087047,-0.000032,-0.000049,-0.060344,-0.170397,0.936576,0.396511,0.142852,0.000013,-0.000062
-0.061071,-0.124519,0.743956,0.023699,-0.036112,0.203973,0.978023,-0.552363,0.402629,0.261272,1.122641,0.111987,-0.261430,0.010868,-0.172826,-0.218457,0.688565,-0.496095,0.099749,0.019454,0.000000,0.000000,-0.140928,-0.428460,0.648084,0.340027,-0.084489,-0.000032,-0.000046,-0.021798,-0.235341,0.929144,0.412349,0.154320,0.000016,-0.000061
-0.061423,-0.126323,0.742380,0.016600,-0.039281,0.186034,0.981617,-0.533329,0.456986,0.313935,1.113433,0.108823,-0.261130,0.002041,-0.141085,-0.186085,0.694290,-0.504076,0.087652,-0.012097,0.000000,0.000000,-0.152985,-0.429971,0.611792,0.445531,-0.083815,-0.000004,-0.000027,0.000335,-0.327352,0.936540,0.439319,0.146964,0.000011,-0.000021
-0.061960,-0.127005,0.740716,0.012073,-0.043479,0.168188,0.984721,-0.490146,0.493327,0.365861,1.088073,0.089153,-0.238544,-0.001118,-0.118486,-0.154286,0.700998,-0.516717,0.077750,-0.041703,0.000000,0.000000,-0.163412,-0.450851,0.596846,0.549670,-0.102996,-0.000004,-0.000031,0.017631,-0.432987,0.938390,0.460922,0.146527,0.000037,-0.000041
-0.061652,-0.126231,0.738568,0.008533,-0.047506,0.150076,0.987496,-0.432948,0.526415,0.439629,1.063321,0.026904,-0.169812,-0.007156,-0.100177,-0.120733,0.714816,-0.531820,0.069053,-0.069599,0.000000,0.000000,-0.175493,-0.462701,0.566373,0.663466,-0.106888,0.000010,0.000037,0.033086,-0.547917,0.934621,0.482845,0.145046,0.000041,-0.000016
-0.061090,-0.123942,0.736526,0.006002,-0.050930,0.130935,0.990064,-0.371435,0.548381,0.511772,1.037789,-0.049427,-0.115031,-0.014507,-0.086441,-0.085358,0.731301,-0.544210,0.063642,-0.097961,0.000000,0.000000,-0.191363,-0.462732,0.493915,0.767953,-0.086958,0.000018,0.000075,0.047310,-0.675703,0.925516,0.499510,0.134314,0.000081,-0.000000
-0.060349,-0.121469,0.735087,0.003040,-0.052386,0.113220,0.992183,-0.321308,0.564993,0.568665,1.015791,-0.112647,-0.089914,-0.025568,-0.073748,-0.053432,0.746605,-0.552175,0.060418,-0.123369,0.000000,0.000000,-0.219959,-0.461178,0.401187,0.851341,-0.057261,0.000016,0.000075,0.061373,-0.803588,0.894252,0.501452,0.115270,0.000096,0.000025
-0.059514,-0.119836,0.734796,-0.000293,-0.051679,0.097019,0.993940,-0.290122,0.581436,0.605094,1.005275,-0.143694,-0.092942,-0.037800,-0.061252,-0.025621,0.755805,-0.555184,0.058058,-0.145936,0.000000,0.000000,-0.254094,-0.473072,0.285797,0.885148,-0.020422,0.000008,0.000038,0.073054,-0.917885,0.835311,0.493271,0.082006,0.000097,0.000040
-0.058371,-0.119583,0.736162,-0.003465,-0.050101,0.083224,0.995265,-0.275814,0.599511,0.624721,1.003456,-0.136323,-0.110836,-0.046233,-0.049066,-0.004333,0.753286,-0.550352,0.053383,-0.165716,0.000000,0.000000,-0.279865,-0.473425,0.187349,0.911660,0.003127,0.000016,0.000043,0.089346,-1.000060,0.741197,0.486905,0.037690,0.000095,0.000047
-0.056960,-0.120250,0.740000,-0.004655,-0.046513,0.070486,0.996417,-0.273222,0.613497,0.635127,1.002735,-0.087745,-0.143565,-0.052957,-0.042490,0.014649,0.737311,-0.533331,0.049899,-0.183509,0.000000,0.000000,-0.309718,-0.473900,0.094119,0.921085,0.010306,0.000011,0.000037,0.105862,-1.049161,0.619656,0.486157,-0.003839,0.000076,0.000039
-0.055614,-0.120472,0.745472,-0.002405,-0.042658,0.058555,0.997369,-0.273887,0.622596,0.643008,1.003060,-0.019853,-0.175879,-0.053093,-0.045224,0.032069,0.705815,-0.504465,0.049856,-0.199696,0.000000,0.000000,-0.340917,-0.483174,-0.000489,0.915954,0.000167,0.000002,0.000017,0.122111,-1.073806,0.474537,0.492030,-0.043173,0.000056,0.000026
-0.054027,-0.120122,0.751279,0.001132,-0.039672,0.047042,0.998104,-0.271026,0.631625,0.653347,1.004378,0.041840,-0.211796,-0.047335,-0.052936,0.046873,0.666762,-0.469845,0.052018,-0.215348,0.000000,0.000000,-0.365761,-0.484273,-0.094705,0.912966,-0.004309,0.000001,0.000007,0.135981,-1.071059,0.310278,0.497861,-0.068810,0.000043,0.000016
-0.052315,-0.119320,0.756795,0.004563,-0.036535,0.035605,0.998687,-0.267660,0.636795,0.660092,1.001658,0.095720,-0.254002,-0.044380,-0.061657,0.061321,0.631345,-0.432842,0.056251,-0.229525,0.000000,0.000000,-0.385707,-0.475989,-0.184039,0.903415,-0.000885,0.000003,0.000016,0.144035,-1.036209,0.136782,0.499560,-0.077486,0.000074,0.000042
-0.050380,-0.117700,0.761829,0.007905,-0.032946,0.024657,0.999122,-0.262859,0.635962,0.669203,0.992913,0.139285,-0.261447,-0.045329,-0.070474,0.075148,0.600906,-0.392921,0.060602,-0.241126,0.000000,0.000000,-0.404844,-0.467092,-0.269188,0.895829,-0.002902,0.000001,0.000009,0.139209,-0.976662,-0.039598,0.487337,-0.081552,0.000075,0.000042
-0.048373,-0.115132,0.766339,0.010236,-0.029777,0.013013,0.999419,-0.257733,0.626038,0.664828,0.980573,0.161429,-0.261450,-0.046569,-0.076436,0.089876,0.573316,-0.350465,0.065768,-0.249318,0.000000,0.000000,-0.421054,-0.454865,-0.347378,0.887029,-0.003036,0.000000,0.000009,0.121269,-0.909401,-0.205157,0.457254,-0.083471,0.000049,0.000022
-0.047039,-0.112169,0.769965,0.010683,-0.026146,-0.000020,0.999601,-0.261765,0.602398,0.633886,0.966894,0.147623,-0.261700,-0.054690,-0.076367,0.107981,0.553851,-0.309727,0.071200,-0.252258,0.000000,0.000000,-0.435041,-0.439430,-0.423985,0.874811,-0.008970,-0.000002,0.000016,0.092590,-0.841394,-0.352383,0.413018,-0.096345,0.000063,0.000039
-0.046080,-0.108649,0.772767,0.009729,-0.022158,-0.013563,0.999615,-0.276838,0.556300,0.563185,0.951149,0.106217,-0.261727,-0.067232,-0.072430,0.127772,0.541637,-0.272758,0.077458,-0.249938,0.000000,0.000000,-0.453477,-0.415597,-0.513243,0.859443,-0.004352,-0.000002,0.000011,0.056341,-0.774726,-0.485169,0.366957,-0.115082,0.000047,0.000028
-0.045289,-0.104494,0.774630,0.007518,-0.019241,-0.027141,0.999418,-0.290932,0.493557,0.462893,0.934456,0.055209,-0.261731,-0.080529,-0.066552,0.144256,0.535365,-0.240623,0.086772,-0.244348,0.000000,0.000000,-0.463722,-0.391017,-0.598817,0.842345,-0.009774,0.000000,0.000009,0.019705,-0.713580,-0.598543,0.314781,-0.135889,0.000041,0.000022
-0.044153,-0.099689,0.775103,0.003309,-0.017683,-0.039809,0.999045,-0.294664,0.424863,0.357122,0.916034,0.006749,-0.261739,-0.094879,-0.062753,0.139230,0.536910,-0.214509,0.097244,-0.236059,0.000000,0.000000,-0.467857,-0.364463,-0.700986,0.819851,-0.016888,0.000001,0.000004,-0.021981,-0.646585,-0.695276,0.250549,-0.144906,0.000039,0.000021
-0.042784,-0.094215,0.774213,-0.002599,-0.016149,-0.051235,0.998553,-0.293012,0.361398,0.259362,0.897806,-0.007037,-0.261748,-0.110382,-0.064170,0.106356,0.542552,-0.194645,0.107843,-0.225576,0.000000,0.000000,-0.470138,-0.328645,-0.810650,0.782604,-0.018717,0.000003,-0.000005,-0.064572,-0.585557,-0.780018,0.180543,-0.152709,0.000035,0.000024
-0.041304,-0.087982,0.771642,-0.010930,-0.015309,-0.063196,0.997824,-0.284433,0.318527,0.171443,0.890124,-0.037843,-0.261735,-0.123412,-0.067009,0.053260,0.551465,-0.184989,0.117585,-0.213656,0.000000,0.000000,-0.469618,-0.285641,-0.916640,0.728602,-0.022751,0.000002,-0.000013,-0.107415,-0.530553,-0.848072,0.109763,-0.152484,0.000032,0.000027
-0.040134,-0.081073,0.767363,-0.021777,-0.014581,-0.075679,0.996788,-0.273401,0.299646,0.099432,0.898095,-0.103810,-0.261671,-0.135606,-0.069047,-0.011819,0.565931,-0.186064,0.123330,-0.200735,0.000000,0.000000,-0.463018,-0.237340,-1.002388,0.665257,-0.041738,0.000003,-0.000016,-0.156485,-0.476591,-0.904343,0.038681,-0.137740,0.000029,0.000027
-0.039407,-0.074003,0.761608,-0.034497,-0.014970,-0.088487,0.995367,-0.261168,0.300092,0.051859,0.914325,-0.175644,-0.261276,-0.146188,-0.070195,-0.080437,0.588239,-0.201620,0.125140,-0.188319,0.000000,0.000000,-0.457683,-0.182830,-1.081987,0.596497,-0.064263,0.000002,-0.000019,-0.208767,-0.425775,-0.946443,-0.031567,-0.115048,0.000023,0.000025
-0.038903,-0.067268,0.754670,-0.048182,-0.017175,-0.098578,0.993814,-0.246435,0.314369,0.033321,0.932948,-0.253419,-0.261536,-0.153573,-0.069818,-0.140139,0.619739,-0.233980,0.121129,-0.174566,0.000000,0.000000,-0.454623,-0.120013,-1.153008,0.536783,-0.079778,0.000011,-0.000060,-0.247416,-0.377171,-0.977120,-0.091737,-0.091221,0.000057,0.000070
-0.038601,-0.060222,0.747583,-0.060348,-0.019726,-0.107785,0.992145,-0.232759,0.332812,0.034055,0.954956,-0.331338,-0.258291,-0.160969,-0.069181,-0.181956,0.652698,-0.268512,0.113575,-0.159936,0.000000,0.000000,-0.459884,-0.053012,-1.209920,0.480100,-0.081322,0.000009,-0.000052,-0.286981,-0.324163,-1.004405,-0.148909,-0.062733,0.000047,0.000064
-0.038346,-0.053075,0.741248,-0.071125,-0.022639,-0.116369,0.990397,-0.219565,0.349861,0.044550,0.976364,-0.401560,-0.241061,-0.168759,-0.066125,-0.203041,0.684570,-0.297033,0.107330,-0.143982,0.000000,0.000000,-0.461749,0.014876,-1.255626,0.429576,-0.082545,0.000015,-0.000050,-0.330343,-0.267891,-1.027653,-0.199945,-0.028393,0.000047,0.000068
-0.038076,-0.045772,0.736214,-0.079793,-0.025313,-0.123662,0.988787,-0.208126,0.358966,0.055449,0.992788,-0.458979,-0.217945,-0.176909,-0.062334,-0.206765,0.710969,-0.315938,0.106762,-0.126231,0.000000,0.000000,-0.456907,0.079940,-1.294714,0.385083,-0.091901,0.000011,-0.000024,-0.370153,-0.210009,-1.048377,-0.243468,0.008141,0.000022,0.000035
-0.038056,-0.038186,0.732629,-0.086904,-0.027706,-0.130004,0.987309,-0.197814,0.361349,0.062714,1.002239,-0.501835,-0.203165,-0.183856,-0.058107,-0.198639,0.730195,-0.325091,0.112611,-0.108557,0.000000,0.000000,-0.449419,0.143349,-1.328755,0.346550,-0.102476,0.000010,-0.000016,-0.402139,-0.151603,-1.065498,-0.276141,0.046913,0.000013,0.000024
-0.038357,-0.030666,0.730612,-0.092112,-0.030254,-0.132907,0.986375,-0.190113,0.355920,0.066308,1.006487,-0.529264,-0.187782,-0.186561,-0.057378,-0.187359,0.742173,-0.326055,0.123932,-0.093002,0.000000,0.000000,-0.436758,0.204914,-1.363843,0.315710,-0.118341,0.000010,-0.000018,-0.429629,-0.089223,-1.086296,-0.298120,0.083914,0.000011,0.000022
-0.038664,-0.023486,0.729635,-0.095401,-0.033388,-0.131621,0.986134,-0.183513,0.342694,0.065766,1.006200,-0.546865,-0.169478,-0.185300,-0.062972,-0.179081,0.750993,-0.321523,0.138949,-0.079462,0.000000,0.000000,-0.421627,0.260945,-1.389885,0.292757,-0.135735,0.000011,-0.000017,-0.447787,-0.027813,-1.113271,-0.305000,0.110540,0.000008,0.000020
-0.039072,-0.016415,0.729402,-0.096456,-0.036691,-0.126848,0.986539,-0.179303,0.323177,0.062648,1.003239,-0.556642,-0.151810,-0.183914,-0.078034,-0.178181,0.761521,-0.309064,0.155055,-0.068610,0.000000,0.000000,-0.411000,0.319702,-1.414892,0.284544,-0.143575,0.000011,-0.000014,-0.458617,0.032196,-1.145307,-0.295070,0.127047,0.000006,0.000017
-0.039962,-0.009254,0.729816,-0.095174,-0.039340,-0.119063,0.987531,-0.178536,0.299854,0.059465,0.997811,-0.560678,-0.136780,-0.185685,-0.103793,-0.187635,0.775148,-0.287104,0.170174,-0.061505,0.000000,0.000000,-0.409536,0.380068,-1.439324,0.289607,-0.141865,0.000014,-0.000012,-0.467643,0.089243,-1.182910,-0.270992,0.137739,0.000005,0.000014
-0.040710,-0.002017,0.730658,-0.090228,-0.039827,-0.107799,0.989268,-0.185897,0.267112,0.055551,0.989176,-0.561201,-0.119188,-0.195250,-0.143315,-0.204356,0.792840,-0.261991,0.185552,-0.057625,0.000000,0.000000,-0.412148,0.434976,-1.460263,0.295286,-0.137970,0.000014,-0.000011,-0.471394,0.139052,-1.217911,-0.235889,0.147298,0.000005,0.000012
-0.041550,0.004141,0.732169,-0.083673,-0.038677,-0.094516,0.991246,-0.190853,0.232141,0.053186,0.969182,-0.560601,-0.100108,-0.205594,-0.186479,-0.224316,0.807374,-0.237423,0.195853,-0.055944,0.000000,0.000000,-0.419768,0.490684,-1.485339,0.310281,-0.124533,0.000039,-0.000038,-0.473344,0.187011,-1.248678,-0.187945,0.165203,0.000011,0.000025
-0.042604,0.009170,0.734040,-0.076357,-0.036183,-0.080740,0.993147,-0.192791,0.198358,0.051616,0.940336,-0.560699,-0.081138,-0.216049,-0.228093,-0.245062,0.817031,-0.213096,0.202147,-0.053234,0.000000,0.000000,-0.419519,0.547780,-1.494437,0.335854,-0.119893,0.000044,-0.000043,-0.471434,0.231943,-1.274025,-0.128221,0.184302,0.000009,0.000012
-0.043882,0.014250,0.736116,-0.066612,-0.032752,-0.067509,0.994954,-0.193368,0.158468,0.051626,0.906191,-0.557110,-0.060360,-0.227870,-0.273124,-0.260377,0.824276,-0.187939,0.207342,-0.050453,0.000000,0.000000,-0.411454,0.596436,-1.493791,0.357784,-0.130898,0.000046,-0.000052,-0.463180,0.268992,-1.284597,-0.059565,0.195713,0.000011,0.000000
-0.045550,0.018908,0.738345,-0.056132,-0.028954,-0.054367,0.996521,-0.194350,0.116099,0.048997,0.870666,-0.547074,-0.040190,-0.242495,-0.317147,-0.270127,0.832808,-0.160550,0.205124,-0.047763,0.000000,0.000000,-0.408870,0.640921,-1.484991,0.385524,-0.131434,0.000048,-0.000061,-0.449092,0.298137,-1.278341,0.014949,0.198461,0.000011,-0.000008
-0.047514,0.023056,0.740689,-0.044925,-0.025137,-0.041311,0.997819,-0.195722,0.071934,0.043147,0.835241,-0.530447,-0.022761,-0.260388,-0.359995,-0.274985,0.844005,-0.131657,0.193213,-0.044916,0.000000,0.000000,-0.410527,0.681547,-1.458519,0.423188,-0.119351,0.000063,-0.000075,-0.432463,0.320360,-1.258363,0.094053,0.195497,0.000010,-0.000016
-0.049554,0.026641,0.743109,-0.033536,-0.021630,-0.029412,0.998770,-0.195448,0.029077,0.036235,0.799874,-0.509267,-0.008737,-0.281386,-0.399902,-0.275495,0.857675,-0.103577,0.167314,-0.041996,0.000000,0.000000,-0.409149,0.716419,-1.417806,0.469568,-0.101520,0.000027,-0.000036,-0.411980,0.337129,-1.218643,0.169856,0.189168,0.000003,-0.000005
-0.051382,0.029820,0.745644,-0.022876,-0.018838,-0.018294,0.999393,-0.191622,-0.009857,0.028862,0.763534,-0.487537,0.002915,-0.301661,-0.435424,-0.274264,0.869304,-0.070320,0.141591,-0.038598,0.000000,0.000000,-0.406382,0.742321,-1.367947,0.519344,-0.080370,0.000030,-0.000039,-0.395486,0.348892,-1.170753,0.240444,0.175489,0.000003,-0.000005
-0.053023,0.032668,0.748393,-0.013521,-0.016629,-0.007888,0.999739,-0.184816,-0.043246,0.020961,0.726354,-0.465949,0.011967,-0.319956,-0.467193,-0.276588,0.878927,-0.034571,0.107401,-0.034663,0.000000,0.000000,-0.402610,0.760191,-1.305093,0.569087,-0.056931,0.000033,-0.000042,-0.378117,0.354716,-1.114086,0.305412,0.151406,0.000003,-0.000006
-0.054364,0.035107,0.751118,-0.006345,-0.014587,0.001600,0.999872,-0.177231,-0.069957,0.012197,0.689638,-0.444593,0.019427,-0.338710,-0.492186,-0.279342,0.888801,0.001660,0.060586,-0.032613,0.000000,0.000000,-0.398098,0.774914,-1.232545,0.618520,-0.027054,0.000035,-0.000044,-0.364449,0.357911,-1.049788,0.366199,0.124171,0.000003,-0.000006
-0.055288,0.036876,0.753623,-0.001547,-0.012407,0.011136,0.999860,-0.170602,-0.090469,0.000691,0.655227,-0.423577,0.025439,-0.361160,-0.497938,-0.265620,0.903361,0.027225,0.015733,-0.034185,0.000000,0.000000,-0.391058,0.788677,-1.151826,0.667861,0.006833,0.000037,-0.000044,-0.350348,0.357439,-0.976232,0.426871,0.092446,0.000003,-0.000007
-0.055833,0.038108,0.755877,0.001634,-0.009627,0.020744,0.999737,-0.164863,-0.106207,-0.012087,0.621062,-0.402851,0.032476,-0.388358,-0.480313,-0.227098,0.927092,0.013223,0.029774,-0.038133,0.000000,0.000000,-0.382448,0.798170,-1.063971,0.713481,0.039219,0.000040,-0.000044,-0.341830,0.353238,-0.899534,0.485409,0.059389,0.000004,-0.000009
-0.056008,0.039028,0.758018,0.003923,-0.006678,0.030479,0.999505,-0.160103,-0.118842,-0.025959,0.589413,-0.382760,0.038409,-0.415618,-0.449318,-0.178549,0.953958,-0.025907,0.061021,-0.041920,0.000000,0.000000,-0.373532,0.801650,-0.970942,0.753358,0.070777,0.000043,-0.000043,-0.336663,0.345977,-0.823315,0.540548,0.030914,0.000004,-0.000011
-0.055969,0.039641,0.760123,0.005291,-0.003385,0.039474,0.999201,-0.156299,-0.127858,-0.039267,0.559719,-0.363165,0.043447,-0.441033,-0.410278,-0.129950,0.976807,-0.067181,0.075212,-0.044279,0.000000,0.000000,-0.363469,0.801901,-0.873082,0.784368,0.104620,0.000046,-0.000043,-0.332486,0.336053,-0.743068,0.588492,0.010036,0.000006,-0.000014
-0.055733,0.039861,0.762230,0.005689,0.000297,0.047282,0.998865,-0.153143,-0.133106,-0.051769,0.530973,-0.344053,0.046386,-0.462510,-0.371907,-0.090570,0.991812,-0.104789,0.085186,-0.044660,0.000000,0.000000,-0.352192,0.797541,-0.764704,0.806188,0.134200,0.000050,-0.000041,-0.330420,0.323819,-0.656000,0.628028,-0.006132,0.000009,-0.000016
-0.055195,0.039675,0.764264,0.005514,0.004146,0.053468,0.998546,-0.149515,-0.135260,-0.062446,0.501904,-0.325668,0.047145,-0.480869,-0.341690,-0.064711,0.997253,-0.133848,0.100345,-0.043772,0.000000,0.000000,-0.339406,0.787937,-0.646161,0.815283,0.158918,0.000053,-0.000037,-0.329791,0.308974,-0.561585,0.662792,-0.021593,0.000011,-0.000017
-0.054165,0.039409,0.766199,0.005710,0.007317,0.058274,0.998257,-0.142193,-0.136452,-0.070002,0.470615,-0.307672,0.048447,-0.492713,-0.324892,-0.052685,0.988741,-0.150415,0.131879,-0.042489,0.000000,0.000000,-0.324021,0.771152,-0.513626,0.811512,0.179853,0.000055,-0.000028,-0.328425,0.288181,-0.460732,0.690863,-0.039754,0.000012,-0.000017
-0.052546,0.038854,0.767951,0.005825,0.010050,0.062845,0.997956,-0.131934,-0.136481,-0.077058,0.437317,-0.290423,0.050459,-0.497563,-0.315555,-0.053356,0.966364,-0.167863,0.148753,-0.041389,0.000000,0.000000,-0.303554,0.741986,-0.380146,0.791726,0.194196,0.000056,-0.000023,-0.327817,0.264388,-0.353875,0.715557,-0.053303,0.000014,-0.000016
-0.050517,0.038112,0.769492,0.006143,0.012614,0.067390,0.997628,-0.120804,-0.136491,-0.084046,0.404285,-0.273537,0.052645,-0.497278,-0.312568,-0.062292,0.933513,-0.184785,0.157750,-0.041120,0.000000,0.000000,-0.279572,0.700310,-0.245958,0.758678,0.203247,0.000056,-0.000021,-0.328006,0.236354,-0.241434,0.732523,-0.062828,0.000014,-0.000015
-0.048048,0.037161,0.770824,0.006706,0.015013,0.072094,0.997262,-0.108914,-0.136775,-0.091402,0.372068,-0.256981,0.054781,-0.490922,-0.313898,-0.076575,0.888924,-0.197420,0.166129,-0.041750,0.000000,0.000000,-0.255947,0.650324,-0.114267,0.713480,0.218155,0.000055,-0.000019,-0.327302,0.206486,-0.127598,0.738048,-0.067879,0.000012,-0.000014
-0.045129,0.035900,0.771882,0.007717,0.017037,0.077079,0.996850,-0.095591,-0.137691,-0.099262,0.340365,-0.240461,0.057881,-0.476626,-0.318993,-0.096035,0.831757,-0.208499,0.177252,-0.042989,0.000000,0.000000,-0.230140,0.594892,0.011616,0.653352,0.235772,0.000053,-0.000016,-0.324974,0.176911,-0.018261,0.734746,-0.069192,0.000011,-0.000014
-0.041801,0.034143,0.772431,0.009045,0.018521,0.082730,0.996359,-0.082140,-0.139182,-0.108631,0.312426,-0.225825,0.061650,-0.453571,-0.325077,-0.119765,0.761780,-0.220585,0.176166,-0.044509,0.000000,0.000000,-0.206396,0.529615,0.126184,0.580761,0.249201,0.000051,-0.000013,-0.317726,0.149262,0.082524,0.720359,-0.062552,0.000011,-0.000015
-0.038354,0.032115,0.772580,0.011024,0.020025,0.089031,0.995767,-0.072372,-0.142224,-0.119625,0.292894,-0.215956,0.063630,-0.424484,-0.330245,-0.141967,0.679884,-0.230836,0.169641,-0.045538,0.000000,0.000000,-0.186391,0.451147,0.229468,0.500828,0.252105,0.000050,-0.000010,-0.304896,0.123355,0.169285,0.695527,-0.045718,0.000010,-0.000016
-0.034697,0.029766,0.772411,0.013214,0.021667,0.095392,0.995116,-0.065387,-0.145419,-0.131173,0.279875,-0.210649,0.065566,-0.393744,-0.334098,-0.164427,0.596737,-0.235895,0.165696,-0.045187,0.000000,0.000000,-0.169557,0.368723,0.317067,0.417669,0.251354,0.000048,-0.000006,-0.289747,0.091181,0.258648,0.664441,-0.038140,0.000011,-0.000014
-0.030860,0.026924,0.771990,0.015253,0.023839,0.100897,0.994494,-0.061221,-0.147515,-0.141996,0.271415,-0.209031,0.066217,-0.366198,-0.335838,-0.186615,0.519027,-0.232195,0.164358,-0.042573,0.000000,0.000000,-0.156004,0.286578,0.385443,0.335352,0.248552,0.000045,-0.000002,-0.273333,0.055465,0.342488,0.630307,-0.035040,0.000012,-0.000011
-0.026744,0.023974,0.771481,0.017671,0.026015,0.103776,0.994103,-0.058179,-0.148836,-0.149003,0.266610,-0.211388,0.064295,-0.341710,-0.334057,-0.204024,0.449869,-0.223527,0.162489,-0.039246,0.000000,0.000000,-0.142005,0.206501,0.436208,0.259378,0.240422,0.000042,-0.000001,-0.256236,0.016464,0.422136,0.596188,-0.039001,0.000012,-0.000009
-0.022518,0.020716,0.770875,0.019510,0.028140,0.104566,0.993928,-0.058771,-0.147741,-0.152218,0.271117,-0.219018,0.059603,-0.322185,-0.326407,-0.215069,0.396991,-0.221016,0.160569,-0.035540,0.000000,0.000000,-0.127540,0.133541,0.474555,0.192233,0.232835,0.000037,0.000001,-0.237982,-0.019580,0.491844,0.560966,-0.039224,0.000013,-0.000008
-0.018182,0.017176,0.770325,0.020314,0.029886,0.103493,0.993974,-0.061552,-0.143118,-0.152610,0.282789,-0.230297,0.052805,-0.307188,-0.309757,-0.213807,0.359861,-0.222995,0.148865,-0.032131,0.000000,0.000000,-0.111493,0.064837,0.503503,0.134779,0.220783,0.000033,0.000002,-0.220138,-0.053785,0.552610,0.526271,-0.043563,0.000014,-0.000006
-0.013711,0.013429,0.769953,0.020460,0.031295,0.100564,0.994228,-0.063731,-0.135368,-0.150202,0.295229,-0.242204,0.044760,-0.297973,-0.285612,-0.195191,0.335575,-0.213448,0.128574,-0.029112,0.000000,0.000000,-0.091619,0.002809,0.524681,0.089607,0.206781,0.000030,0.000001,-0.206442,-0.089846,0.611094,0.495069,-0.054666,0.000016,-0.000001
-0.009175,0.009393,0.769762,0.019889,0.032498,0.095395,0.994710,-0.064474,-0.124132,-0.144298,0.305867,-0.253141,0.035278,-0.292982,-0.259895,-0.172892,0.317934,-0.196309,0.108642,-0.025229,0.000000,0.000000,-0.067453,-0.052417,0.538845,0.054679,0.189581,0.000027,0.000001,-0.196337,-0.124204,0.663943,0.470130,-0.064666,0.000016,0.000003
-0.004640,0.005040,0.769638,0.018427,0.033965,0.088127,0.995359,-0.066776,-0.109552,-0.134837,0.318406,-0.263239,0.024215,-0.290913,-0.236172,-0.159152,0.304363,-0.181369,0.085775,-0.019873,0.000000,0.000000,-0.041825,-0.104414,0.548339,0.027304,0.167573,0.000026,0.000000,-0.187464,-0.153186,0.706086,0.451996,-0.068970,0.000015,0.000005
-0.000013,0.000602,0.769638,0.015866,0.035241,0.079016,0.996124,-0.071191,-0.091626,-0.122020,0.336714,-0.272373,0.011732,-0.289286,-0.213159,-0.150937,0.295167,-0.173119,0.073161,-0.014857,0.000000,0.000000,-0.011071,-0.144043,0.551836,0.008568,0.150487,0.000031,-0.000000,-0.179505,-0.176708,0.741938,0.442284,-0.068587,0.000019,0.000009
0.004701,-0.003948,0.769783,0.012559,0.035519,0.069309,0.996884,-0.077319,-0.071810,-0.108381,0.363584,-0.278904,-0.001952,-0.285293,-0.187909,-0.140354,0.287516,-0.165627,0.063932,-0.011511,0.000000,0.000000,0.023978,-0.173300,0.550640,-0.002932,0.140372,0.000060,-0.000003,-0.173610,-0.200689,0.777422,0.441609,-0.074202,0.000039,0.000025
0.009264,-0.008824,0.769957,0.008666,0.035356,0.059881,0.997542,-0.089249,-0.051081,-0.096303,0.403889,-0.281846,-0.016605,-0.281104,-0.161114,-0.129766,0.282180,-0.158390,0.051851,-0.009042,0.000000,0.000000,0.060413,-0.193381,0.545953,-0.008707,0.135962,0.000057,-0.000006,-0.167396,-0.220377,0.806698,0.444207,-0.079141,0.000042,0.000033
0.013778,-0.013523,0.770179,0.004975,0.034531,0.052071,0.998034,-0.107440,-0.032223,-0.088715,0.457865,-0.280296,-0.033974,-0.273058,-0.135951,-0.122914,0.276056,-0.152986,0.035229,-0.008325,0.000000,0.000000,0.097765,-0.204973,0.532813,-0.005208,0.134098,0.000056,-0.000013,-0.158076,-0.237807,0.828485,0.448212,-0.083241,0.000042,0.000041
0.017719,-0.018786,0.770571,0.000973,0.033560,0.046115,0.998372,-0.129612,-0.013977,-0.086243,0.517840,-0.269474,-0.054667,-0.264579,-0.111728,-0.119723,0.270790,-0.149185,0.015243,-0.008248,0.000000,0.000000,0.133466,-0.206818,0.511147,0.004378,0.135182,0.000022,-0.000008,-0.146320,-0.251352,0.838859,0.451757,-0.087054,0.000016,0.000017
0.021330,-0.024424,0.771112,-0.002104,0.031809,0.041798,0.998617,-0.154562,0.001744,-0.085231,0.582507,-0.246961,-0.076656,-0.255884,-0.091148,-0.118212,0.268939,-0.149100,-0.001977,-0.007640,0.000000,0.000000,0.165441,-0.201658,0.483862,0.020066,0.134277,0.000023,-0.000012,-0.127566,-0.259793,0.836078,0.456256,-0.088440,0.000017,0.000018
0.024448,-0.030093,0.771717,-0.003773,0.029799,0.039066,0.998785,-0.183673,0.014952,-0.081934,0.650142,-0.216083,-0.104240,-0.248527,-0.075456,-0.116981,0.270941,-0.151563,-0.015318,-0.006656,0.000000,0.000000,0.192221,-0.193485,0.455723,0.040609,0.129632,0.000024,-0.000014,-0.105571,-0.266217,0.822707,0.462997,-0.090747,0.000017,0.000019
0.027049,-0.035225,0.772336,-0.003404,0.027638,0.037397,0.998912,-0.216395,0.026710,-0.072175,0.721217,-0.185138,-0.142613,-0.241849,-0.065925,-0.115055,0.274597,-0.154088,-0.025353,-0.005423,0.000000,0.000000,0.214085,-0.184902,0.424932,0.065522,0.121886,0.000026,-0.000016,-0.080641,-0.272765,0.799823,0.473148,-0.094027,0.000018,0.000017
0.029460,-0.039606,0.772839,-0.002349,0.025836,0.035647,0.999028,-0.250794,0.041767,-0.054644,0.790792,-0.159831,-0.195472,-0.236581,-0.059165,-0.111858,0.278987,-0.156051,-0.033185,-0.005284,0.000000,0.000000,0.231650,-0.174800,0.396263,0.089922,0.116137,0.000058,-0.000046,-0.055557,-0.278421,0.774729,0.482948,-0.097757,0.000044,0.000045
0.032031,-0.043185,0.773124,-0.000930,0.023624,0.034368,0.999130,-0.278799,0.059213,-0.033173,0.849978,-0.144107,-0.242860,-0.228935,-0.054112,-0.109811,0.282226,-0.158590,-0.041306,-0.006916,0.000000,0.000000,0.250396,-0.159814,0.369904,0.112712,0.118125,0.000059,-0.000048,-0.030797,-0.282771,0.745448,0.496760,-0.102719,0.000046,0.000046
0.034324,-0.046236,0.773261,0.000070,0.021347,0.033413,0.999214,-0.304431,0.074734,-0.013215,0.901348,-0.130432,-0.258426,-0.222680,-0.049696,-0.108801,0.287058,-0.161460,-0.047897,-0.009552,0.000000,0.000000,0.269523,-0.145210,0.347084,0.134202,0.120893,0.000058,-0.000046,-0.007457,-0.284459,0.713945,0.513882,-0.108812,0.000047,0.000047
0.036495,-0.048963,0.773328,0.000755,0.019460,0.031843,0.999303,-0.323703,0.088522,0.003399,0.936519,-0.140657,-0.259018,-0.218477,-0.045486,-0.107801,0.292892,-0.163986,-0.052479,-0.011808,0.000000,0.000000,0.286585,-0.135892,0.328787,0.154474,0.114829,0.000058,-0.000043,0.013841,-0.284687,0.681354,0.533105,-0.116618,0.000048,0.000049
0.038729,-0.051322,0.773432,0.001352,0.017663,0.030065,0.999391,-0.336509,0.098905,0.015161,0.956139,-0.168934,-0.257203,-0.214388,-0.041614,-0.105955,0.298111,-0.166484,-0.056087,-0.012760,0.000000,0.000000,0.302004,-0.131458,0.311117,0.175454,0.099715,0.000058,-0.000041,0.035084,-0.280740,0.644572,0.555471,-0.121115,0.000050,0.000049
0.041146,-0.053248,0.773633,0.001976,0.016142,0.027722,0.999483,-0.342600,0.107621,0.026981,0.958421,-0.207093,-0.253805,-0.210002,-0.037982,-0.102984,0.300977,-0.168300,-0.059407,-0.012366,0.000000,0.000000,0.317477,-0.128056,0.293835,0.195710,0.082723,0.000058,-0.000041,0.055708,-0.273803,0.605380,0.580214,-0.124060,0.000053,0.000046
0.043610,-0.054700,0.773975,0.002765,0.015008,0.024467,0.999584,-0.342006,0.115797,0.042047,0.942360,-0.246963,-0.248252,-0.205262,-0.034682,-0.098206,0.300986,-0.168857,-0.061789,-0.011206,0.000000,0.000000,0.334588,-0.121177,0.276864,0.217011,0.073129,0.000058,-0.000041,0.076172,-0.266616,0.566993,0.603290,-0.128558,0.000057,0.000046
0.046155,-0.055754,0.774364,0.003399,0.014376,0.020459,0.999682,-0.334692,0.124396,0.059674,0.906349,-0.284949,-0.246783,-0.200294,-0.031079,-0.091652,0.298402,-0.168454,-0.062626,-0.009879,0.000000,0.000000,0.352646,-0.111078,0.261440,0.236836,0.068002,0.000059,-0.000041,0.095890,-0.257537,0.527738,0.624477,-0.132162,0.000060,0.000045
0.048793,-0.056319,0.774668,0.004110,0.013883,0.016424,0.999760,-0.322083,0.131828,0.078317,0.855717,-0.323271,-0.244836,-0.194673,-0.028177,-0.084867,0.294410,-0.167712,-0.063747,-0.008836,0.000000,0.000000,0.370825,-0.099574,0.244865,0.256806,0.063618,0.000059,-0.000042,0.115250,-0.247083,0.487344,0.646273,-0.134528,0.000062,0.000044
0.051637,-0.056337,0.774887,0.004737,0.013693,0.013167,0.999808,-0.306149,0.134995,0.092178,0.792738,-0.354921,-0.238924,-0.188372,-0.026319,-0.079486,0.289218,-0.167258,-0.065208,-0.008060,0.000000,0.000000,0.389167,-0.085436,0.225794,0.278200,0.060663,0.000065,-0.000043,0.134363,-0.235907,0.444921,0.667936,-0.136087,0.000069,0.000046
0.054475,-0.056109,0.775049,0.004720,0.014006,0.010692,0.999834,-0.286883,0.134554,0.098753,0.715929,-0.375428,-0.231918,-0.183179,-0.024231,-0.075775,0.284658,-0.167205,-0.066634,-0.007562,0.000000,0.000000,0.405940,-0.070277,0.204473,0.299881,0.056909,0.000070,-0.000044,0.152594,-0.223324,0.401759,0.688157,-0.137744,0.000073,0.000046
0.057293,-0.055769,0.775190,0.003570,0.014603,0.007881,0.999856,-0.263535,0.134733,0.102339,0.628277,-0.387861,-0.230739,-0.179822,-0.020197,-0.071793,0.282282,-0.167671,-0.067157,-0.008440,0.000000,0.000000,0.421154,-0.053446,0.184175,0.319988,0.053006,0.000071,-0.000045,0.168376,-0.208807,0.361205,0.707851,-0.141451,0.000073,0.000043
0.060084,-0.054860,0.775353,0.002732,0.015419,0.004501,0.999867,-0.238094,0.132671,0.103938,0.536599,-0.395183,-0.232080,-0.177518,-0.017448,-0.065694,0.280692,-0.169158,-0.064737,-0.010598,0.000000,0.000000,0.435493,-0.037048,0.165297,0.339897,0.049673,0.000071,-0.000045,0.181881,-0.195344,0.322846,0.727172,-0.146259,0.000073,0.000041
0.062662,-0.053276,0.775477,0.002322,0.016531,0.001311,0.999860,-0.213677,0.127926,0.103951,0.449029,-0.398535,-0.227185,-0.177299,-0.016926,-0.059208,0.281144,-0.170041,-0.060930,-0.013604,0.000000,0.000000,0.448787,-0.021825,0.147323,0.360634,0.048316,0.000072,-0.000044,0.193716,-0.183820,0.286318,0.744800,-0.152031,0.000074,0.000041
0.065006,-0.051137,0.775498,0.001549,0.017832,-0.000360,0.999840,-0.192825,0.120510,0.099985,0.374079,-0.394205,-0.210750,-0.177888,-0.017615,-0.055333,0.282017,-0.170707,-0.056342,-0.016356,0.000000,0.000000,0.460231,-0.006803,0.128353,0.381748,0.048524,0.000048,-0.000026,0.205186,-0.172977,0.250439,0.760663,-0.157402,0.000049,0.000025
0.067113,-0.048638,0.775432,0.000349,0.019373,-0.001169,0.999812,-0.178672,0.109651,0.087280,0.322984,-0.375755,-0.186634,-0.178230,-0.018505,-0.053423,0.281388,-0.171122,-0.051567,-0.019372,0.000000,0.000000,0.470031,0.008291,0.110794,0.402682,0.051277,0.000032,-0.000014,0.215912,-0.162990,0.215675,0.775075,-0.163851,0.000033,0.000015
0.068905,-0.045847,0.775383,-0.000590,0.021200,-0.000803,0.999775,-0.170972,0.093084,0.061963,0.294222,-0.345301,-0.159019,-0.177729,-0.021182,-0.053571,0.278378,-0.171465,-0.046576,-0.023286,0.000000,0.000000,0.478087,0.021564,0.093843,0.423773,0.053578,0.000033,-0.000013,0.225608,-0.154452,0.180831,0.786752,-0.171215,0.000033,0.000015
0.070523,-0.042682,0.775269,-0.001065,0.023029,0.001789,0.999733,-0.165583,0.076055,0.037181,0.273810,-0.323982,-0.132421,-0.175875,-0.026986,-0.057504,0.273662,-0.172410,-0.041643,-0.028359,0.000000,0.000000,0.483663,0.032783,0.074160,0.445005,0.054854,0.000034,-0.000013,0.235984,-0.146869,0.144572,0.796205,-0.179178,0.000034,0.000016
0.072032,-0.039359,0.775140,-0.001002,0.024790,0.006188,0.999673,-0.159004,0.063963,0.027208,0.250994,-0.303839,-0.109679,-0.173508,-0.035463,-0.064734,0.268685,-0.173721,-0.037249,-0.033745,0.000000,0.000000,0.487460,0.043364,0.051256,0.466530,0.056525,0.000035,-0.000014,0.247775,-0.139810,0.106587,0.803023,-0.186235,0.000034,0.000016
0.073538,-0.035876,0.775014,-0.000686,0.026159,0.010976,0.999597,-0.152694,0.055917,0.025973,0.230739,-0.284782,-0.100706,-0.169876,-0.044930,-0.073161,0.263131,-0.174755,-0.033769,-0.038609,0.000000,0.000000,0.490345,0.053708,0.026103,0.487623,0.059902,0.000036,-0.000016,0.260720,-0.132553,0.066905,0.807778,-0.191545,0.000034,0.000016
0.075096,-0.032277,0.774856,-0.000523,0.027114,0.014885,0.999521,-0.147113,0.048659,0.024776,0.214868,-0.266623,-0.090981,-0.165386,-0.053525,-0.080454,0.257254,-0.175230,-0.030560,-0.042562,0.000000,0.000000,0.493326,0.062362,0.002633,0.507469,0.064148,0.000036,-0.000017,0.273929,-0.125538,0.028231,0.811520,-0.196838,0.000035,0.000016
0.076664,-0.028722,0.774733,-0.000645,0.027753,0.017483,0.999462,-0.141460,0.040574,0.021769,0.202131,-0.251963,-0.069845,-0.160850,-0.060555,-0.085440,0.251709,-0.175070,-0.026658,-0.045190,0.000000,0.000000,0.496956,0.068721,-0.017467,0.525269,0.067223,0.000036,-0.000017,0.286939,-0.117466,-0.008198,0.814683,-0.201368,0.000035,0.000016
0.078250,-0.025402,0.774673,-0.001041,0.028259,0.018619,0.999427,-0.135576,0.033829,0.020546,0.191472,-0.242764,-0.048591,-0.156750,-0.065687,-0.087753,0.246347,-0.173984,-0.022180,-0.046459,0.000000,0.000000,0.501312,0.073582,-0.033681,0.541309,0.069346,0.000036,-0.000018,0.298452,-0.107777,-0.042824,0.817234,-0.203630,0.000036,0.000016
0.079780,-0.022234,0.774675,-0.001326,0.028649,0.018867,0.999411,-0.129712,0.027917,0.020824,0.182249,-0.235163,-0.031385,-0.153132,-0.070257,-0.088068,0.241584,-0.172520,-0.016808,-0.046371,0.000000,0.000000,0.506108,0.076732,-0.046929,0.555704,0.070871,0.000036,-0.000018,0.309181,-0.098637,-0.075150,0.819487,-0.205085,0.000036,0.000016
0.081298,-0.019279,0.774729,-0.001521,0.028704,0.017823,0.999428,-0.123404,0.022854,0.021984,0.174667,-0.227479,-0.017600,-0.149748,-0.073959,-0.086039,0.237600,-0.170746,-0.011034,-0.044822,0.000000,0.000000,0.512017,0.078441,-0.057855,0.568729,0.071857,0.000036,-0.000018,0.319106,-0.090646,-0.103656,0.821826,-0.206311,0.000037,0.000015
0.082833,-0.016523,0.774813,-0.001667,0.028668,0.015407,0.999469,-0.116933,0.018634,0.024745,0.167653,-0.219808,-0.005201,-0.146926,-0.076588,-0.081671,0.233970,-0.168452,-0.005919,-0.042426,0.000000,0.000000,0.519030,0.079006,-0.066375,0.580721,0.072483,0.000036,-0.000018,0.328084,-0.084115,-0.127669,0.824251,-0.207339,0.000037,0.000015
0.084298,-0.014069,0.774941,-0.001861,0.028803,0.012688,0.999503,-0.110628,0.015322,0.028573,0.159935,-0.212350,0.005651,-0.144790,-0.078445,-0.076816,0.230371,-0.165848,-0.001572,-0.038996,0.000000,0.000000,0.526334,0.078736,-0.073114,0.591111,0.072269,0.000036,-0.000018,0.336632,-0.079150,-0.145532,0.827336,-0.208784,0.000038,0.000015
0.085706,-0.011834,0.775084,-0.002137,0.029099,0.009671,0.999527,-0.104241,0.013083,0.034262,0.151142,-0.206366,0.014662,-0.142934,-0.079633,-0.071622,0.226394,-0.163149,0.002330,-0.034974,0.000000,0.000000,0.533548,0.078346,-0.078739,0.600406,0.071858,0.000036,-0.000017,0.345325,-0.076447,-0.156170,0.830943,-0.211069,0.000038,0.000016
0.086853,-0.009856,0.775223,-0.002419,0.029688,0.006779,0.999533,-0.099291,0.011449,0.040443,0.143133,-0.201676,0.021944,-0.141849,-0.080491,-0.066644,0.222278,-0.160402,0.005913,-0.030731,0.000000,0.000000,0.539851,0.077464,-0.083332,0.609334,0.071035,0.000036,-0.000017,0.353099,-0.075666,-0.162813,0.834378,-0.213473,0.000038,0.000016
0.087817,-0.008158,0.775344,-0.002805,0.030381,0.004022,0.999526,-0.095404,0.010538,0.046546,0.135981,-0.197638,0.027971,-0.141237,-0.080799,-0.062001,0.218239,-0.157797,0.009077,-0.026479,0.000000,0.000000,0.545341,0.076882,-0.087280,0.618834,0.070763,0.000036,-0.000018,0.359647,-0.076518,-0.164915,0.838037,-0.216795,0.000038,0.000017
0.088618,-0.006755,0.775443,-0.003347,0.031012,0.001454,0.999512,-0.092235,0.010474,0.051981,0.129770,-0.194124,0.031913,-0.140779,-0.080441,-0.057689,0.214707,-0.155649,0.011978,-0.022694,0.000000,0.000000,0.550022,0.077422,-0.090480,0.628846,0.071872,0.000036,-0.000019,0.365103,-0.077734,-0.164286,0.841976,-0.219512,0.000038,0.000018
0.089308,-0.005558,0.775516,-0.003866,0.031538,-0.000806,0.999495,-0.089636,0.010661,0.056669,0.124517,-0.190875,0.034725,-0.140342,-0.079977,-0.053822,0.211621,-0.153952,0.014786,-0.019467,0.000000,0.000000,0.553900,0.078653,-0.092678,0.639164,0.074708,0.000036,-0.000019,0.370058,-0.078975,-0.162822,0.845230,-0.220356,0.000038,0.000018
0.089852,-0.004718,0.775584,-0.004513,0.032050,-0.002794,0.999472,-0.087835,0.011546,0.060634,0.120405,-0.187743,0.036990,-0.140131,-0.078847,-0.050399,0.208923,-0.152604,0.017340,-0.016948,0.000000,0.000000,0.557092,0.080305,-0.093296,0.649848,0.078369,0.000037,-0.000018,0.374760,-0.079869,-0.160324,0.847823,-0.220148,0.000038,0.000019
0.090230,-0.004178,0.775652,-0.005169,0.032562,-0.004453,0.999446,-0.086568,0.012730,0.063887,0.116916,-0.184770,0.038937,-0.140226,-0.077434,-0.047544,0.206745,-0.151718,0.019684,-0.014880,0.000000,0.000000,0.559760,0.081651,-0.092640,0.660410,0.081277,0.000037,-0.000019,0.379171,-0.080388,-0.157927,0.849354,-0.219337,0.000038,0.000019
0.090461,-0.003887,0.775708,-0.005773,0.033002,-0.005838,0.999422,-0.085577,0.014079,0.066601,0.113912,-0.182245,0.040382,-0.140517,-0.075897,-0.045135,0.205173,-0.151492,0.021719,-0.013147,0.000000,0.000000,0.562000,0.082186,-0.090216,0.671674,0.083226,0.000037,-0.000018,0.383307,-0.080465,-0.155946,0.850093,-0.218144,0.000038,0.000019
0.090563,-0.003773,0.775750,-0.006256,0.033284,-0.007083,0.999401,-0.084679,0.015380,0.069070,0.111494,-0.180134,0.041847,-0.140844,-0.074402,-0.042939,0.204115,-0.151747,0.023459,-0.011621,0.000000,0.000000,0.563927,0.081725,-0.086595,0.684064,0.083998,0.000037,-0.000018,0.387279,-0.079931,-0.154920,0.850217,-0.216093,0.000038,0.000019
0.090545,-0.003778,0.775788,-0.006663,0.033498,-0.008119,0.999384,-0.084308,0.016663,0.071153,0.110028,-0.178437,0.043166,-0.141206,-0.072980,-0.041137,0.203299,-0.152180,0.025201,-0.010184,0.000000,0.000000,0.565436,0.080783,-0.083226,0.696807,0.084146,0.000038,-0.000017,0.391062,-0.078553,-0.155104,0.849909,-0.212776,0.000038,0.000018
0.090429,-0.004011,0.775840,-0.007289,0.033672,-0.009037,0.999365,-0.084216,0.018744,0.072864,0.109055,-0.176851,0.044112,-0.141666,-0.070838,-0.039804,0.202677,-0.152738,0.027084,-0.008658,0.000000,0.000000,0.566337,0.080828,-0.081705,0.708948,0.085151,0.000038,-0.000017,0.394479,-0.076089,-0.155217,0.849777,-0.208864,0.000038,0.000018
0.090266,-0.004423,0.775918,-0.007767,0.033749,-0.010081,0.999349,-0.084115,0.020927,0.074920,0.108391,-0.175296,0.044668,-0.141956,-0.068628,-0.038189,0.201921,-0.153220,0.029057,-0.007142,0.000000,0.000000,0.566913,0.080878,-0.081455,0.720091,0.086355,0.000038,-0.000017,0.397808,-0.074078,-0.154053,0.849864,-0.205746,0.000038,0.000017
0.089996,-0.005000,0.776030,-0.008051,0.033645,-0.010899,0.999342,-0.084124,0.022961,0.076662,0.108285,-0.173737,0.044459,-0.141784,-0.066661,-0.036833,0.200745,-0.153428,0.031207,-0.005315,0.000000,0.000000,0.567481,0.081423,-0.084058,0.730185,0.089297,0.000039,-0.000018,0.401261,-0.072656,-0.151937,0.850207,-0.203065,0.000038,0.000017
0.089544,-0.005839,0.776168,-0.008570,0.033588,-0.011455,0.999333,-0.085335,0.025865,0.077642,0.109553,-0.172216,0.043083,-0.141620,-0.063986,-0.036175,0.199332,-0.153676,0.033419,-0.003589,0.000000,0.000000,0.567934,0.083013,-0.088837,0.738673,0.093329,0.000039,-0.000018,0.404219,-0.070649,-0.148336,0.850667,-0.200601,0.000038,0.000017
0.088939,-0.006849,0.776317,-0.009044,0.033675,-0.011405,0.999327,-0.088277,0.028803,0.077351,0.112817,-0.171043,0.040846,-0.141701,-0.061486,-0.036681,0.198008,-0.154192,0.035669,-0.002091,0.000000,0.000000,0.567846,0.085334,-0.093788,0.744968,0.096521,0.000039,-0.000019,0.406797,-0.068544,-0.143690,0.850630,-0.198098,0.000038,0.000017
0.088241,-0.007827,0.776458,-0.009088,0.033740,-0.010722,0.999332,-0.091979,0.030509,0.075957,0.116963,-0.169815,0.038649,-0.141868,-0.060363,-0.038209,0.197119,-0.155061,0.038291,-0.000780,0.000000,0.000000,0.567136,0.087621,-0.099826,0.749812,0.099680,0.000039,-0.000019,0.409360,-0.068040,-0.137820,0.850136,-0.195166,0.000038,0.000017
0.087495,-0.008732,0.776590,-0.009013,0.033708,-0.009837,0.999343,-0.095404,0.031635,0.074423,0.120619,-0.168212,0.037280,-0.142032,-0.059782,-0.040087,0.196575,-0.155826,0.040693,0.000230,0.000000,0.000000,0.566338,0.089391,-0.104335,0.753193,0.101807,0.000039,-0.000020,0.411555,-0.068702,-0.130757,0.849712,-0.191855,0.000038,0.000017
0.086663,-0.009619,0.776711,-0.009016,0.033660,-0.008674,0.999355,-0.098949,0.032694,0.072442,0.124130,-0.166448,0.036366,-0.142319,-0.059220,-0.042524,0.196325,-0.156373,0.042668,0.000913,0.000000,0.000000,0.565761,0.090598,-0.107125,0.755893,0.102487,0.000039,-0.000020,0.413277,-0.069800,-0.122779,0.849504,-0.188260,0.000038,0.000017
0.085807,-0.010455,0.776808,-0.009052,0.033547,-0.007278,0.999370,-0.102330,0.033587,0.069981,0.127450,-0.164823,0.035879,-0.142642,-0.058773,-0.045414,0.196476,-0.156885,0.044283,0.001401,0.000000,0.000000,0.564983,0.091596,-0.108739,0.757733,0.102414,0.000039,-0.000020,0.414667,-0.071722,-0.113942,0.849655,-0.185226,0.000038,0.000017
0.084975,-0.011234,0.776886,-0.009296,0.033362,-0.006057,0.999382,-0.105129,0.034856,0.067744,0.130153,-0.163371,0.035603,-0.143050,-0.057894,-0.048074,0.197077,-0.157477,0.045756,0.001476,0.000000,0.000000,0.564044,0.092920,-0.109117,0.758365,0.102134,0.000039,-0.000020,0.415506,-0.074443,-0.103949,0.850435,-0.183254,0.000038,0.000018
0.084087,-0.011943,0.776942,-0.009667,0.033077,-0.004972,0.999394,-0.107675,0.036314,0.065675,0.132668,-0.161988,0.035537,-0.143587,-0.056741,-0.050433,0.198162,-0.158156,0.046891,0.000903,0.000000,0.000000,0.563084,0.094699,-0.109244,0.758108,0.102055,0.000039,-0.000020,0.415380,-0.078388,-0.092517,0.851350,-0.182604,0.000037,0.000018
0.083132,-0.012615,0.776984,-0.010044,0.032718,-0.003509,0.999408,-0.110389,0.037551,0.062807,0.135541,-0.160862,0.035318,-0.144162,-0.055814,-0.053382,0.199668,-0.158873,0.047840,0.000205,0.000000,0.000000,0.561477,0.096868,-0.109670,0.757613,0.102230,0.000038,-0.000020,0.414123,-0.082858,-0.081100,0.851951,-0.182140,0.000037,0.000018
0.082193,-0.013210,0.777007,-0.010465,0.032274,-0.001808,0.999423,-0.113170,0.038630,0.059219,0.138885,-0.160203,0.034936,-0.144561,-0.055047,-0.056779,0.201350,-0.159647,0.048926,-0.000518,0.000000,0.000000,0.559568,0.099242,-0.109767,0.757065,0.102224,0.000038,-0.000020,0.412016,-0.086927,-0.070609,0.852926,-0.181441,0.000037,0.000019
0.081288,-0.013744,0.777016,-0.011012,0.031883,-0.000119,0.999431,-0.116257,0.039917,0.055419,0.142727,-0.160095,0.034347,-0.144989,-0.054088,-0.060256,0.202988,-0.160345,0.049997,-0.001474,0.000000,0.000000,0.557732,0.101697,-0.109050,0.756400,0.101856,0.000038,-0.000020,0.409256,-0.090440,-0.060928,0.854190,-0.180761,0.000038,0.000019
0.080362,-0.014251,0.777011,-0.011583,0.031590,0.001719,0.999432,-0.119957,0.041186,0.051203,0.147260,-0.160526,0.033594,-0.145534,-0.053134,-0.064027,0.204495,-0.160780,0.050715,-0.002629,0.000000,0.000000,0.555554,0.104407,-0.108395,0.755705,0.101600,0.000038,-0.000020,0.406026,-0.093640,-0.052444,0.855224,-0.179906,0.000038,0.000019
0.079404,-0.014704,0.776994,-0.012020,0.031200,0.003816,0.999434,-0.124398,0.041972,0.046328,0.153723,-0.162195,0.032261,-0.145771,-0.052626,-0.068188,0.205753,-0.160900,0.051161,-0.003778,0.000000,0.000000,0.552864,0.107227,-0.108899,0.755741,0.101763,0.000038,-0.000020,0.402751,-0.096865,-0.045518,0.855897,-0.178499,0.000038,0.000019
0.078472,-0.015080,0.776978,-0.012535,0.030786,0.005879,0.999430,-0.129910,0.042763,0.041162,0.162653,-0.164714,0.030418,-0.145716,-0.052073,-0.072358,0.206672,-0.160937,0.051700,-0.005159,0.000000,0.000000,0.550020,0.110033,-0.109743,0.756267,0.101897,0.000038,-0.000020,0.399574,-0.100018,-0.039003,0.856136,-0.176956,0.000038,0.000019
0.077524,-0.015356,0.776937,-0.013241,0.030381,0.007885,0.999420,-0.136672,0.043794,0.035618,0.174159,-0.168592,0.028622,-0.145443,-0.051202,-0.076531,0.207318,-0.161056,0.052501,-0.007017,0.000000,0.000000,0.547160,0.112619,-0.110061,0.756751,0.101451,0.000037,-0.000019,0.396596,-0.102966,-0.032824,0.855611,-0.175327,0.000038,0.000020
0.076547,-0.015571,0.776875,-0.014141,0.029925,0.009868,0.999403,-0.143874,0.045050,0.029672,0.186856,-0.173338,0.026775,-0.144952,-0.049974,-0.080793,0.207804,-0.161196,0.053320,-0.009414,0.000000,0.000000,0.544298,0.115217,-0.110026,0.756812,0.100841,0.000037,-0.000019,0.393836,-0.105563,-0.027128,0.854117,-0.173568,0.000038,0.000020
0.075580,-0.015749,0.776823,-0.015073,0.029360,0.012117,0.999382,-0.150256,0.045989,0.023218,0.198499,-0.177757,0.024608,-0.144356,-0.048982,-0.085487,0.208594,-0.161434,0.054080,-0.011775,0.000000,0.000000,0.541215,0.118129,-0.110552,0.756392,0.100807,0.000037,-0.000019,0.391488,-0.107558,-0.022181,0.851903,-0.171170,0.000037,0.000019
0.074716,-0.015862,0.776808,-0.015728,0.028657,0.014478,0.999361,-0.154773,0.045997,0.017087,0.207356,-0.181044,0.022329,-0.143826,-0.048931,-0.090139,0.210132,-0.161870,0.054981,-0.013503,0.000000,0.000000,0.537975,0.120779,-0.111970,0.755848,0.101144,0.000037,-0.000018,0.389668,-0.109172,-0.017972,0.850025,-0.168165,0.000037,0.000019
0.073950,-0.015926,0.776813,-0.016108,0.027849,0.016580,0.999345,-0.157729,0.045434,0.011951,0.213885,-0.183401,0.020204,-0.143368,-0.049473,-0.094017,0.212179,-0.162369,0.055825,-0.014726,0.000000,0.000000,0.534883,0.122814,-0.113625,0.755632,0.101246,0.000037,-0.000018,0.388210,-0.110857,-0.013635,0.849213,-0.165379,0.000037,0.000019
0.073235,-0.015962,0.776834,-0.016295,0.027042,0.018276,0.999334,-0.159685,0.044624,0.007932,0.218712,-0.184922,0.018282,-0.143275,-0.050273,-0.096897,0.214736,-0.162795,0.056567,-0.015607,0.000000,0.000000,0.531996,0.124436,-0.115213,0.755821,0.101211,0.000037,-0.000018,0.386726,-0.112750,-0.008769,0.849593,-0.163478,0.000037,0.000020
0.072561,-0.015989,0.776840,-0.016358,0.026254,0.019626,0.999329,-0.161119,0.043732,0.004823,0.222683,-0.185933,0.016434,-0.143963,-0.051223,-0.098897,0.218786,-0.163699,0.057221,-0.016307,0.000000,0.000000,0.529314,0.126078,-0.116779,0.756175,0.101257,0.000037,-0.000018,0.384962,-0.114669,-0.002223,0.850840,-0.163215,0.000037,0.000020
0.071967,-0.016030,0.776834,-0.016313,0.025453,0.020716,0.999328,-0.161999,0.042773,0.002443,0.225837,-0.186545,0.014546,-0.145340,-0.052321,-0.100156,0.224510,-0.165398,0.057815,-0.017039,0.000000,0.000000,0.526964,0.128018,-0.118365,0.756597,0.101508,0.000037,-0.000018,0.382974,-0.116690,0.006152,0.852645,-0.165485,0.000037,0.000021
0.071473,-0.016053,0.776842,-0.016080,0.024699,0.021730,0.999329,-0.162640,0.041520,0.000436,0.228534,-0.186921,0.012463,-0.146507,-0.053704,-0.101064,0.229836,-0.167050,0.058326,-0.017848,0.000000,0.000000,0.525045,0.130000,-0.119773,0.757163,0.101797,0.000037,-0.000018,0.380808,-0.118297,0.013244,0.854552,-0.168630,0.000037,0.000021
0.071059,-0.016038,0.776867,-0.015687,0.024004,0.022697,0.999331,-0.163178,0.039966,-0.001334,0.230954,-0.187219,0.010341,-0.147107,-0.055325,-0.101843,0.233816,-0.167993,0.058476,-0.018730,0.000000,0.000000,0.523452,0.131602,-0.120522,0.757876,0.101734,0.000036,-0.000019,0.378498,-0.118890,0.017408,0.856323,-0.170555,0.000037,0.000021
0.070732,-0.015978,0.776917,-0.015250,0.023379,0.023558,0.999333,-0.163572,0.038363,-0.002852,0.232927,-0.187332,0.008212,-0.146972,-0.056923,-0.102496,0.236090,-0.168126,0.058410,-0.019903,0.000000,0.000000,0.522187,0.132981,-0.120377,0.758861,0.101519,0.000036,-0.000019,0.376192,-0.117491,0.018264,0.857580,-0.170073,0.000037,0.000021
0.070487,-0.015893,0.776983,-0.014822,0.022800,0.024364,0.999333,-0.163773,0.036795,-0.004252,0.234482,-0.187112,0.006142,-0.146340,-0.058456,-0.103141,0.237309,-0.167824,0.058335,-0.021403,0.000000,0.000000,0.521154,0.134441,-0.119738,0.760141,0.101652,0.000036,-0.000019,0.374205,-0.114410,0.016108,0.858232,-0.168441,0.000037,0.000021
0.070319,-0.015788,0.777063,-0.014410,0.022313,0.025172,0.999330,-0.163844,0.035243,-0.005674,0.235601,-0.186550,0.004183,-0.145450,-0.059964,-0.103935,0.237710,-0.167228,0.058369,-0.023045,0.000000,0.000000,0.520138,0.135868,-0.118796,0.761503,0.102087,0.000036,-0.000019,0.372744,-0.110976,0.012692,0.858303,-0.167485,0.000037,0.000020
0.070198,-0.015643,0.777157,-0.014014,0.021973,0.025914,0.999324,-0.164037,0.033720,-0.006948,0.236562,-0.185745,0.002405,-0.144442,-0.061441,-0.104752,0.237208,-0.166209,0.058564,-0.024717,0.000000,0.000000,0.518943,0.137070,-0.118009,0.762836,0.102673,0.000036,-0.000018,0.371656,-0.108060,0.009916,0.858114,-0.167409,0.000037,0.000020
0.070097,-0.015444,0.777251,-0.013584,0.021720,0.026560,0.999319,-0.164271,0.032104,-0.007988,0.237411,-0.184779,0.000870,-0.143514,-0.063009,-0.105410,0.236399,-0.164980,0.058881,-0.026272,0.000000,0.000000,0.517538,0.138098,-0.117866,0.764104,0.103454,0.000036,-0.000018,0.370784,-0.105831,0.008533,0.858104,-0.167989,0.000037,0.000020
0.070030,-0.015212,0.777343,-0.013151,0.021546,0.027085,0.999314,-0.164517,0.030502,-0.008769,0.238187,-0.183758,-0.000451,-0.142749,-0.064580,-0.105899,0.235555,-0.163685,0.059268,-0.027597,0.000000,0.000000,0.515787,0.139229,-0.118428,0.765356,0.104579,0.000037,-0.000018,0.369936,-0.104235,0.008375,0.858495,-0.169202,0.000037,0.000020
0.069985,-0.014952,0.777436,-0.012716,0.021440,0.027424,0.999313,-0.164749,0.028969,-0.009171,0.238903,-0.182825,-0.001645,-0.142199,-0.066110,-0.106078,0.234739,-0.162446,0.059810,-0.028617,0.000000,0.000000,0.513728,0.140438,-0.119735,0.766595,0.105948,0.000037,-0.000018,0.369073,-0.103517,0.009226,0.859271,-0.171330,0.000038,0.000020
0.069955,-0.014675,0.777530,-0.012337,0.021380,0.027480,0.999318,-0.164972,0.027707,-0.009070,0.239660,-0.181886,-0.002707,-0.141792,-0.067388,-0.105800,0.233772,-0.161120,0.060497,-0.029312,0.000000,0.000000,0.511519,0.141652,-0.121625,0.767844,0.107284,0.000037,-0.000018,0.368082,-0.103418,0.010667,0.860205,-0.173848,0.000038,0.000020
0.069929,-0.014411,0.777621,-0.012049,0.021369,0.027296,0.999326,-0.165227,0.026799,-0.008595,0.240444,-0.180949,-0.003680,-0.141573,-0.068306,-0.105145,0.232776,-0.159716,0.061106,-0.029595,0.000000,0.000000,0.509200,0.142827,-0.123852,0.769125,0.108475,0.000037,-0.000018,0.366851,-0.103355,0.011876,0.860897,-0.175686,0.000038,0.000020
0.069898,-0.014171,0.777713,-0.011852,0.021402,0.026839,0.999340,-0.165484,0.026292,-0.007687,0.241109,-0.180013,-0.004727,-0.141597,-0.068839,-0.104064,0.231906,-0.158307,0.061564,-0.029716,0.000000,0.000000,0.506907,0.143756,-0.125600,0.770594,0.109287,0.000037,-0.000018,0.365436,-0.103111,0.012866,0.861198,-0.176870,0.000038,0.000020
0.069896,-0.013952,0.777803,-0.011716,0.021424,0.026174,0.999359,-0.165611,0.026080,-0.006449,0.241747,-0.179148,-0.005753,-0.141692,-0.069074,-0.102617,0.231134,-0.156903,0.061904,-0.029683,0.000000,0.000000,0.504915,0.144236,-0.126586,0.772415,0.109497,0.000037,-0.000018,0.364006,-0.102678,0.013484,0.861336,-0.177437,0.000038,0.000020
0.069910,-0.013746,0.777890,-0.011629,0.021442,0.025366,0.999381,-0.165689,0.026089,-0.004976,0.242437,-0.178379,-0.006775,-0.141828,-0.069083,-0.100926,0.230378,-0.155434,0.062135,-0.029458,0.000000,0.000000,0.503230,0.144357,-0.127090,0.774532,0.109232,0.000037,-0.000018,0.362538,-0.102154,0.013775,0.861433,-0.177543,0.000038,0.000019
0.069930,-0.013554,0.777976,-0.011577,0.021464,0.024477,0.999403,-0.165792,0.026268,-0.003365,0.243170,-0.177689,-0.007808,-0.141954,-0.068924,-0.099097,0.229584,-0.153984,0.062371,-0.029125,0.000000,0.000000,0.501726,0.144502,-0.127995,0.776862,0.109045,0.000037,-0.000017,0.361039,-0.101669,0.014156,0.861551,-0.177479,0.000038,0.000019
0.069935,-0.013382,0.778060,-0.011588,0.021515,0.023496,0.999425,-0.166004,0.026676,-0.001649,0.243953,-0.177050,-0.008890,-0.142137,-0.068537,-0.097155,0.228716,-0.152508,0.062582,-0.028809,0.000000,0.000000,0.500391,0.144895,-0.129712,0.779268,0.109142,0.000037,-0.000017,0.359469,-0.101409,0.015409,0.861847,-0.177695,0.000038,0.000019
0.069940,-0.013201,0.778141,-0.011553,0.021585,0.022508,0.999447,-0.166262,0.026993,0.000157,0.244699,-0.176379,-0.009909,-0.142318,-0.068254,-0.095180,0.227793,-0.151043,0.062840,-0.028558,0.000000,0.000000,0.499343,0.145340,-0.132114,0.781700,0.109267,0.000037,-0.000017,0.357938,-0.101580,0.017314,0.862334,-0.178047,0.000038,0.000019
0.069942,-0.013013,0.778222,-0.011504,0.021671,0.021516,0.999467,-0.166567,0.027279,0.001985,0.245440,-0.175660,-0.010879,-0.142500,-0.068010,-0.093207,0.226805,-0.149608,0.063145,-0.028401,0.000000,0.000000,0.498487,0.145974,-0.135621,0.784028,0.109734,0.000037,-0.000018,0.356547,-0.101935,0.019535,0.862868,-0.178155,0.000038,0.000019
0.069952,-0.012816,0.778299,-0.011439,0.021738,0.020553,0.999487,-0.166834,0.027501,0.003775,0.246195,-0.174919,-0.011767,-0.142608,-0.067837,-0.091297,0.225794,-0.148244,0.063471,-0.028308,0.000000,0.000000,0.497787,0.146882,-0.139742,0.786087,0.110564,0.000037,-0.000018,0.355415,-0.102574,0.021872,0.863366,-0.178170,0.000038,0.000020
0.069971,-0.012615,0.778373,-0.011364,0.021769,0.019674,0.999505,-0.167040,0.027637,0.005414,0.246969,-0.174246,-0.012673,-0.142620,-0.067748,-0.089516,0.224826,-0.146932,0.063854,-0.028219,0.000000,0.000000,0.497161,0.148107,-0.143688,0.787860,0.111657,0.000037,-0.000019,0.354623,-0.103552,0.024182,0.863696,-0.178379,0.000038,0.000020
0.069999,-0.012418,0.778443,-0.011328,0.021770,0.018849,0.999521,-0.167202,0.027819,0.006927,0.247755,-0.173703,-0.013614,-0.142594,-0.067616,-0.087836,0.224014,-0.145762,0.064269,-0.028206,0.000000,0.000000,0.496613,0.149625,-0.146748,0.789390,0.112864,0.000037,-0.000019,0.354102,-0.104745,0.026467,0.863769,-0.178986,0.000038,0.000020
0.070029,-0.012227,0.778511,-0.011306,0.021768,0.018125,0.999535,-0.167386,0.027971,0.008258,0.248530,-0.173188,-0.014563,-0.142571,-0.067518,-0.086330,0.223358,-0.144718,0.064647,-0.028282,0.000000,0.000000,0.496081,0.151373,-0.148958,0.790694,0.114197,0.000037,-0.000018,0.353918,-0.105837,0.028329,0.863779,-0.179636,0.000038,0.000020
0.070052,-0.012035,0.778575,-0.011264,0.021762,0.017512,0.999546,-0.167623,0.028006,0.009398,0.249352,-0.172703,-0.015479,-0.142560,-0.067537,-0.085013,0.222814,-0.143712,0.065021,-0.028416,0.000000,0.000000,0.495500,0.153274,-0.150788,0.791801,0.115773,0.000037,-0.000018,0.354069,-0.106651,0.029483,0.863783,-0.180123,0.000038,0.000019
0.070059,-0.011852,0.778636,-0.011210,0.021747,0.017013,0.999556,-0.167923,0.027950,0.010320,0.250215,-0.172229,-0.016394,-0.142528,-0.067630,-0.083884,0.222329,-0.142730,0.065341,-0.028622,0.000000,0.000000,0.494904,0.155236,-0.151915,0.792646,0.117197,0.000037,-0.000018,0.354446,-0.107145,0.029949,0.863844,-0.180441,0.000038,0.000019
0.070052,-0.011677,0.778694,-0.011152,0.021735,0.016680,0.999562,-0.168306,0.027790,0.010948,0.251057,-0.171702,-0.017312,-0.142476,-0.067819,-0.083054,0.221940,-0.141813,0.065615,-0.028939,0.000000,0.000000,0.494204,0.157405,-0.152448,0.793180,0.118584,0.000037,-0.000018,0.354908,-0.107456,0.029945,0.864017,-0.180718,0.000038,0.000019
0.070040,-0.011502,0.778749,-0.011065,0.021720,0.016722,0.999563,-0.168758,0.027314,0.010924,0.251863,-0.171159,-0.018165,-0.142307,-0.068302,-0.082867,0.221570,-0.140987,0.065909,-0.029145,0.000000,0.000000,0.493304,0.159733,-0.153271,0.793556,0.120063,0.000037,-0.000018,0.355481,-0.107757,0.029609,0.864348,-0.181017,0.000038,0.000019
0.070026,-0.011317,0.778803,-0.010955,0.021707,0.016955,0.999561,-0.169270,0.026635,0.010548,0.252688,-0.170617,-0.019016,-0.142062,-0.068977,-0.083053,0.221157,-0.140138,0.066200,-0.029227,0.000000,0.000000,0.492285,0.161865,-0.154240,0.793957,0.121056,0.000037,-0.000018,0.356082,-0.108117,0.029273,0.864688,-0.181455,0.000038,0.000019
0.070011,-0.011127,0.778854,-0.010824,0.021689,0.017297,0.999557,-0.169787,0.025828,0.009978,0.253505,-0.170128,-0.019819,-0.141771,-0.069777,-0.083449,0.220760,-0.139329,0.066495,-0.029194,0.000000,0.000000,0.491226,0.163774,-0.155365,0.794299,0.121527,0.000037,-0.000017,0.356688,-0.108512,0.029003,0.865040,-0.181977,0.000038,0.000019
0.069994,-0.010929,0.778904,-0.010680,0.021659,0.017640,0.999553,-0.170268,0.024979,0.009409,0.254296,-0.169687,-0.020579,-0.141460,-0.070615,-0.083839,0.220377,-0.138558,0.066827,-0.029123,0.000000,0.000000,0.490185,0.165590,-0.156549,0.794458,0.121781,0.000037,-0.000018,0.357270,-0.108934,0.028861,0.865350,-0.182554,0.000038,0.000019
0.069984,-0.010739,0.778951,-0.010541,0.021612,0.017964,0.999549,-0.170674,0.024163,0.008867,0.255045,-0.169281,-0.021325,-0.141123,-0.071420,-0.084198,0.220007,-0.137837,0.067190,-0.029011,0.000000,0.000000,0.489210,0.167475,-0.157532,0.794376,0.122012,0.000037,-0.000018,0.357876,-0.109311,0.028778,0.865582,-0.183062,0.000038,0.000019
0.069985,-0.010570,0.778998,-0.010414,0.021573,0.018211,0.999547,-0.171019,0.023451,0.008436,0.255707,-0.168866,-0.022051,-0.140821,-0.072128,-0.084447,0.219667,-0.137182,0.067573,-0.028899,0.000000,0.000000,0.488339,0.169340,-0.157760,0.794028,0.121876,0.000037,-0.000018,0.358432,-0.109651,0.028914,0.865642,-0.183596,0.000038,0.000019
0.069991,-0.010402,0.779046,-0.010280,0.021536,0.018395,0.999546,-0.171314,0.022778,0.008141,0.256324,-0.168467,-0.022775,-0.140542,-0.072801,-0.084569,0.219319,-0.136504,0.067936,-0.028777,0.000000,0.000000,0.487628,0.170950,-0.157392,0.793438,0.121180,0.000036,-0.000018,0.358923,-0.109982,0.029292,0.865598,-0.184026,0.000038,0.000019
0.070001,-0.010245,0.779093,-0.010148,0.021514,0.018505,0.999546,-0.171590,0.022176,0.007984,0.256898,-0.168074,-0.023473,-0.140321,-0.073409,-0.084570,0.218970,-0.135831,0.068278,-0.028646,0.000000,0.000000,0.487062,0.172455,-0.156785,0.792677,0.120184,0.000036,-0.000017,0.359287,-0.110282,0.029971,0.865568,-0.184290,0.000038,0.000019
0.070014,-0.010086,0.779138,-0.010002,0.021492,0.018539,0.999547,-0.171834,0.021598,0.007975,0.257479,-0.167731,-0.024125,-0.140133,-0.073998,-0.084407,0.218636,-0.135207,0.068673,-0.028497,0.000000,0.000000,0.486628,0.173926,-0.156165,0.791831,0.119026,0.000036,-0.000017,0.359552,-0.110720,0.030974,0.865598,-0.184467,0.000038,0.000019
0.070029,-0.009926,0.779179,-0.009863,0.021465,0.018506,0.999550,-0.172056,0.021081,0.008090,0.258094,-0.167458,-0.024741,-0.139966,-0.074530,-0.084123,0.218315,-0.134604,0.069087,-0.028323,0.000000,0.000000,0.486225,0.175605,-0.155921,0.791056,0.118037,0.000036,-0.000017,0.359776,-0.111385,0.032450,0.865663,-0.184723,0.000038,0.000019
0.070040,-0.009784,0.779218,-0.009762,0.021430,0.018472,0.999552,-0.172261,0.020669,0.008179,0.258691,-0.167179,-0.025369,-0.139813,-0.074964,-0.083874,0.218065,-0.134081,0.069488,-0.028094,0.000000,0.000000,0.485740,0.177999,-0.156633,0.790508,0.117875,0.000036,-0.000017,0.360022,-0.112231,0.034629,0.865678,-0.185098,0.000038,0.000019
0.070054,-0.009651,0.779256,-0.009685,0.021401,0.018346,0.999556,-0.172468,0.020386,0.008415,0.259327,-0.166959,-0.026039,-0.139699,-0.075281,-0.083476,0.217814,-0.133575,0.069869,-0.027898,0.000000,0.000000,0.485220,0.180857,-0.158148,0.790124,0.118341,0.000036,-0.000017,0.360181,-0.113236,0.037326,0.865700,-0.185488,0.000038,0.000019
0.070065,-0.009526,0.779293,-0.009644,0.021370,0.018212,0.999559,-0.172674,0.020196,0.008647,0.259949,-0.166737,-0.026727,-0.139589,-0.075501,-0.083073,0.217587,-0.133108,0.070224,-0.027721,0.000000,0.000000,0.484739,0.183667,-0.160025,0.789786,0.118574,0.000036,-0.000017,0.360274,-0.114272,0.040215,0.865797,-0.185616,0.000038,0.000019
0.070071,-0.009409,0.779330,-0.009628,0.021337,0.018072,0.999563,-0.172874,0.020077,0.008874,0.260530,-0.166511,-0.027407,-0.139489,-0.075652,-0.082679,0.217383,-0.132673,0.070576,-0.027598,0.000000,0.000000,0.484349,0.186309,-0.161886,0.789384,0.118327,0.000036,-0.000017,0.360218,-0.115348,0.043191,0.865970,-0.185506,0.000037,0.000019
0.070072,-0.009301,0.779366,-0.009620,0.021308,0.017898,0.999566,-0.173074,0.020014,0.009154,0.261063,-0.166254,-0.028102,-0.139409,-0.075751,-0.082241,0.217196,-0.132240,0.070884,-0.027615,0.000000,0.000000,0.484008,0.188890,-0.163853,0.788887,0.117821,0.000036,-0.000017,0.359979,-0.116536,0.046309,0.866072,-0.185389,0.000037,0.000019
0.070069,-0.009201,0.779402,-0.009582,0.021281,0.017741,0.999570,-0.173255,0.019901,0.009440,0.261530,-0.166005,-0.028778,-0.139356,-0.075905,-0.081809,0.217053,-0.131832,0.071195,-0.027777,0.000000,0.000000,0.483628,0.191617,-0.166134,0.788237,0.117513,0.000036,-0.000018,0.359586,-0.117852,0.049404,0.865935,-0.185271,0.000037,0.000019
0.070066,-0.009108,0.779436,-0.009502,0.021261,0.017652,0.999573,-0.173452,0.019669,0.009631,0.262000,-0.165762,-0.029450,-0.139306,-0.076173,-0.081474,0.216915,-0.131442,0.071498,-0.027948,0.000000,0.000000,0.483148,0.194411,-0.168554,0.787479,0.117424,0.000036,-0.000018,0.359179,-0.119144,0.052163,0.865614,-0.184889,0.000037,0.000019
0.070058,-0.009018,0.779469,-0.009401,0.021242,0.017584,0.999576,-0.173651,0.019379,0.009793,0.262453,-0.165510,-0.030084,-0.139262,-0.076498,-0.081171,0.216783,-0.131067,0.071824,-0.028132,0.000000,0.000000,0.482645,0.197059,-0.170642,0.786694,0.117175,0.000036,-0.000018,0.358813,-0.120368,0.054520,0.865173,-0.184108,0.000037,0.000019
0.070044,-0.008939,0.779503,-0.009294,0.021221,0.017532,0.999578,-0.173847,0.019078,0.009915,0.262885,-0.165245,-0.030720,-0.139220,-0.076833,-0.080914,0.216656,-0.130708,0.072160,-0.028321,0.000000,0.000000,0.482090,0.199523,-0.172152,0.785931,0.116754,0.000036,-0.000018,0.358527,-0.121558,0.056595,0.864641,-0.183096,0.000037,0.000019
0.070028,-0.008866,0.779534,-0.009160,0.021204,0.017516,0.999580,-0.174053,0.018708,0.009991,0.263313,-0.164996,-0.031347,-0.139176,-0.077239,-0.080722,0.216514,-0.130352,0.072456,-0.028468,0.000000,0.000000,0.481436,0.201801,-0.173077,0.785199,0.116214,0.000036,-0.000018,0.358310,-0.122892,0.058552,0.864036,-0.182166,0.000037,0.000019
0.070008,-0.008808,0.779566,-0.009037,0.021181,0.017507,0.999582,-0.174249,0.018378,0.010037,0.263724,-0.164734,-0.031998,-0.139113,-0.077604,-0.080560,0.216363,-0.130026,0.072758,-0.028589,0.000000,0.000000,0.480710,0.203971,-0.173741,0.784617,0.115642,0.000036,-0.000018,0.358130,-0.124726,0.060869,0.863475,-0.182053,0.000037,0.000019
0.069988,-0.008759,0.779597,-0.008919,0.021149,0.017510,0.999583,-0.174420,0.018062,0.010049,0.264118,-0.164488,-0.032655,-0.139033,-0.077956,-0.080424,0.216210,-0.129712,0.073075,-0.028668,0.000000,0.000000,0.479938,0.206028,-0.174474,0.784080,0.115144,0.000036,-0.000018,0.358017,-0.126828,0.063299,0.862967,-0.182388,0.000037,0.000019
0.069967,-0.008718,0.779629,-0.008810,0.021118,0.017509,0.999585,-0.174586,0.017782,0.010062,0.264502,-0.164252,-0.033332,-0.138951,-0.078276,-0.080308,0.216055,-0.129423,0.073360,-0.028718,0.000000,0.000000,0.479165,0.207894,-0.175212,0.783536,0.114632,0.000035,-0.000017,0.357961,-0.128829,0.065322,0.862496,-0.182520,0.000037,0.000019
0.069944,-0.008685,0.779660,-0.008715,0.021087,0.017511,0.999586,-0.174751,0.017546,0.010044,0.264870,-0.164012,-0.034076,-0.138870,-0.078548,-0.080206,0.215907,-0.129153,0.073635,-0.028747,0.000000,0.000000,0.478425,0.209624,-0.176071,0.782908,0.114202,0.000035,-0.000017,0.357964,-0.130649,0.066859,0.862063,-0.182331,0.000037,0.000019
0.069919,-0.008662,0.779691,-0.008638,0.021060,0.017526,0.999587,-0.174927,0.017346,0.009977,0.265222,-0.163748,-0.034841,-0.138787,-0.078782,-0.080139,0.215749,-0.128891,0.073892,-0.028750,0.000000,0.000000,0.477767,0.211226,-0.176959,0.782225,0.113767,0.000035,-0.000017,0.358009,-0.132435,0.068166,0.861679,-0.182171,0.000037,0.000019
0.069899,-0.008649,0.779721,-0.008575,0.021025,0.017545,0.999588,-0.175067,0.017190,0.009907,0.265556,-0.163538,-0.035577,-0.138692,-0.078975,-0.080097,0.215607,-0.128653,0.074146,-0.028717,0.000000,0.000000,0.477264,0.212701,-0.177910,0.781498,0.113293,0.000035,-0.000017,0.358117,-0.134206,0.069442,0.861349,-0.182245,0.000037,0.000019
0.069875,-0.008644,0.779752,-0.008519,0.020996,0.017565,0.999589,-0.175226,0.017059,0.009819,0.265884,-0.163312,-0.036338,-0.138610,-0.079143,-0.080065,0.215470,-0.128413,0.074388,-0.028661,0.000000,0.000000,0.476852,0.214145,-0.179032,0.780750,0.112863,0.000035,-0.000017,0.358241,-0.135848,0.070656,0.861014,-0.182372,0.000037,0.000019
0.069847,-0.008647,0.779782,-0.008464,0.020968,0.017592,0.999590,-0.175404,0.016940,0.009721,0.266212,-0.163075,-0.037061,-0.138535,-0.079297,-0.080045,0.215358,-0.128188,0.074594,-0.028615,0.000000,0.000000,0.476531,0.215577,-0.180316,0.780064,0.112468,0.000035,-0.000017,0.358351,-0.137228,0.071669,0.860670,-0.182304,0.000037,0.000019
0.069820,-0.008655,0.779811,-0.008409,0.020941,0.017631,0.999590,-0.175588,0.016820,0.009598,0.266535,-0.162815,-0.037769,-0.138466,-0.079448,-0.080063,0.215277,-0.128003,0.074776,-0.028595,0.000000,0.000000,0.476291,0.216951,-0.181691,0.779509,0.111996,0.000035,-0.000017,0.358407,-0.138359,0.072463,0.860381,-0.182008,0.000037,0.000019
0.069795,-0.008663,0.779839,-0.008353,0.020918,0.017708,0.999589,-0.175776,0.016675,0.009412,0.266838,-0.162549,-0.038444,-0.138400,-0.079623,-0.080145,0.215224,-0.127843,0.074957,-0.028575,0.000000,0.000000,0.476056,0.218340,-0.183257,0.779120,0.111608,0.000035,-0.000017,0.358418,-0.139364,0.073087,0.860162,-0.181640,0.000037,0.000019
0.069773,-0.008674,0.779866,-0.008294,0.020885,0.017813,0.999589,-0.175962,0.016503,0.009172,0.267170,-0.162325,-0.039102,-0.138300,-0.079819,-0.080273,0.215180,-0.127719,0.075149,-0.028563,0.000000,0.000000,0.475843,0.219764,-0.184999,0.778942,0.111322,0.000035,-0.000017,0.358401,-0.140318,0.073811,0.860068,-0.181419,0.000037,0.000019
0.069753,-0.008685,0.779891,-0.008223,0.020852,0.017950,0.999588,-0.176146,0.016286,0.008886,0.267487,-0.162100,-0.039718,-0.138186,-0.080055,-0.080448,0.215146,-0.127603,0.075318,-0.028552,0.000000,0.000000,0.475636,0.221173,-0.186904,0.778856,0.111047,0.000035,-0.000017,0.358324,-0.141215,0.074571,0.860078,-0.181264,0.000037,0.000019
0.069735,-0.008694,0.779915,-0.008151,0.020817,0.018107,0.999586,-0.176331,0.016052,0.008577,0.267809,-0.161900,-0.040276,-0.138060,-0.080311,-0.080663,0.215134,-0.127518,0.075493,-0.028567,0.000000,0.000000,0.475468,0.222494,-0.188818,0.778822,0.110640,0.000035,-0.000017,0.358181,-0.141960,0.075297,0.860159,-0.181009,0.000037,0.000019
0.069719,-0.008700,0.779937,-0.008068,0.020779,0.018290,0.999584,-0.176519,0.015772,0.008231,0.268148,-0.161724,-0.040806,-0.137920,-0.080611,-0.080919,0.215146,-0.127467,0.075687,-0.028610,0.000000,0.000000,0.475343,0.223749,-0.190790,0.778768,0.110122,0.000035,-0.000017,0.358002,-0.142618,0.075926,0.860293,-0.180653,0.000037,0.000019
0.069705,-0.008707,0.779959,-0.007982,0.020744,0.018484,0.999582,-0.176709,0.015477,0.007852,0.268475,-0.161535,-0.041341,-0.137793,-0.080919,-0.081189,0.215184,-0.127422,0.075874,-0.028679,0.000000,0.000000,0.475258,0.224989,-0.192835,0.778662,0.109525,0.000035,-0.000017,0.357750,-0.143278,0.076662,0.860448,-0.180308,0.000037,0.000019
0.069693,-0.008710,0.779979,-0.007896,0.020710,0.018679,0.999580,-0.176901,0.015173,0.007479,0.268816,-0.161362,-0.041810,-0.137680,-0.081235,-0.081455,0.215250,-0.127402,0.076047,-0.028774,0.000000,0.000000,0.475204,0.226242,-0.195015,0.778539,0.108825,0.000035,-0.000017,0.357409,-0.143952,0.077677,0.860617,-0.179950,0.000037,0.000019
0.069682,-0.008714,0.779999,-0.007805,0.020673,0.018867,0.999578,-0.177077,0.014864,0.007122,0.269154,-0.161196,-0.042280,-0.137570,-0.081554,-0.081697,0.215332,-0.127389,0.076246,-0.028885,0.000000,0.000000,0.475188,0.227557,-0.197347,0.778382,0.108026,0.000035,-0.000017,0.357024,-0.144703,0.079064,0.860770,-0.179573,0.000037,0.000018
0.069670,-0.008718,0.780017,-0.007720,0.020634,0.019069,0.999575,-0.177240,0.014561,0.006741,0.269471,-0.161033,-0.042735,-0.137471,-0.081867,-0.081963,0.215442,-0.127371,0.076441,-0.028975,0.000000,0.000000,0.475228,0.229009,-0.199916,0.778129,0.107174,0.000035,-0.000017,0.356596,-0.145480,0.080805,0.860911,-0.178991,0.000037,0.000018
0.069657,-0.008716,0.780033,-0.007624,0.020593,0.019285,0.999573,-0.177441,0.014215,0.006339,0.269863,-0.160895,-0.043165,-0.137375,-0.082222,-0.082240,0.215606,-0.127409,0.076663,-0.029079,0.000000,0.000000,0.475318,0.230601,-0.202892,0.777744,0.106281,0.000035,-0.000017,0.356117,-0.146389,0.082834,0.861002,-0.178199,0.000037,0.000018
0.069644,-0.008713,0.780048,-0.007529,0.020548,0.019497,0.999570,-0.177640,0.013865,0.005933,0.270273,-0.160760,-0.043617,-0.137283,-0.082583,-0.082516,0.215798,-0.127475,0.076896,-0.029202,0.000000,0.000000,0.475466,0.232365,-0.206422,0.777141,0.105435,0.000035,-0.000017,0.355511,-0.147478,0.085573,0.861001,-0.177411,0.000037,0.000018
0.069634,-0.008705,0.780061,-0.007429,0.020496,0.019700,0.999568,-0.177826,0.013504,0.005544,0.270706,-0.160672,-0.044095,-0.137195,-0.082952,-0.082754,0.216033,-0.127562,0.077100,-0.029359,0.000000,0.000000,0.475723,0.234319,-0.210552,0.776237,0.104605,0.000044,-0.000024,0.354654,-0.148980,0.089742,0.860813,-0.177178,0.000045,0.000026
0.069626,-0.008692,0.780074,-0.007325,0.020435,0.019902,0.999566,-0.177977,0.013126,0.005160,0.271129,-0.160593,-0.044565,-0.137083,-0.083336,-0.082996,0.216252,-0.127627,0.077320,-0.029520,0.000000,0.000000,0.476058,0.236375,-0.215030,0.774943,0.103818,0.000078,-0.000053,0.353624,-0.150842,0.094827,0.860544,-0.177403,0.000079,0.000056
0.069618,-0.008673,0.780088,-0.007227,0.020371,0.020082,0.999565,-0.178116,0.012766,0.004810,0.271565,-0.160541,-0.045017,-0.136978,-0.083706,-0.083207,0.216464,-0.127688,0.077520,-0.029674,0.000000,0.000000,0.476377,0.238426,-0.219524,0.772969,0.103130,0.000078,-0.000054,0.352535,-0.152701,0.099840,0.860298,-0.177364,0.000079,0.000057
0.069610,-0.008643,0.780100,-0.007133,0.020310,0.020234,0.999564,-0.178246,0.012420,0.004517,0.271994,-0.160503,-0.045459,-0.136878,-0.084062,-0.083369,0.216636,-0.127716,0.077709,-0.029810,0.000000,0.000000,0.476507,0.240373,-0.223640,0.770228,0.102542,0.000077,-0.000054,0.351432,-0.154403,0.104218,0.860154,-0.176797,0.000079,0.000058
0.069603,-0.008606,0.780112,-0.007050,0.020249,0.020355,0.999563,-0.178374,0.012101,0.004284,0.272447,-0.160485,-0.045905,-0.136783,-0.084395,-0.083477,0.216789,-0.127721,0.077928,-0.029921,0.000000,0.000000,0.476389,0.242065,-0.227263,0.767096,0.101927,0.000077,-0.000054,0.350302,-0.156024,0.107902,0.860074,-0.175957,0.000079,0.000058
0.069598,-0.008564,0.780123,-0.006982,0.020190,0.020446,0.999563,-0.178496,0.011824,0.004085,0.272896,-0.160450,-0.046349,-0.136696,-0.084682,-0.083538,0.216934,-0.127726,0.078162,-0.030009,0.000000,0.000000,0.476041,0.243429,-0.230484,0.764233,0.101260,0.000077,-0.000054,0.349183,-0.157623,0.111040,0.859992,-0.175065,0.000080,0.000058
0.069595,-0.008513,0.780132,-0.006921,0.020127,0.020523,0.999563,-0.178601,0.011559,0.003917,0.273345,-0.160437,-0.046721,-0.136605,-0.084956,-0.083574,0.217076,-0.127715,0.078391,-0.030062,0.000000,0.000000,0.475493,0.244584,-0.233423,0.761929,0.100682,0.000077,-0.000055,0.348075,-0.159253,0.114016,0.860018,-0.174261,0.000080,0.000058
0.069595,-0.008463,0.780141,-0.006874,0.020066,0.020587,0.999563,-0.178709,0.011329,0.003765,0.273810,-0.160456,-0.047095,-0.136516,-0.085196,-0.083588,0.217216,-0.127710,0.078626,-0.030089,0.000000,0.000000,0.474727,0.245568,-0.236012,0.760229,0.100173,0.000077,-0.000055,0.346999,-0.160841,0.116961,0.860212,-0.173477,0.000080,0.000058
0.069595,-0.008413,0.780148,-0.006830,0.020010,0.020656,0.999563,-0.178832,0.011100,0.003602,0.274286,-0.160470,-0.047471,-0.136437,-0.085435,-0.083614,0.217371,-0.127725,0.078853,-0.030089,0.000000,0.000000,0.473767,0.246390,-0.238332,0.759051,0.099669,0.000077,-0.000055,0.345980,-0.162387,0.119931,0.860572,-0.172649,0.000080,0.000058
0.069598,-0.008362,0.780155,-0.006790,0.019957,0.020720,0.999563,-0.178953,0.010880,0.003435,0.274741,-0.160486,-0.047865,-0.136366,-0.085664,-0.083634,0.217537,-0.127752,0.079064,-0.030083,0.000000,0.000000,0.472649,0.247082,-0.240548,0.758347,0.099211,0.000077,-0.000055,0.345014,-0.163996,0.123153,0.860972,-0.171916,0.000080,0.000058
0.069602,-0.008313,0.780162,-0.006756,0.019908,0.020774,0.999563,-0.179074,0.010684,0.003300,0.275164,-0.160491,-0.048206,-0.136288,-0.085870,-0.083637,0.217694,-0.127789,0.079283,-0.030133,0.000000,0.000000,0.471367,0.247680,-0.242708,0.757935,0.098812,0.000077,-0.000055,0.344098,-0.165747,0.126842,0.861229,-0.171351,0.000080,0.000058
0.069608,-0.008264,0.780169,-0.006720,0.019869,0.020852,0.999563,-0.179221,0.010469,0.003124,0.275582,-0.160489,-0.048565,-0.136214,-0.086093,-0.083683,0.217856,-0.127853,0.079469,-0.030236,0.000000,0.000000,0.469943,0.248285,-0.244867,0.757430,0.098493,0.000077,-0.000055,0.343229,-0.167626,0.130984,0.861301,-0.170881,0.000080,0.000058
0.069613,-0.008222,0.780177,-0.006687,0.019838,0.020969,0.999561,-0.179374,0.010247,0.002882,0.275971,-0.160481,-0.048925,-0.136149,-0.086319,-0.083806,0.218024,-0.127922,0.079641,-0.030358,0.000000,0.000000,0.468481,0.248940,-0.246927,0.756701,0.098190,0.000077,-0.000055,0.342412,-0.169533,0.135414,0.861309,-0.170442,0.000080,0.000058
0.069621,-0.008187,0.780186,-0.006657,0.019812,0.021100,0.999559,-0.179517,0.010030,0.002609,0.276324,-0.160467,-0.049282,-0.136088,-0.086543,-0.083973,0.218188,-0.127989,0.079811,-0.030486,0.000000,0.000000,0.467089,0.249587,-0.248755,0.755726,0.097811,0.000077,-0.000055,0.341637,-0.171364,0.139727,0.861472,-0.169961,0.000080,0.000059
0.069631,-0.008157,0.780195,-0.006625,0.019784,0.021247,0.999557,-0.179631,0.009808,0.002296,0.276618,-0.160434,-0.049634,-0.136011,-0.086768,-0.084173,0.218338,-0.128042,0.079975,-0.030609,0.000000,0.000000,0.465861,0.250224,-0.250331,0.754483,0.097424,0.000077,-0.000055,0.340964,-0.173031,0.143566,0.861875,-0.169546,0.000080,0.000059
0.069643,-0.008130,0.780206,-0.006577,0.019765,0.021401,0.999554,-0.179738,0.009553,0.001997,0.276862,-0.160377,-0.049974,-0.135932,-0.087030,-0.084396,0.218449,-0.128091,0.080125,-0.030723,0.000000,0.000000,0.464872,0.250787,-0.251705,0.752989,0.097207,0.000077,-0.000056,0.340443,-0.174417,0.146409,0.862384,-0.169432,0.000080,0.000059
